month,companyId,symbol,name,sector,priceChange,isListed,fiscalYearBS
Jestha,11,EBL,Everest Bank Limited,Commercial Banks,0.03,True,2079/2080
Jestha,37,SBI,Nepal SBI Bank Limited,Commercial Banks,1.63,True,2079/2080
Jestha,46,SANIMA,Sanima Bank Limited,Commercial Banks,0.91,True,2079/2080
Jestha,50,SCB,Standard Chartered Bank Limited,Commercial Banks,0.49,True,2079/2080
Jestha,62,GBBL,Garima Bikas Bank Limited,Development Banks,0.48,True,2079/2080
Jestha,84,MNBBL,Muktinath Bikas Bank Ltd.,Development Banks,0.21,True,2079/2080
Jestha,100,SHINE,Shine Resunga Development Bank Ltd.,Development Banks,-0.22,True,2079/2080
Jestha,210,NIL,Neco Insurance Co. Ltd.,Non Life Insurance,0.99,True,2079/2080
Jestha,211,NICL,Nepal Insurance Co. Ltd.,Non Life Insurance,1.02,True,2079/2080
Jestha,225,SICL,Shikhar Insurance Co. Ltd.,Non Life Insurance,0.18,True,2079/2080
Jestha,229,UIC,United Insurance Co. (Nepal) Ltd.,Non Life Insurance,-0.75,False,2079/2080
Jestha,873,SALICO,Sagarmatha Lumbini Insurance Company Limited,Non Life Insurance,0.68,True,2079/2080
Jestha,247,LICN,Life Insurance Corporation (Nepal) Limited,Life Insurance,-0.72,True,2079/2080
Jestha,249,NLICL,National Life Insurance Co. Ltd.,Life Insurance,0.2,True,2079/2080
Jestha,251,NLIC,Nepal Life Insurance Co. Ltd.,Life Insurance,0.1,True,2079/2080
Jestha,611,MEN,Mountain Energy Nepal Limited,Hydro Power,-0.33,True,2079/2080
Jestha,760,SAHAS,Sahas Urja Ltd.,Hydro Power,0.76,True,2079/2080
Jestha,832,PHCL,Peoples Hydropower Company Limited,Hydro Power,0.06,True,2079/2080
Jestha,236,BNT,Bottlers Nepal (Terai) Limited,Manufacturing and Processing,-1.77,True,2079/2080
Jestha,238,HDL,Himalayan Distillery Limited,Manufacturing and Processing,0.59,True,2079/2080
Jestha,189,NEF,Nabil Equity Fund,Mutual Fund,0.2,True,2079/2080
Jestha,194,NMBHF1,NMB Hybrid Fund L-1,Mutual Fund,-1.4,True,2079/2080
Chaitra,11,EBL,Everest Bank Limited,Commercial Banks,0.03,True,2082/2083
Chaitra,13,GBIME,Global IME Bank Limited,Commercial Banks,0.68,True,2082/2083
Chaitra,27,NABIL,Nabil Bank Limited,Commercial Banks,0.4,True,2082/2083
Chaitra,44,PCBL,Prime Commercial Bank Limited,Commercial Banks,0.63,True,2082/2083
Chaitra,46,SANIMA,Sanima Bank Limited,Commercial Banks,0.91,True,2082/2083
Chaitra,50,SCB,Standard Chartered Bank Limited,Commercial Banks,0.49,True,2082/2083
Chaitra,62,GBBL,Garima Bikas Bank Limited,Development Banks,0.48,True,2082/2083
Chaitra,70,KSBBL,Kamana Sewa Bikas Bank Limited,Development Banks,-0.39,True,2082/2083
Chaitra,1095,SABBL,Salapa Bikas Bank Limited,Development Banks,2.17,True,2082/2083
Chaitra,265,CBBL,Chhimek Laghubitta Bittiya Sanstha Limited,Microfinance,0.22,True,2082/2083
Chaitra,285,ILBS,Infinity Laghubitta Bittiya Sanstha Limited,Microfinance,0.11,True,2082/2083
Chaitra,1050,SWASTIK,Swastik Laghubita Bittiya Sanstha Limited,Microfinance,1.6,True,2082/2083
Chaitra,826,HEI,Himalayan Everest Insurance Limited,Non Life Insurance,0.77,True,2082/2083
Chaitra,873,SALICO,Sagarmatha Lumbini Insurance Company Limited,Non Life Insurance,0.68,True,2082/2083
Chaitra,876,SPIL,Siddhartha Premier Insurance Company Limited,Non Life Insurance,1.26,True,2082/2083
Chaitra,249,NLICL,National Life Insurance Co. Ltd.,Life Insurance,0.2,True,2082/2083
Chaitra,846,SJLIC,Suryajyoti Life Insurance Company Limited,Life Insurance,-0.46,True,2082/2083
Chaitra,152,API,Api Power Company Ltd.,Hydro Power,0.79,True,2082/2083
Chaitra,169,NGPL,Ngadi Group Power Ltd.,Hydro Power,1.01,True,2082/2083
Chaitra,176,SHPC,Sanima Mai Hydropower Ltd.,Hydro Power,0.13,True,2082/2083
Chaitra,178,SPDL,Synergy Power Development Ltd.,Hydro Power,-0.15,True,2082/2083
Chaitra,180,UMHL,United Modi Hydropower Ltd.,Hydro Power,-0.35,True,2082/2083
Chaitra,611,MEN,Mountain Energy Nepal Limited,Hydro Power,-0.33,True,2082/2083
Chaitra,617,UMRH,United IDI Mardi and RB Hydropower Ltd,Hydro Power,0.57,True,2082/2083
Chaitra,760,SAHAS,Sahas Urja Ltd.,Hydro Power,0.76,True,2082/2083
Chaitra,788,RFPL,River Falls Power Limited,Hydro Power,1.13,True,2082/2083
Chaitra,853,TAMOR,Sanima Middle Tamor Hydropower,Hydro Power,1.34,True,2082/2083
Chaitra,856,MAKAR,Makar Jitumaya Suri Hydropower Limited,Hydro Power,1.94,True,2082/2083
Chaitra,938,SIPD,Shikhar Power Development Limited,Hydro Power,2.0,True,2082/2083
Chaitra,993,HIMSTAR,Him Star Urja Company Limited,Hydro Power,4.32,True,2082/2083
Chaitra,994,DHEL,Daramkhola Hydro Energy Limited,Hydro Power,6.05,True,2082/2083
Chaitra,995,BJHL,Bhujung Hydropower Limited,Hydro Power,3.03,True,2082/2083
Chaitra,996,SANVI,Sanvi Energy Limited,Hydro Power,4.69,True,2082/2083
Chaitra,1000,MABEL,Mabilung Energy Limited,Hydro Power,9.35,True,2082/2083
Chaitra,1001,SOHL,Solu Hydropower Limited,Hydro Power,0.44,True,2082/2083
Chaitra,1003,BHCL,Bikash Hydropower Company Limited,Hydro Power,6.39,True,2082/2083
Chaitra,1004,RLEL,Ridge Line Energy Limited,Hydro Power,2.79,True,2082/2083
Chaitra,1009,BUNGAL,Bungal Hydro Limited,Hydro Power,9.12,True,2082/2083
Chaitra,1016,SKHL,Super Khudi Hydropower Limited,Hydro Power,6.74,True,2082/2083
Chaitra,1023,SKHEL,Suryakunda Hydro Electric Limited,Hydro Power,1.91,True,2082/2083
Chaitra,149,SHL,Soaltee Hotel Limited,Hotels and Tourism,0.22,True,2082/2083
Chaitra,986,HFIN,Hotel Forest Inn Limited,Hotels and Tourism,4.17,True,2082/2083
Chaitra,989,BANDIPUR,Bandipur Cable Car and Tourism Limited,Hotels and Tourism,1.85,True,2082/2083
Chaitra,238,HDL,Himalayan Distillery Limited,Manufacturing and Processing,0.59,True,2082/2083
Chaitra,242,UNL,Unilever Nepal Limited,Manufacturing and Processing,0.92,True,2082/2083
Chaitra,1035,SYPNL,SY Panel Nepal Limited,Manufacturing and Processing,1.54,True,2082/2083
Chaitra,1040,PCIL,Palpa Cement Industries Limited,Manufacturing and Processing,1.85,True,2082/2083
Chaitra,1047,SAGAR,Sagar Distillery Limited,Manufacturing and Processing,2.51,True,2082/2083
Chaitra,1089,SAIL,Shreenagar Agritech Industries Limited,Manufacturing and Processing,2.29,True,2082/2083
Chaitra,231,CIT,Citizen Investment Trust,Investment,0.03,True,2082/2083
Chaitra,572,NRN,NRN Infrastructure and Development Limited,Investment,1.75,True,2082/2083
Chaitra,891,TTL,Trade Tower Ltd.,Others,4.52,True,2082/2083
Chaitra,945,HRL,Himalayan Re-Insurance Limited,Others,0.22,True,2082/2083
Chaitra,1022,JHAPA,Jhapa Energy Limited,Others,6.69,True,2082/2083
Chaitra,764,MMF1,Mega Mutual Fund - 1,Mutual Fund,1.16,True,2082/2083
Chaitra,878,SIGS3,Siddhartha Investment Growth Scheme-3,Mutual Fund,0.93,True,2082/2083
Chaitra,949,NICGF2,NIC Asia Growth Fund-2,Mutual Fund,-0.92,True,2082/2083
Chaitra,954,NIBLSTF,NIBL Stable Fund,Mutual Fund,-0.21,True,2082/2083
Chaitra,982,MNMF1,Muktinath Mutual Fund 1,Mutual Fund,0.0,True,2082/2083
Baisakh,13,GBIME,Global IME Bank Limited,Commercial Banks,0.68,True,2081/2082
Baisakh,27,NABIL,Nabil Bank Limited,Commercial Banks,0.4,True,2081/2082
Baisakh,37,SBI,Nepal SBI Bank Limited,Commercial Banks,1.63,True,2081/2082
Baisakh,40,NMB,NMB Bank Limited,Commercial Banks,1.06,True,2081/2082
Baisakh,46,SANIMA,Sanima Bank Limited,Commercial Banks,0.91,True,2081/2082
Baisakh,50,SCB,Standard Chartered Bank Limited,Commercial Banks,0.49,True,2081/2082
Baisakh,922,LSL,Laxmi Sunrise Bank Limited,Commercial Banks,1.3,True,2081/2082
Baisakh,62,GBBL,Garima Bikas Bank Limited,Development Banks,0.48,True,2081/2082
Baisakh,70,KSBBL,Kamana Sewa Bikas Bank Limited,Development Banks,-0.39,True,2081/2082
Baisakh,84,MNBBL,Muktinath Bikas Bank Ltd.,Development Banks,0.21,True,2081/2082
Baisakh,265,CBBL,Chhimek Laghubitta Bittiya Sanstha Limited,Microfinance,0.22,True,2081/2082
Baisakh,271,FMDBL,First Micro Finance Development Bank Ltd.,Microfinance,-0.59,True,2081/2082
Baisakh,325,RSDC,RSDC Laghubitta Bittiya Sanstha Ltd.,Microfinance,0.57,True,2081/2082
Baisakh,331,SLBSL,Samudayik Laghubitta Bittiya Sanstha Limited,Microfinance,-0.51,True,2081/2082
Baisakh,210,NIL,Neco Insurance Co. Ltd.,Non Life Insurance,0.99,True,2081/2082
Baisakh,826,HEI,Himalayan Everest Insurance Limited,Non Life Insurance,0.77,True,2081/2082
Baisakh,873,SALICO,Sagarmatha Lumbini Insurance Company Limited,Non Life Insurance,0.68,True,2081/2082
Baisakh,876,SPIL,Siddhartha Premier Insurance Company Limited,Non Life Insurance,1.26,True,2081/2082
Baisakh,1052,NMIC,Nepal Micro Insurance Company Limited,Non Life Insurance,-1.44,True,2081/2082
Baisakh,243,ALICL,Asian Life Insurance Co. Limited,Life Insurance,-0.53,True,2081/2082
Baisakh,249,NLICL,National Life Insurance Co. Ltd.,Life Insurance,0.2,True,2081/2082
Baisakh,251,NLIC,Nepal Life Insurance Co. Ltd.,Life Insurance,0.1,True,2081/2082
Baisakh,846,SJLIC,Suryajyoti Life Insurance Company Limited,Life Insurance,-0.46,True,2081/2082
Baisakh,983,GMLI,Guardian Micro-Life Insurance Company Limited,Life Insurance,-0.32,True,2081/2082
Baisakh,1051,CREST,Crest Micro Life Insurance Limited,Life Insurance,14.81,True,2081/2082
Baisakh,152,API,Api Power Company Ltd.,Hydro Power,0.79,True,2081/2082
Baisakh,156,BPCL,Butwal Power Company Limited,Hydro Power,-0.4,True,2081/2082
Baisakh,158,CHCL,Chilime Hydropower Company Limited,Hydro Power,0.63,True,2081/2082
Baisakh,176,SHPC,Sanima Mai Hydropower Ltd.,Hydro Power,0.13,True,2081/2082
Baisakh,180,UMHL,United Modi Hydropower Ltd.,Hydro Power,-0.35,True,2081/2082
Baisakh,611,MEN,Mountain Energy Nepal Limited,Hydro Power,-0.33,True,2081/2082
Baisakh,760,SAHAS,Sahas Urja Ltd.,Hydro Power,0.76,True,2081/2082
Baisakh,788,RFPL,River Falls Power Limited,Hydro Power,1.13,True,2081/2082
Baisakh,853,TAMOR,Sanima Middle Tamor Hydropower,Hydro Power,1.34,True,2081/2082
Baisakh,856,MAKAR,Makar Jitumaya Suri Hydropower Limited,Hydro Power,1.94,True,2081/2082
Baisakh,149,SHL,Soaltee Hotel Limited,Hotels and Tourism,0.22,True,2081/2082
Baisakh,238,HDL,Himalayan Distillery Limited,Manufacturing and Processing,0.59,True,2081/2082
Baisakh,240,SHIVM,Shivam Cement Ltd.,Manufacturing and Processing,0.96,True,2081/2082
Baisakh,242,UNL,Unilever Nepal Limited,Manufacturing and Processing,0.92,True,2081/2082
Baisakh,1039,OMPL,Om Megashree Pharmaceuticals Limited,Manufacturing and Processing,1.72,True,2081/2082
Baisakh,945,HRL,Himalayan Re-Insurance Limited,Others,0.22,True,2081/2082
Baisakh,764,MMF1,Mega Mutual Fund - 1,Mutual Fund,1.16,True,2081/2082
Baisakh,949,NICGF2,NIC Asia Growth Fund-2,Mutual Fund,-0.92,True,2081/2082
Baisakh,954,NIBLSTF,NIBL Stable Fund,Mutual Fund,-0.21,True,2081/2082
Baisakh,982,MNMF1,Muktinath Mutual Fund 1,Mutual Fund,0.0,True,2081/2082
Mangsir,13,GBIME,Global IME Bank Limited,Commercial Banks,0.68,True,2081/2082
Mangsir,27,NABIL,Nabil Bank Limited,Commercial Banks,0.4,True,2081/2082
Mangsir,40,NMB,NMB Bank Limited,Commercial Banks,1.06,True,2081/2082
Mangsir,46,SANIMA,Sanima Bank Limited,Commercial Banks,0.91,True,2081/2082
Mangsir,50,SCB,Standard Chartered Bank Limited,Commercial Banks,0.49,True,2081/2082
Mangsir,922,LSL,Laxmi Sunrise Bank Limited,Commercial Banks,1.3,True,2081/2082
Mangsir,62,GBBL,Garima Bikas Bank Limited,Development Banks,0.48,True,2081/2082
Mangsir,70,KSBBL,Kamana Sewa Bikas Bank Limited,Development Banks,-0.39,True,2081/2082
Mangsir,84,MNBBL,Muktinath Bikas Bank Ltd.,Development Banks,0.21,True,2081/2082
Mangsir,112,CFCL,Central Finance Limited,Finance,0.64,True,2081/2082
Mangsir,132,NFS,Nepal Finance Ltd.,Finance,0.37,True,2081/2082
Mangsir,265,CBBL,Chhimek Laghubitta Bittiya Sanstha Limited,Microfinance,0.22,True,2081/2082
Mangsir,271,FMDBL,First Micro Finance Development Bank Ltd.,Microfinance,-0.59,True,2081/2082
Mangsir,284,GLBSL,Gurans Laghubitta Bittiya Sanstha Limited,Microfinance,1.01,True,2081/2082
Mangsir,210,NIL,Neco Insurance Co. Ltd.,Non Life Insurance,0.99,True,2081/2082
Mangsir,211,NICL,Nepal Insurance Co. Ltd.,Non Life Insurance,1.02,True,2081/2082
Mangsir,826,HEI,Himalayan Everest Insurance Limited,Non Life Insurance,0.77,True,2081/2082
Mangsir,873,SALICO,Sagarmatha Lumbini Insurance Company Limited,Non Life Insurance,0.68,True,2081/2082
Mangsir,876,SPIL,Siddhartha Premier Insurance Company Limited,Non Life Insurance,1.26,True,2081/2082
Mangsir,243,ALICL,Asian Life Insurance Co. Limited,Life Insurance,-0.53,True,2081/2082
Mangsir,247,LICN,Life Insurance Corporation (Nepal) Limited,Life Insurance,-0.72,True,2081/2082
Mangsir,249,NLICL,National Life Insurance Co. Ltd.,Life Insurance,0.2,True,2081/2082
Mangsir,251,NLIC,Nepal Life Insurance Co. Ltd.,Life Insurance,0.1,True,2081/2082
Mangsir,846,SJLIC,Suryajyoti Life Insurance Company Limited,Life Insurance,-0.46,True,2081/2082
Mangsir,152,API,Api Power Company Ltd.,Hydro Power,0.79,True,2081/2082
Mangsir,156,BPCL,Butwal Power Company Limited,Hydro Power,-0.4,True,2081/2082
Mangsir,158,CHCL,Chilime Hydropower Company Limited,Hydro Power,0.63,True,2081/2082
Mangsir,160,GHL,Ghalemdi Hydro Limited,Hydro Power,2.11,True,2081/2082
Mangsir,161,HURJA,Himalaya Urja Bikas Company Limited,Hydro Power,2.18,True,2081/2082
Mangsir,171,PPCL,Panchthar Power Company Limited,Hydro Power,0.08,True,2081/2082
Mangsir,176,SHPC,Sanima Mai Hydropower Ltd.,Hydro Power,0.13,True,2081/2082
Mangsir,611,MEN,Mountain Energy Nepal Limited,Hydro Power,-0.33,True,2081/2082
Mangsir,760,SAHAS,Sahas Urja Ltd.,Hydro Power,0.76,True,2081/2082
Mangsir,856,MAKAR,Makar Jitumaya Suri Hydropower Limited,Hydro Power,1.94,True,2081/2082
Mangsir,149,SHL,Soaltee Hotel Limited,Hotels and Tourism,0.22,True,2081/2082
Mangsir,236,BNT,Bottlers Nepal (Terai) Limited,Manufacturing and Processing,-1.77,True,2081/2082
Mangsir,238,HDL,Himalayan Distillery Limited,Manufacturing and Processing,0.59,True,2081/2082
Mangsir,240,SHIVM,Shivam Cement Ltd.,Manufacturing and Processing,0.96,True,2081/2082
Mangsir,242,UNL,Unilever Nepal Limited,Manufacturing and Processing,0.92,True,2081/2082
Mangsir,674,SARBTM,Sarbottam Cement Limited,Manufacturing and Processing,0.23,True,2081/2082
Mangsir,572,NRN,NRN Infrastructure and Development Limited,Investment,1.75,True,2081/2082
Mangsir,945,HRL,Himalayan Re-Insurance Limited,Others,0.22,True,2081/2082
Mangsir,884,RMF2,RBB Mutual Fund 2,Mutual Fund,3.96,True,2081/2082
Mangsir,949,NICGF2,NIC Asia Growth Fund-2,Mutual Fund,-0.92,True,2081/2082
Mangsir,954,NIBLSTF,NIBL Stable Fund,Mutual Fund,-0.21,True,2081/2082
Magh,13,GBIME,Global IME Bank Limited,Commercial Banks,0.68,True,2081/2082
Magh,27,NABIL,Nabil Bank Limited,Commercial Banks,0.4,True,2081/2082
Magh,40,NMB,NMB Bank Limited,Commercial Banks,1.06,True,2081/2082
Magh,46,SANIMA,Sanima Bank Limited,Commercial Banks,0.91,True,2081/2082
Magh,50,SCB,Standard Chartered Bank Limited,Commercial Banks,0.49,True,2081/2082
Magh,922,LSL,Laxmi Sunrise Bank Limited,Commercial Banks,1.3,True,2081/2082
Magh,62,GBBL,Garima Bikas Bank Limited,Development Banks,0.48,True,2081/2082
Magh,70,KSBBL,Kamana Sewa Bikas Bank Limited,Development Banks,-0.39,True,2081/2082
Magh,84,MNBBL,Muktinath Bikas Bank Ltd.,Development Banks,0.21,True,2081/2082
Magh,112,CFCL,Central Finance Limited,Finance,0.64,True,2081/2082
Magh,265,CBBL,Chhimek Laghubitta Bittiya Sanstha Limited,Microfinance,0.22,True,2081/2082
Magh,271,FMDBL,First Micro Finance Development Bank Ltd.,Microfinance,-0.59,True,2081/2082
Magh,210,NIL,Neco Insurance Co. Ltd.,Non Life Insurance,0.99,True,2081/2082
Magh,211,NICL,Nepal Insurance Co. Ltd.,Non Life Insurance,1.02,True,2081/2082
Magh,826,HEI,Himalayan Everest Insurance Limited,Non Life Insurance,0.77,True,2081/2082
Magh,873,SALICO,Sagarmatha Lumbini Insurance Company Limited,Non Life Insurance,0.68,True,2081/2082
Magh,876,SPIL,Siddhartha Premier Insurance Company Limited,Non Life Insurance,1.26,True,2081/2082
Magh,243,ALICL,Asian Life Insurance Co. Limited,Life Insurance,-0.53,True,2081/2082
Magh,249,NLICL,National Life Insurance Co. Ltd.,Life Insurance,0.2,True,2081/2082
Magh,846,SJLIC,Suryajyoti Life Insurance Company Limited,Life Insurance,-0.46,True,2081/2082
Magh,983,GMLI,Guardian Micro-Life Insurance Company Limited,Life Insurance,-0.32,True,2081/2082
Magh,152,API,Api Power Company Ltd.,Hydro Power,0.79,True,2081/2082
Magh,156,BPCL,Butwal Power Company Limited,Hydro Power,-0.4,True,2081/2082
Magh,158,CHCL,Chilime Hydropower Company Limited,Hydro Power,0.63,True,2081/2082
Magh,176,SHPC,Sanima Mai Hydropower Ltd.,Hydro Power,0.13,True,2081/2082
Magh,611,MEN,Mountain Energy Nepal Limited,Hydro Power,-0.33,True,2081/2082
Magh,760,SAHAS,Sahas Urja Ltd.,Hydro Power,0.76,True,2081/2082
Magh,788,RFPL,River Falls Power Limited,Hydro Power,1.13,True,2081/2082
Magh,856,MAKAR,Makar Jitumaya Suri Hydropower Limited,Hydro Power,1.94,True,2081/2082
Magh,149,SHL,Soaltee Hotel Limited,Hotels and Tourism,0.22,True,2081/2082
Magh,236,BNT,Bottlers Nepal (Terai) Limited,Manufacturing and Processing,-1.77,True,2081/2082
Magh,238,HDL,Himalayan Distillery Limited,Manufacturing and Processing,0.59,True,2081/2082
Magh,240,SHIVM,Shivam Cement Ltd.,Manufacturing and Processing,0.96,True,2081/2082
Magh,242,UNL,Unilever Nepal Limited,Manufacturing and Processing,0.92,True,2081/2082
Magh,674,SARBTM,Sarbottam Cement Limited,Manufacturing and Processing,0.23,True,2081/2082
Magh,945,HRL,Himalayan Re-Insurance Limited,Others,0.22,True,2081/2082
Magh,884,RMF2,RBB Mutual Fund 2,Mutual Fund,3.96,True,2081/2082
Magh,949,NICGF2,NIC Asia Growth Fund-2,Mutual Fund,-0.92,True,2081/2082
Magh,954,NIBLSTF,NIBL Stable Fund,Mutual Fund,-0.21,True,2081/2082
Magh,982,MNMF1,Muktinath Mutual Fund 1,Mutual Fund,0.0,True,2081/2082
Ashwin,2,ADBL,Agricultural Development Bank Limited,Commercial Banks,-0.16,True,2082/2083
Ashwin,11,EBL,Everest Bank Limited,Commercial Banks,0.03,True,2082/2083
Ashwin,13,GBIME,Global IME Bank Limited,Commercial Banks,0.68,True,2082/2083
Ashwin,15,HBL,Himalayan Bank Limited,Commercial Banks,-0.88,True,2082/2083
Ashwin,27,NABIL,Nabil Bank Limited,Commercial Banks,0.4,True,2082/2083
Ashwin,31,NBL,Nepal Bank Limited,Commercial Banks,-0.93,True,2082/2083
Ashwin,37,SBI,Nepal SBI Bank Limited,Commercial Banks,1.63,True,2082/2083
Ashwin,38,NICA,NIC Asia Bank Ltd.,Commercial Banks,0.28,True,2082/2083
Ashwin,40,NMB,NMB Bank Limited,Commercial Banks,1.06,True,2082/2083
Ashwin,42,PRVU,Prabhu Bank Limited,Commercial Banks,0.76,True,2082/2083
Ashwin,44,PCBL,Prime Commercial Bank Limited,Commercial Banks,0.63,True,2082/2083
Ashwin,46,SANIMA,Sanima Bank Limited,Commercial Banks,0.91,True,2082/2083
Ashwin,48,SBL,Siddhartha Bank Limited,Commercial Banks,1.24,True,2082/2083
Ashwin,50,SCB,Standard Chartered Bank Limited,Commercial Banks,0.49,True,2082/2083
Ashwin,808,NIMB,Nepal Investment Mega Bank Limited,Commercial Banks,1.28,True,2082/2083
Ashwin,922,LSL,Laxmi Sunrise Bank Limited,Commercial Banks,1.3,True,2082/2083
Ashwin,62,GBBL,Garima Bikas Bank Limited,Development Banks,0.48,True,2082/2083
Ashwin,70,KSBBL,Kamana Sewa Bikas Bank Limited,Development Banks,-0.39,True,2082/2083
Ashwin,80,MLBL,Mahalaxmi Bikas Bank Ltd.,Development Banks,0.25,True,2082/2083
Ashwin,98,SADBL,Shangrila Development Bank Ltd.,Development Banks,0.34,True,2082/2083
Ashwin,412,NABBC,Narayani Development Bank Limited,Development Banks,-1.03,True,2082/2083
Ashwin,118,GMFIL,Guheshowori Merchant Bank & Finance Co. Ltd.,Finance,0.41,True,2082/2083
Ashwin,120,GUFL,Gurkhas Finance Ltd.,Finance,0.94,True,2082/2083
Ashwin,124,JFL,Janaki Finance Company Ltd.,Finance,0.0,True,2082/2083
Ashwin,265,CBBL,Chhimek Laghubitta Bittiya Sanstha Limited,Microfinance,0.22,True,2082/2083
Ashwin,271,FMDBL,First Micro Finance Development Bank Ltd.,Microfinance,-0.59,True,2082/2083
Ashwin,280,GILB,Global IME Laghubitta Bittiya Sanstha Ltd.,Microfinance,0.44,True,2082/2083
Ashwin,285,ILBS,Infinity Laghubitta Bittiya Sanstha Limited,Microfinance,0.11,True,2082/2083
Ashwin,293,LLBS,Laxmi Laghubitta Bittiya Sanstha Ltd.,Microfinance,-0.62,True,2082/2083
Ashwin,325,RSDC,RSDC Laghubitta Bittiya Sanstha Ltd.,Microfinance,0.57,True,2082/2083
Ashwin,331,SLBSL,Samudayik Laghubitta Bittiya Sanstha Limited,Microfinance,-0.51,True,2082/2083
Ashwin,584,NICLBSL,NIC ASIA Laghubitta Bittiya Sanstha Limited,Microfinance,1.72,True,2082/2083
Ashwin,795,SWMF,Suryodaya Womi Laghubitta Bittiya Sanstha Limited,Microfinance,0.62,True,2082/2083
Ashwin,946,NMLBBL,Nerude Mirmire Laghubitta Bittiya Sanstha Limited,Microfinance,0.68,True,2082/2083
Ashwin,979,MATRI,Matribhumi Laghubitta Bittiya Sanstha Limited,Microfinance,0.56,True,2082/2083
Ashwin,210,NIL,Neco Insurance Co. Ltd.,Non Life Insurance,0.99,True,2082/2083
Ashwin,211,NICL,Nepal Insurance Co. Ltd.,Non Life Insurance,1.02,True,2082/2083
Ashwin,225,SICL,Shikhar Insurance Co. Ltd.,Non Life Insurance,0.18,True,2082/2083
Ashwin,826,HEI,Himalayan Everest Insurance Limited,Non Life Insurance,0.77,True,2082/2083
Ashwin,873,SALICO,Sagarmatha Lumbini Insurance Company Limited,Non Life Insurance,0.68,True,2082/2083
Ashwin,876,SPIL,Siddhartha Premier Insurance Company Limited,Non Life Insurance,1.26,True,2082/2083
Ashwin,1052,NMIC,Nepal Micro Insurance Company Limited,Non Life Insurance,-1.44,True,2082/2083
Ashwin,249,NLICL,National Life Insurance Co. Ltd.,Life Insurance,0.2,True,2082/2083
Ashwin,251,NLIC,Nepal Life Insurance Co. Ltd.,Life Insurance,0.1,True,2082/2083
Ashwin,846,SJLIC,Suryajyoti Life Insurance Company Limited,Life Insurance,-0.46,True,2082/2083
Ashwin,908,HLI,Himalayan Life Insurance Limited,Life Insurance,0.83,True,2082/2083
Ashwin,921,SNLI,Sun Nepal Life Insurance Company Limited,Life Insurance,-0.62,True,2082/2083
Ashwin,925,PMLI,Prabhu Mahalaxmi Life Insurance Limited,Life Insurance,0.86,True,2082/2083
Ashwin,983,GMLI,Guardian Micro-Life Insurance Company Limited,Life Insurance,-0.32,True,2082/2083
Ashwin,1051,CREST,Crest Micro Life Insurance Limited,Life Insurance,14.81,True,2082/2083
Ashwin,152,API,Api Power Company Ltd.,Hydro Power,0.79,True,2082/2083
Ashwin,156,BPCL,Butwal Power Company Limited,Hydro Power,-0.4,True,2082/2083
Ashwin,158,CHCL,Chilime Hydropower Company Limited,Hydro Power,0.63,True,2082/2083
Ashwin,169,NGPL,Ngadi Group Power Ltd.,Hydro Power,1.01,True,2082/2083
Ashwin,171,PPCL,Panchthar Power Company Limited,Hydro Power,0.08,True,2082/2083
Ashwin,172,RADHI,Radhi Bidyut Company Ltd,Hydro Power,1.29,True,2082/2083
Ashwin,174,RHPL,Rasuwagadhi Hydropower Company Limited,Hydro Power,0.0,True,2082/2083
Ashwin,176,SHPC,Sanima Mai Hydropower Ltd.,Hydro Power,0.13,True,2082/2083
Ashwin,179,UNHPL,Union Hydropower Limited,Hydro Power,1.17,True,2082/2083
Ashwin,180,UMHL,United Modi Hydropower Ltd.,Hydro Power,-0.35,True,2082/2083
Ashwin,181,UPCL,Universal Power Company Limited,Hydro Power,1.17,True,2082/2083
Ashwin,577,TVCL,Trishuli Jal Vidhyut Company Limited,Hydro Power,1.34,True,2082/2083
Ashwin,581,MKJC,Mailung Khola Jal Vidhyut Company Limited,Hydro Power,-2.1,True,2082/2083
Ashwin,611,MEN,Mountain Energy Nepal Limited,Hydro Power,-0.33,True,2082/2083
Ashwin,617,UMRH,United IDI Mardi and RB Hydropower Ltd,Hydro Power,0.57,True,2082/2083
Ashwin,628,SHEL,Singati Hydro Energy Limited,Hydro Power,1.27,True,2082/2083
Ashwin,731,MBJC,Madhya Bhotekoshi Jalavidyut Company Limited,Hydro Power,0.7,True,2082/2083
Ashwin,760,SAHAS,Sahas Urja Ltd.,Hydro Power,0.76,True,2082/2083
Ashwin,762,NYADI,Nyadi Hydropower Limited,Hydro Power,2.11,True,2082/2083
Ashwin,788,RFPL,River Falls Power Limited,Hydro Power,1.13,True,2082/2083
Ashwin,794,HHL,Himalayan Hydropower Limited,Hydro Power,2.33,True,2082/2083
Ashwin,853,TAMOR,Sanima Middle Tamor Hydropower,Hydro Power,1.34,True,2082/2083
Ashwin,856,MAKAR,Makar Jitumaya Suri Hydropower Limited,Hydro Power,1.94,True,2082/2083
Ashwin,893,VLUCL,Vision Lumbini Urja Company Limited,Hydro Power,-0.3,True,2082/2083
Ashwin,993,HIMSTAR,Him Star Urja Company Limited,Hydro Power,4.32,True,2082/2083
Ashwin,996,SANVI,Sanvi Energy Limited,Hydro Power,4.69,True,2082/2083
Ashwin,1003,BHCL,Bikash Hydropower Company Limited,Hydro Power,6.39,True,2082/2083
Ashwin,149,SHL,Soaltee Hotel Limited,Hotels and Tourism,0.22,True,2082/2083
Ashwin,620,CGH,Chandragiri Hills Limited,Hotels and Tourism,0.0,True,2082/2083
Ashwin,877,CITY,City Hotel Limited,Hotels and Tourism,-1.04,True,2082/2083
Ashwin,236,BNT,Bottlers Nepal (Terai) Limited,Manufacturing and Processing,-1.77,True,2082/2083
Ashwin,237,BNL,Bottlers Nepal (Balaju) Limited,Manufacturing and Processing,3.0,True,2082/2083
Ashwin,238,HDL,Himalayan Distillery Limited,Manufacturing and Processing,0.59,True,2082/2083
Ashwin,240,SHIVM,Shivam Cement Ltd.,Manufacturing and Processing,0.96,True,2082/2083
Ashwin,242,UNL,Unilever Nepal Limited,Manufacturing and Processing,0.92,True,2082/2083
Ashwin,889,SONA,Sonapur Minerals and Oil Ltd,Manufacturing and Processing,2.67,True,2082/2083
Ashwin,1039,OMPL,Om Megashree Pharmaceuticals Limited,Manufacturing and Processing,1.72,True,2082/2083
Ashwin,231,CIT,Citizen Investment Trust,Investment,0.03,True,2082/2083
Ashwin,625,NIFRA,Nepal Infrastructure Bank Limited,Investment,0.49,True,2082/2083
Ashwin,727,CHDC,CEDB Holdings Limited,Investment,1.55,True,2082/2083
Ashwin,780,ENL,Emerging Nepal Limited,Investment,-0.11,True,2082/2083
Ashwin,235,STC,Salt Trading Corporation,Tradings,-0.5,True,2082/2083
Ashwin,573,NRIC,Nepal Reinsurance Company Limited,Others,-0.42,True,2082/2083
Ashwin,891,TTL,Trade Tower Ltd.,Others,4.52,True,2082/2083
Ashwin,892,NWCL,Nepal Warehousing Company Ltd,Others,2.16,True,2082/2083
Ashwin,945,HRL,Himalayan Re-Insurance Limited,Others,0.22,True,2082/2083
Ashwin,1060,PURE,Pure Energy Limited,Others,1.65,True,2082/2083
Ashwin,728,NIBSF2,NIBL Samriddhi Fund - II,Mutual Fund,0.65,True,2082/2083
Ashwin,764,MMF1,Mega Mutual Fund - 1,Mutual Fund,1.16,True,2082/2083
Ashwin,833,SAGF,Sanima Growth Fund,Mutual Fund,0.0,True,2082/2083
Ashwin,849,NIBLGF,NIBL Growth Fund,Mutual Fund,2.91,True,2082/2083
Ashwin,850,SFEF,Sunrise Focused Equity Fund,Mutual Fund,-1.36,True,2082/2083
Ashwin,878,SIGS3,Siddhartha Investment Growth Scheme-3,Mutual Fund,0.93,True,2082/2083
Ashwin,949,NICGF2,NIC Asia Growth Fund-2,Mutual Fund,-0.92,True,2082/2083
Ashwin,954,NIBLSTF,NIBL Stable Fund,Mutual Fund,-0.21,True,2082/2083
Ashwin,982,MNMF1,Muktinath Mutual Fund 1,Mutual Fund,0.0,True,2082/2083
Ashwin,1049,GSY,Garima Samriddhi Yojana,Mutual Fund,0.0,True,2082/2083
Ashwin,1066,NMBHF2,NMB Hydrid Fund L-II,Mutual Fund,-1.73,True,2082/2083
Ashwin,1072,RSY,Reliable Samriddhi Yojana,Mutual Fund,1.87,True,2082/2083
Kartik,11,EBL,Everest Bank Limited,Commercial Banks,0.03,True,2081/2082
Kartik,13,GBIME,Global IME Bank Limited,Commercial Banks,0.68,True,2081/2082
Kartik,27,NABIL,Nabil Bank Limited,Commercial Banks,0.4,True,2081/2082
Kartik,40,NMB,NMB Bank Limited,Commercial Banks,1.06,True,2081/2082
Kartik,46,SANIMA,Sanima Bank Limited,Commercial Banks,0.91,True,2081/2082
Kartik,50,SCB,Standard Chartered Bank Limited,Commercial Banks,0.49,True,2081/2082
Kartik,922,LSL,Laxmi Sunrise Bank Limited,Commercial Banks,1.3,True,2081/2082
Kartik,62,GBBL,Garima Bikas Bank Limited,Development Banks,0.48,True,2081/2082
Kartik,70,KSBBL,Kamana Sewa Bikas Bank Limited,Development Banks,-0.39,True,2081/2082
Kartik,84,MNBBL,Muktinath Bikas Bank Ltd.,Development Banks,0.21,True,2081/2082
Kartik,100,SHINE,Shine Resunga Development Bank Ltd.,Development Banks,-0.22,True,2081/2082
Kartik,112,CFCL,Central Finance Limited,Finance,0.64,True,2081/2082
Kartik,128,MFIL,Manjushree Finance Ltd.,Finance,-0.37,True,2081/2082
Kartik,132,NFS,Nepal Finance Ltd.,Finance,0.37,True,2081/2082
Kartik,265,CBBL,Chhimek Laghubitta Bittiya Sanstha Limited,Microfinance,0.22,True,2081/2082
Kartik,271,FMDBL,First Micro Finance Development Bank Ltd.,Microfinance,-0.59,True,2081/2082
Kartik,284,GLBSL,Gurans Laghubitta Bittiya Sanstha Limited,Microfinance,1.01,True,2081/2082
Kartik,210,NIL,Neco Insurance Co. Ltd.,Non Life Insurance,0.99,True,2081/2082
Kartik,211,NICL,Nepal Insurance Co. Ltd.,Non Life Insurance,1.02,True,2081/2082
Kartik,826,HEI,Himalayan Everest Insurance Limited,Non Life Insurance,0.77,True,2081/2082
Kartik,873,SALICO,Sagarmatha Lumbini Insurance Company Limited,Non Life Insurance,0.68,True,2081/2082
Kartik,876,SPIL,Siddhartha Premier Insurance Company Limited,Non Life Insurance,1.26,True,2081/2082
Kartik,919,UAIL,United Ajod Insurance Limited,Non Life Insurance,0.25,True,2081/2082
Kartik,243,ALICL,Asian Life Insurance Co. Limited,Life Insurance,-0.53,True,2081/2082
Kartik,247,LICN,Life Insurance Corporation (Nepal) Limited,Life Insurance,-0.72,True,2081/2082
Kartik,249,NLICL,National Life Insurance Co. Ltd.,Life Insurance,0.2,True,2081/2082
Kartik,251,NLIC,Nepal Life Insurance Co. Ltd.,Life Insurance,0.1,True,2081/2082
Kartik,846,SJLIC,Suryajyoti Life Insurance Company Limited,Life Insurance,-0.46,True,2081/2082
Kartik,152,API,Api Power Company Ltd.,Hydro Power,0.79,True,2081/2082
Kartik,153,AKPL,Arun Kabeli Power Ltd.,Hydro Power,1.52,True,2081/2082
Kartik,156,BPCL,Butwal Power Company Limited,Hydro Power,-0.4,True,2081/2082
Kartik,158,CHCL,Chilime Hydropower Company Limited,Hydro Power,0.63,True,2081/2082
Kartik,160,GHL,Ghalemdi Hydro Limited,Hydro Power,2.11,True,2081/2082
Kartik,161,HURJA,Himalaya Urja Bikas Company Limited,Hydro Power,2.18,True,2081/2082
Kartik,171,PPCL,Panchthar Power Company Limited,Hydro Power,0.08,True,2081/2082
Kartik,176,SHPC,Sanima Mai Hydropower Ltd.,Hydro Power,0.13,True,2081/2082
Kartik,611,MEN,Mountain Energy Nepal Limited,Hydro Power,-0.33,True,2081/2082
Kartik,760,SAHAS,Sahas Urja Ltd.,Hydro Power,0.76,True,2081/2082
Kartik,832,PHCL,Peoples Hydropower Company Limited,Hydro Power,0.06,True,2081/2082
Kartik,856,MAKAR,Makar Jitumaya Suri Hydropower Limited,Hydro Power,1.94,True,2081/2082
Kartik,149,SHL,Soaltee Hotel Limited,Hotels and Tourism,0.22,True,2081/2082
Kartik,150,TRH,Taragaon Regency Hotel Limited,Hotels and Tourism,0.35,True,2081/2082
Kartik,236,BNT,Bottlers Nepal (Terai) Limited,Manufacturing and Processing,-1.77,True,2081/2082
Kartik,240,SHIVM,Shivam Cement Ltd.,Manufacturing and Processing,0.96,True,2081/2082
Kartik,242,UNL,Unilever Nepal Limited,Manufacturing and Processing,0.92,True,2081/2082
Kartik,674,SARBTM,Sarbottam Cement Limited,Manufacturing and Processing,0.23,True,2081/2082
Kartik,572,NRN,NRN Infrastructure and Development Limited,Investment,1.75,True,2081/2082
Kartik,945,HRL,Himalayan Re-Insurance Limited,Others,0.22,True,2081/2082
Kartik,884,RMF2,RBB Mutual Fund 2,Mutual Fund,3.96,True,2081/2082
Kartik,949,NICGF2,NIC Asia Growth Fund-2,Mutual Fund,-0.92,True,2081/2082
Kartik,954,NIBLSTF,NIBL Stable Fund,Mutual Fund,-0.21,True,2081/2082
Falgun,13,GBIME,Global IME Bank Limited,Commercial Banks,0.68,True,2081/2082
Falgun,27,NABIL,Nabil Bank Limited,Commercial Banks,0.4,True,2081/2082
Falgun,40,NMB,NMB Bank Limited,Commercial Banks,1.06,True,2081/2082
Falgun,46,SANIMA,Sanima Bank Limited,Commercial Banks,0.91,True,2081/2082
Falgun,50,SCB,Standard Chartered Bank Limited,Commercial Banks,0.49,True,2081/2082
Falgun,922,LSL,Laxmi Sunrise Bank Limited,Commercial Banks,1.3,True,2081/2082
Falgun,62,GBBL,Garima Bikas Bank Limited,Development Banks,0.48,True,2081/2082
Falgun,70,KSBBL,Kamana Sewa Bikas Bank Limited,Development Banks,-0.39,True,2081/2082
Falgun,84,MNBBL,Muktinath Bikas Bank Ltd.,Development Banks,0.21,True,2081/2082
Falgun,265,CBBL,Chhimek Laghubitta Bittiya Sanstha Limited,Microfinance,0.22,True,2081/2082
Falgun,271,FMDBL,First Micro Finance Development Bank Ltd.,Microfinance,-0.59,True,2081/2082
Falgun,325,RSDC,RSDC Laghubitta Bittiya Sanstha Ltd.,Microfinance,0.57,True,2081/2082
Falgun,210,NIL,Neco Insurance Co. Ltd.,Non Life Insurance,0.99,True,2081/2082
Falgun,211,NICL,Nepal Insurance Co. Ltd.,Non Life Insurance,1.02,True,2081/2082
Falgun,826,HEI,Himalayan Everest Insurance Limited,Non Life Insurance,0.77,True,2081/2082
Falgun,873,SALICO,Sagarmatha Lumbini Insurance Company Limited,Non Life Insurance,0.68,True,2081/2082
Falgun,876,SPIL,Siddhartha Premier Insurance Company Limited,Non Life Insurance,1.26,True,2081/2082
Falgun,243,ALICL,Asian Life Insurance Co. Limited,Life Insurance,-0.53,True,2081/2082
Falgun,249,NLICL,National Life Insurance Co. Ltd.,Life Insurance,0.2,True,2081/2082
Falgun,846,SJLIC,Suryajyoti Life Insurance Company Limited,Life Insurance,-0.46,True,2081/2082
Falgun,983,GMLI,Guardian Micro-Life Insurance Company Limited,Life Insurance,-0.32,True,2081/2082
Falgun,152,API,Api Power Company Ltd.,Hydro Power,0.79,True,2081/2082
Falgun,156,BPCL,Butwal Power Company Limited,Hydro Power,-0.4,True,2081/2082
Falgun,158,CHCL,Chilime Hydropower Company Limited,Hydro Power,0.63,True,2081/2082
Falgun,176,SHPC,Sanima Mai Hydropower Ltd.,Hydro Power,0.13,True,2081/2082
Falgun,611,MEN,Mountain Energy Nepal Limited,Hydro Power,-0.33,True,2081/2082
Falgun,760,SAHAS,Sahas Urja Ltd.,Hydro Power,0.76,True,2081/2082
Falgun,788,RFPL,River Falls Power Limited,Hydro Power,1.13,True,2081/2082
Falgun,853,TAMOR,Sanima Middle Tamor Hydropower,Hydro Power,1.34,True,2081/2082
Falgun,856,MAKAR,Makar Jitumaya Suri Hydropower Limited,Hydro Power,1.94,True,2081/2082
Falgun,149,SHL,Soaltee Hotel Limited,Hotels and Tourism,0.22,True,2081/2082
Falgun,236,BNT,Bottlers Nepal (Terai) Limited,Manufacturing and Processing,-1.77,True,2081/2082
Falgun,238,HDL,Himalayan Distillery Limited,Manufacturing and Processing,0.59,True,2081/2082
Falgun,240,SHIVM,Shivam Cement Ltd.,Manufacturing and Processing,0.96,True,2081/2082
Falgun,242,UNL,Unilever Nepal Limited,Manufacturing and Processing,0.92,True,2081/2082
Falgun,945,HRL,Himalayan Re-Insurance Limited,Others,0.22,True,2081/2082
Falgun,884,RMF2,RBB Mutual Fund 2,Mutual Fund,3.96,True,2081/2082
Falgun,949,NICGF2,NIC Asia Growth Fund-2,Mutual Fund,-0.92,True,2081/2082
Falgun,954,NIBLSTF,NIBL Stable Fund,Mutual Fund,-0.21,True,2081/2082
Falgun,982,MNMF1,Muktinath Mutual Fund 1,Mutual Fund,0.0,True,2081/2082
Chaitra,11,EBL,Everest Bank Limited,Commercial Banks,0.03,True,2082/2083
Chaitra,13,GBIME,Global IME Bank Limited,Commercial Banks,0.68,True,2082/2083
Chaitra,27,NABIL,Nabil Bank Limited,Commercial Banks,0.4,True,2082/2083
Chaitra,44,PCBL,Prime Commercial Bank Limited,Commercial Banks,0.63,True,2082/2083
Chaitra,46,SANIMA,Sanima Bank Limited,Commercial Banks,0.91,True,2082/2083
Chaitra,50,SCB,Standard Chartered Bank Limited,Commercial Banks,0.49,True,2082/2083
Chaitra,62,GBBL,Garima Bikas Bank Limited,Development Banks,0.48,True,2082/2083
Chaitra,70,KSBBL,Kamana Sewa Bikas Bank Limited,Development Banks,-0.39,True,2082/2083
Chaitra,1095,SABBL,Salapa Bikas Bank Limited,Development Banks,2.17,True,2082/2083
Chaitra,265,CBBL,Chhimek Laghubitta Bittiya Sanstha Limited,Microfinance,0.22,True,2082/2083
Chaitra,285,ILBS,Infinity Laghubitta Bittiya Sanstha Limited,Microfinance,0.11,True,2082/2083
Chaitra,1050,SWASTIK,Swastik Laghubita Bittiya Sanstha Limited,Microfinance,1.6,True,2082/2083
Chaitra,826,HEI,Himalayan Everest Insurance Limited,Non Life Insurance,0.77,True,2082/2083
Chaitra,873,SALICO,Sagarmatha Lumbini Insurance Company Limited,Non Life Insurance,0.68,True,2082/2083
Chaitra,876,SPIL,Siddhartha Premier Insurance Company Limited,Non Life Insurance,1.26,True,2082/2083
Chaitra,249,NLICL,National Life Insurance Co. Ltd.,Life Insurance,0.2,True,2082/2083
Chaitra,846,SJLIC,Suryajyoti Life Insurance Company Limited,Life Insurance,-0.46,True,2082/2083
Chaitra,152,API,Api Power Company Ltd.,Hydro Power,0.79,True,2082/2083
Chaitra,169,NGPL,Ngadi Group Power Ltd.,Hydro Power,1.01,True,2082/2083
Chaitra,176,SHPC,Sanima Mai Hydropower Ltd.,Hydro Power,0.13,True,2082/2083
Chaitra,178,SPDL,Synergy Power Development Ltd.,Hydro Power,-0.15,True,2082/2083
Chaitra,180,UMHL,United Modi Hydropower Ltd.,Hydro Power,-0.35,True,2082/2083
Chaitra,611,MEN,Mountain Energy Nepal Limited,Hydro Power,-0.33,True,2082/2083
Chaitra,617,UMRH,United IDI Mardi and RB Hydropower Ltd,Hydro Power,0.57,True,2082/2083
Chaitra,760,SAHAS,Sahas Urja Ltd.,Hydro Power,0.76,True,2082/2083
Chaitra,788,RFPL,River Falls Power Limited,Hydro Power,1.13,True,2082/2083
Chaitra,853,TAMOR,Sanima Middle Tamor Hydropower,Hydro Power,1.34,True,2082/2083
Chaitra,856,MAKAR,Makar Jitumaya Suri Hydropower Limited,Hydro Power,1.94,True,2082/2083
Chaitra,938,SIPD,Shikhar Power Development Limited,Hydro Power,2.0,True,2082/2083
Chaitra,993,HIMSTAR,Him Star Urja Company Limited,Hydro Power,4.32,True,2082/2083
Chaitra,994,DHEL,Daramkhola Hydro Energy Limited,Hydro Power,6.05,True,2082/2083
Chaitra,995,BJHL,Bhujung Hydropower Limited,Hydro Power,3.03,True,2082/2083
Chaitra,996,SANVI,Sanvi Energy Limited,Hydro Power,4.69,True,2082/2083
Chaitra,1000,MABEL,Mabilung Energy Limited,Hydro Power,9.35,True,2082/2083
Chaitra,1001,SOHL,Solu Hydropower Limited,Hydro Power,0.44,True,2082/2083
Chaitra,1003,BHCL,Bikash Hydropower Company Limited,Hydro Power,6.39,True,2082/2083
Chaitra,1004,RLEL,Ridge Line Energy Limited,Hydro Power,2.79,True,2082/2083
Chaitra,1009,BUNGAL,Bungal Hydro Limited,Hydro Power,9.12,True,2082/2083
Chaitra,1016,SKHL,Super Khudi Hydropower Limited,Hydro Power,6.74,True,2082/2083
Chaitra,1023,SKHEL,Suryakunda Hydro Electric Limited,Hydro Power,1.91,True,2082/2083
Chaitra,149,SHL,Soaltee Hotel Limited,Hotels and Tourism,0.22,True,2082/2083
Chaitra,986,HFIN,Hotel Forest Inn Limited,Hotels and Tourism,4.17,True,2082/2083
Chaitra,989,BANDIPUR,Bandipur Cable Car and Tourism Limited,Hotels and Tourism,1.85,True,2082/2083
Chaitra,238,HDL,Himalayan Distillery Limited,Manufacturing and Processing,0.59,True,2082/2083
Chaitra,242,UNL,Unilever Nepal Limited,Manufacturing and Processing,0.92,True,2082/2083
Chaitra,1035,SYPNL,SY Panel Nepal Limited,Manufacturing and Processing,1.54,True,2082/2083
Chaitra,1040,PCIL,Palpa Cement Industries Limited,Manufacturing and Processing,1.85,True,2082/2083
Chaitra,1047,SAGAR,Sagar Distillery Limited,Manufacturing and Processing,2.51,True,2082/2083
Chaitra,1089,SAIL,Shreenagar Agritech Industries Limited,Manufacturing and Processing,2.29,True,2082/2083
Chaitra,231,CIT,Citizen Investment Trust,Investment,0.03,True,2082/2083
Chaitra,572,NRN,NRN Infrastructure and Development Limited,Investment,1.75,True,2082/2083
Chaitra,891,TTL,Trade Tower Ltd.,Others,4.52,True,2082/2083
Chaitra,945,HRL,Himalayan Re-Insurance Limited,Others,0.22,True,2082/2083
Chaitra,1022,JHAPA,Jhapa Energy Limited,Others,6.69,True,2082/2083
Chaitra,764,MMF1,Mega Mutual Fund - 1,Mutual Fund,1.16,True,2082/2083
Chaitra,878,SIGS3,Siddhartha Investment Growth Scheme-3,Mutual Fund,0.93,True,2082/2083
Chaitra,949,NICGF2,NIC Asia Growth Fund-2,Mutual Fund,-0.92,True,2082/2083
Chaitra,954,NIBLSTF,NIBL Stable Fund,Mutual Fund,-0.21,True,2082/2083
Chaitra,982,MNMF1,Muktinath Mutual Fund 1,Mutual Fund,0.0,True,2082/2083
Chaitra,11,EBL,Everest Bank Limited,Commercial Banks,0.03,True,2082/2083
Chaitra,13,GBIME,Global IME Bank Limited,Commercial Banks,0.68,True,2082/2083
Chaitra,27,NABIL,Nabil Bank Limited,Commercial Banks,0.4,True,2082/2083
Chaitra,44,PCBL,Prime Commercial Bank Limited,Commercial Banks,0.63,True,2082/2083
Chaitra,46,SANIMA,Sanima Bank Limited,Commercial Banks,0.91,True,2082/2083
Chaitra,50,SCB,Standard Chartered Bank Limited,Commercial Banks,0.49,True,2082/2083
Chaitra,62,GBBL,Garima Bikas Bank Limited,Development Banks,0.48,True,2082/2083
Chaitra,70,KSBBL,Kamana Sewa Bikas Bank Limited,Development Banks,-0.39,True,2082/2083
Chaitra,1095,SABBL,Salapa Bikas Bank Limited,Development Banks,2.17,True,2082/2083
Chaitra,265,CBBL,Chhimek Laghubitta Bittiya Sanstha Limited,Microfinance,0.22,True,2082/2083
Chaitra,285,ILBS,Infinity Laghubitta Bittiya Sanstha Limited,Microfinance,0.11,True,2082/2083
Chaitra,1050,SWASTIK,Swastik Laghubita Bittiya Sanstha Limited,Microfinance,1.6,True,2082/2083
Chaitra,826,HEI,Himalayan Everest Insurance Limited,Non Life Insurance,0.77,True,2082/2083
Chaitra,873,SALICO,Sagarmatha Lumbini Insurance Company Limited,Non Life Insurance,0.68,True,2082/2083
Chaitra,876,SPIL,Siddhartha Premier Insurance Company Limited,Non Life Insurance,1.26,True,2082/2083
Chaitra,249,NLICL,National Life Insurance Co. Ltd.,Life Insurance,0.2,True,2082/2083
Chaitra,846,SJLIC,Suryajyoti Life Insurance Company Limited,Life Insurance,-0.46,True,2082/2083
Chaitra,152,API,Api Power Company Ltd.,Hydro Power,0.79,True,2082/2083
Chaitra,169,NGPL,Ngadi Group Power Ltd.,Hydro Power,1.01,True,2082/2083
Chaitra,176,SHPC,Sanima Mai Hydropower Ltd.,Hydro Power,0.13,True,2082/2083
Chaitra,178,SPDL,Synergy Power Development Ltd.,Hydro Power,-0.15,True,2082/2083
Chaitra,180,UMHL,United Modi Hydropower Ltd.,Hydro Power,-0.35,True,2082/2083
Chaitra,611,MEN,Mountain Energy Nepal Limited,Hydro Power,-0.33,True,2082/2083
Chaitra,617,UMRH,United IDI Mardi and RB Hydropower Ltd,Hydro Power,0.57,True,2082/2083
Chaitra,760,SAHAS,Sahas Urja Ltd.,Hydro Power,0.76,True,2082/2083
Chaitra,788,RFPL,River Falls Power Limited,Hydro Power,1.13,True,2082/2083
Chaitra,853,TAMOR,Sanima Middle Tamor Hydropower,Hydro Power,1.34,True,2082/2083
Chaitra,856,MAKAR,Makar Jitumaya Suri Hydropower Limited,Hydro Power,1.94,True,2082/2083
Chaitra,938,SIPD,Shikhar Power Development Limited,Hydro Power,2.0,True,2082/2083
Chaitra,993,HIMSTAR,Him Star Urja Company Limited,Hydro Power,4.32,True,2082/2083
Chaitra,994,DHEL,Daramkhola Hydro Energy Limited,Hydro Power,6.05,True,2082/2083
Chaitra,995,BJHL,Bhujung Hydropower Limited,Hydro Power,3.03,True,2082/2083
Chaitra,996,SANVI,Sanvi Energy Limited,Hydro Power,4.69,True,2082/2083
Chaitra,1000,MABEL,Mabilung Energy Limited,Hydro Power,9.35,True,2082/2083
Chaitra,1001,SOHL,Solu Hydropower Limited,Hydro Power,0.44,True,2082/2083
Chaitra,1003,BHCL,Bikash Hydropower Company Limited,Hydro Power,6.39,True,2082/2083
Chaitra,1004,RLEL,Ridge Line Energy Limited,Hydro Power,2.79,True,2082/2083
Chaitra,1009,BUNGAL,Bungal Hydro Limited,Hydro Power,9.12,True,2082/2083
Chaitra,1016,SKHL,Super Khudi Hydropower Limited,Hydro Power,6.74,True,2082/2083
Chaitra,1023,SKHEL,Suryakunda Hydro Electric Limited,Hydro Power,1.91,True,2082/2083
Chaitra,149,SHL,Soaltee Hotel Limited,Hotels and Tourism,0.22,True,2082/2083
Chaitra,986,HFIN,Hotel Forest Inn Limited,Hotels and Tourism,4.17,True,2082/2083
Chaitra,989,BANDIPUR,Bandipur Cable Car and Tourism Limited,Hotels and Tourism,1.85,True,2082/2083
Chaitra,238,HDL,Himalayan Distillery Limited,Manufacturing and Processing,0.59,True,2082/2083
Chaitra,242,UNL,Unilever Nepal Limited,Manufacturing and Processing,0.92,True,2082/2083
Chaitra,1035,SYPNL,SY Panel Nepal Limited,Manufacturing and Processing,1.54,True,2082/2083
Chaitra,1040,PCIL,Palpa Cement Industries Limited,Manufacturing and Processing,1.85,True,2082/2083
Chaitra,1047,SAGAR,Sagar Distillery Limited,Manufacturing and Processing,2.51,True,2082/2083
Chaitra,1089,SAIL,Shreenagar Agritech Industries Limited,Manufacturing and Processing,2.29,True,2082/2083
Chaitra,231,CIT,Citizen Investment Trust,Investment,0.03,True,2082/2083
Chaitra,572,NRN,NRN Infrastructure and Development Limited,Investment,1.75,True,2082/2083
Chaitra,891,TTL,Trade Tower Ltd.,Others,4.52,True,2082/2083
Chaitra,945,HRL,Himalayan Re-Insurance Limited,Others,0.22,True,2082/2083
Chaitra,1022,JHAPA,Jhapa Energy Limited,Others,6.69,True,2082/2083
Chaitra,764,MMF1,Mega Mutual Fund - 1,Mutual Fund,1.16,True,2082/2083
Chaitra,878,SIGS3,Siddhartha Investment Growth Scheme-3,Mutual Fund,0.93,True,2082/2083
Chaitra,949,NICGF2,NIC Asia Growth Fund-2,Mutual Fund,-0.92,True,2082/2083
Chaitra,954,NIBLSTF,NIBL Stable Fund,Mutual Fund,-0.21,True,2082/2083
Chaitra,982,MNMF1,Muktinath Mutual Fund 1,Mutual Fund,0.0,True,2082/2083
Chaitra,11,EBL,Everest Bank Limited,Commercial Banks,0.03,True,2082/2083
Chaitra,13,GBIME,Global IME Bank Limited,Commercial Banks,0.68,True,2082/2083
Chaitra,27,NABIL,Nabil Bank Limited,Commercial Banks,0.4,True,2082/2083
Chaitra,44,PCBL,Prime Commercial Bank Limited,Commercial Banks,0.63,True,2082/2083
Chaitra,46,SANIMA,Sanima Bank Limited,Commercial Banks,0.91,True,2082/2083
Chaitra,50,SCB,Standard Chartered Bank Limited,Commercial Banks,0.49,True,2082/2083
Chaitra,62,GBBL,Garima Bikas Bank Limited,Development Banks,0.48,True,2082/2083
Chaitra,70,KSBBL,Kamana Sewa Bikas Bank Limited,Development Banks,-0.39,True,2082/2083
Chaitra,1095,SABBL,Salapa Bikas Bank Limited,Development Banks,2.17,True,2082/2083
Chaitra,265,CBBL,Chhimek Laghubitta Bittiya Sanstha Limited,Microfinance,0.22,True,2082/2083
Chaitra,285,ILBS,Infinity Laghubitta Bittiya Sanstha Limited,Microfinance,0.11,True,2082/2083
Chaitra,1050,SWASTIK,Swastik Laghubita Bittiya Sanstha Limited,Microfinance,1.6,True,2082/2083
Chaitra,826,HEI,Himalayan Everest Insurance Limited,Non Life Insurance,0.77,True,2082/2083
Chaitra,873,SALICO,Sagarmatha Lumbini Insurance Company Limited,Non Life Insurance,0.68,True,2082/2083
Chaitra,876,SPIL,Siddhartha Premier Insurance Company Limited,Non Life Insurance,1.26,True,2082/2083
Chaitra,249,NLICL,National Life Insurance Co. Ltd.,Life Insurance,0.2,True,2082/2083
Chaitra,846,SJLIC,Suryajyoti Life Insurance Company Limited,Life Insurance,-0.46,True,2082/2083
Chaitra,152,API,Api Power Company Ltd.,Hydro Power,0.79,True,2082/2083
Chaitra,169,NGPL,Ngadi Group Power Ltd.,Hydro Power,1.01,True,2082/2083
Chaitra,176,SHPC,Sanima Mai Hydropower Ltd.,Hydro Power,0.13,True,2082/2083
Chaitra,178,SPDL,Synergy Power Development Ltd.,Hydro Power,-0.15,True,2082/2083
Chaitra,180,UMHL,United Modi Hydropower Ltd.,Hydro Power,-0.35,True,2082/2083
Chaitra,611,MEN,Mountain Energy Nepal Limited,Hydro Power,-0.33,True,2082/2083
Chaitra,617,UMRH,United IDI Mardi and RB Hydropower Ltd,Hydro Power,0.57,True,2082/2083
Chaitra,760,SAHAS,Sahas Urja Ltd.,Hydro Power,0.76,True,2082/2083
Chaitra,788,RFPL,River Falls Power Limited,Hydro Power,1.13,True,2082/2083
Chaitra,853,TAMOR,Sanima Middle Tamor Hydropower,Hydro Power,1.34,True,2082/2083
Chaitra,856,MAKAR,Makar Jitumaya Suri Hydropower Limited,Hydro Power,1.94,True,2082/2083
Chaitra,938,SIPD,Shikhar Power Development Limited,Hydro Power,2.0,True,2082/2083
Chaitra,993,HIMSTAR,Him Star Urja Company Limited,Hydro Power,4.32,True,2082/2083
Chaitra,994,DHEL,Daramkhola Hydro Energy Limited,Hydro Power,6.05,True,2082/2083
Chaitra,995,BJHL,Bhujung Hydropower Limited,Hydro Power,3.03,True,2082/2083
Chaitra,996,SANVI,Sanvi Energy Limited,Hydro Power,4.69,True,2082/2083
Chaitra,1000,MABEL,Mabilung Energy Limited,Hydro Power,9.35,True,2082/2083
Chaitra,1001,SOHL,Solu Hydropower Limited,Hydro Power,0.44,True,2082/2083
Chaitra,1003,BHCL,Bikash Hydropower Company Limited,Hydro Power,6.39,True,2082/2083
Chaitra,1004,RLEL,Ridge Line Energy Limited,Hydro Power,2.79,True,2082/2083
Chaitra,1009,BUNGAL,Bungal Hydro Limited,Hydro Power,9.12,True,2082/2083
Chaitra,1016,SKHL,Super Khudi Hydropower Limited,Hydro Power,6.74,True,2082/2083
Chaitra,1023,SKHEL,Suryakunda Hydro Electric Limited,Hydro Power,1.91,True,2082/2083
Chaitra,149,SHL,Soaltee Hotel Limited,Hotels and Tourism,0.22,True,2082/2083
Chaitra,986,HFIN,Hotel Forest Inn Limited,Hotels and Tourism,4.17,True,2082/2083
Chaitra,989,BANDIPUR,Bandipur Cable Car and Tourism Limited,Hotels and Tourism,1.85,True,2082/2083
Chaitra,238,HDL,Himalayan Distillery Limited,Manufacturing and Processing,0.59,True,2082/2083
Chaitra,242,UNL,Unilever Nepal Limited,Manufacturing and Processing,0.92,True,2082/2083
Chaitra,1035,SYPNL,SY Panel Nepal Limited,Manufacturing and Processing,1.54,True,2082/2083
Chaitra,1040,PCIL,Palpa Cement Industries Limited,Manufacturing and Processing,1.85,True,2082/2083
Chaitra,1047,SAGAR,Sagar Distillery Limited,Manufacturing and Processing,2.51,True,2082/2083
Chaitra,1089,SAIL,Shreenagar Agritech Industries Limited,Manufacturing and Processing,2.29,True,2082/2083
Chaitra,231,CIT,Citizen Investment Trust,Investment,0.03,True,2082/2083
Chaitra,572,NRN,NRN Infrastructure and Development Limited,Investment,1.75,True,2082/2083
Chaitra,891,TTL,Trade Tower Ltd.,Others,4.52,True,2082/2083
Chaitra,945,HRL,Himalayan Re-Insurance Limited,Others,0.22,True,2082/2083
Chaitra,1022,JHAPA,Jhapa Energy Limited,Others,6.69,True,2082/2083
Chaitra,764,MMF1,Mega Mutual Fund - 1,Mutual Fund,1.16,True,2082/2083
Chaitra,878,SIGS3,Siddhartha Investment Growth Scheme-3,Mutual Fund,0.93,True,2082/2083
Chaitra,949,NICGF2,NIC Asia Growth Fund-2,Mutual Fund,-0.92,True,2082/2083
Chaitra,954,NIBLSTF,NIBL Stable Fund,Mutual Fund,-0.21,True,2082/2083
Chaitra,982,MNMF1,Muktinath Mutual Fund 1,Mutual Fund,0.0,True,2082/2083
Jestha,13,GBIME,Global IME Bank Limited,Commercial Banks,0.68,True,2081/2082
Jestha,27,NABIL,Nabil Bank Limited,Commercial Banks,0.4,True,2081/2082
Jestha,37,SBI,Nepal SBI Bank Limited,Commercial Banks,1.63,True,2081/2082
Jestha,40,NMB,NMB Bank Limited,Commercial Banks,1.06,True,2081/2082
Jestha,46,SANIMA,Sanima Bank Limited,Commercial Banks,0.91,True,2081/2082
Jestha,50,SCB,Standard Chartered Bank Limited,Commercial Banks,0.49,True,2081/2082
Jestha,922,LSL,Laxmi Sunrise Bank Limited,Commercial Banks,1.3,True,2081/2082
Jestha,62,GBBL,Garima Bikas Bank Limited,Development Banks,0.48,True,2081/2082
Jestha,70,KSBBL,Kamana Sewa Bikas Bank Limited,Development Banks,-0.39,True,2081/2082
Jestha,84,MNBBL,Muktinath Bikas Bank Ltd.,Development Banks,0.21,True,2081/2082
Jestha,265,CBBL,Chhimek Laghubitta Bittiya Sanstha Limited,Microfinance,0.22,True,2081/2082
Jestha,271,FMDBL,First Micro Finance Development Bank Ltd.,Microfinance,-0.59,True,2081/2082
Jestha,325,RSDC,RSDC Laghubitta Bittiya Sanstha Ltd.,Microfinance,0.57,True,2081/2082
Jestha,331,SLBSL,Samudayik Laghubitta Bittiya Sanstha Limited,Microfinance,-0.51,True,2081/2082
Jestha,826,HEI,Himalayan Everest Insurance Limited,Non Life Insurance,0.77,True,2081/2082
Jestha,873,SALICO,Sagarmatha Lumbini Insurance Company Limited,Non Life Insurance,0.68,True,2081/2082
Jestha,876,SPIL,Siddhartha Premier Insurance Company Limited,Non Life Insurance,1.26,True,2081/2082
Jestha,1052,NMIC,Nepal Micro Insurance Company Limited,Non Life Insurance,-1.44,True,2081/2082
Jestha,243,ALICL,Asian Life Insurance Co. Limited,Life Insurance,-0.53,True,2081/2082
Jestha,249,NLICL,National Life Insurance Co. Ltd.,Life Insurance,0.2,True,2081/2082
Jestha,251,NLIC,Nepal Life Insurance Co. Ltd.,Life Insurance,0.1,True,2081/2082
Jestha,846,SJLIC,Suryajyoti Life Insurance Company Limited,Life Insurance,-0.46,True,2081/2082
Jestha,983,GMLI,Guardian Micro-Life Insurance Company Limited,Life Insurance,-0.32,True,2081/2082
Jestha,1051,CREST,Crest Micro Life Insurance Limited,Life Insurance,14.81,True,2081/2082
Jestha,152,API,Api Power Company Ltd.,Hydro Power,0.79,True,2081/2082
Jestha,156,BPCL,Butwal Power Company Limited,Hydro Power,-0.4,True,2081/2082
Jestha,158,CHCL,Chilime Hydropower Company Limited,Hydro Power,0.63,True,2081/2082
Jestha,176,SHPC,Sanima Mai Hydropower Ltd.,Hydro Power,0.13,True,2081/2082
Jestha,180,UMHL,United Modi Hydropower Ltd.,Hydro Power,-0.35,True,2081/2082
Jestha,611,MEN,Mountain Energy Nepal Limited,Hydro Power,-0.33,True,2081/2082
Jestha,760,SAHAS,Sahas Urja Ltd.,Hydro Power,0.76,True,2081/2082
Jestha,788,RFPL,River Falls Power Limited,Hydro Power,1.13,True,2081/2082
Jestha,853,TAMOR,Sanima Middle Tamor Hydropower,Hydro Power,1.34,True,2081/2082
Jestha,856,MAKAR,Makar Jitumaya Suri Hydropower Limited,Hydro Power,1.94,True,2081/2082
Jestha,149,SHL,Soaltee Hotel Limited,Hotels and Tourism,0.22,True,2081/2082
Jestha,238,HDL,Himalayan Distillery Limited,Manufacturing and Processing,0.59,True,2081/2082
Jestha,240,SHIVM,Shivam Cement Ltd.,Manufacturing and Processing,0.96,True,2081/2082
Jestha,242,UNL,Unilever Nepal Limited,Manufacturing and Processing,0.92,True,2081/2082
Jestha,1039,OMPL,Om Megashree Pharmaceuticals Limited,Manufacturing and Processing,1.72,True,2081/2082
Jestha,945,HRL,Himalayan Re-Insurance Limited,Others,0.22,True,2081/2082
Jestha,1060,PURE,Pure Energy Limited,Others,1.65,True,2081/2082
Jestha,764,MMF1,Mega Mutual Fund - 1,Mutual Fund,1.16,True,2081/2082
Jestha,949,NICGF2,NIC Asia Growth Fund-2,Mutual Fund,-0.92,True,2081/2082
Jestha,954,NIBLSTF,NIBL Stable Fund,Mutual Fund,-0.21,True,2081/2082
Jestha,982,MNMF1,Muktinath Mutual Fund 1,Mutual Fund,0.0,True,2081/2082
Falgun,11,EBL,Everest Bank Limited,Commercial Banks,0.03,True,2082/2083
Falgun,13,GBIME,Global IME Bank Limited,Commercial Banks,0.68,True,2082/2083
Falgun,27,NABIL,Nabil Bank Limited,Commercial Banks,0.4,True,2082/2083
Falgun,44,PCBL,Prime Commercial Bank Limited,Commercial Banks,0.63,True,2082/2083
Falgun,46,SANIMA,Sanima Bank Limited,Commercial Banks,0.91,True,2082/2083
Falgun,50,SCB,Standard Chartered Bank Limited,Commercial Banks,0.49,True,2082/2083
Falgun,62,GBBL,Garima Bikas Bank Limited,Development Banks,0.48,True,2082/2083
Falgun,70,KSBBL,Kamana Sewa Bikas Bank Limited,Development Banks,-0.39,True,2082/2083
Falgun,1095,SABBL,Salapa Bikas Bank Limited,Development Banks,2.17,True,2082/2083
Falgun,265,CBBL,Chhimek Laghubitta Bittiya Sanstha Limited,Microfinance,0.22,True,2082/2083
Falgun,285,ILBS,Infinity Laghubitta Bittiya Sanstha Limited,Microfinance,0.11,True,2082/2083
Falgun,1050,SWASTIK,Swastik Laghubita Bittiya Sanstha Limited,Microfinance,1.6,True,2082/2083
Falgun,826,HEI,Himalayan Everest Insurance Limited,Non Life Insurance,0.77,True,2082/2083
Falgun,873,SALICO,Sagarmatha Lumbini Insurance Company Limited,Non Life Insurance,0.68,True,2082/2083
Falgun,876,SPIL,Siddhartha Premier Insurance Company Limited,Non Life Insurance,1.26,True,2082/2083
Falgun,249,NLICL,National Life Insurance Co. Ltd.,Life Insurance,0.2,True,2082/2083
Falgun,846,SJLIC,Suryajyoti Life Insurance Company Limited,Life Insurance,-0.46,True,2082/2083
Falgun,152,API,Api Power Company Ltd.,Hydro Power,0.79,True,2082/2083
Falgun,169,NGPL,Ngadi Group Power Ltd.,Hydro Power,1.01,True,2082/2083
Falgun,176,SHPC,Sanima Mai Hydropower Ltd.,Hydro Power,0.13,True,2082/2083
Falgun,178,SPDL,Synergy Power Development Ltd.,Hydro Power,-0.15,True,2082/2083
Falgun,180,UMHL,United Modi Hydropower Ltd.,Hydro Power,-0.35,True,2082/2083
Falgun,611,MEN,Mountain Energy Nepal Limited,Hydro Power,-0.33,True,2082/2083
Falgun,617,UMRH,United IDI Mardi and RB Hydropower Ltd,Hydro Power,0.57,True,2082/2083
Falgun,760,SAHAS,Sahas Urja Ltd.,Hydro Power,0.76,True,2082/2083
Falgun,788,RFPL,River Falls Power Limited,Hydro Power,1.13,True,2082/2083
Falgun,853,TAMOR,Sanima Middle Tamor Hydropower,Hydro Power,1.34,True,2082/2083
Falgun,856,MAKAR,Makar Jitumaya Suri Hydropower Limited,Hydro Power,1.94,True,2082/2083
Falgun,993,HIMSTAR,Him Star Urja Company Limited,Hydro Power,4.32,True,2082/2083
Falgun,994,DHEL,Daramkhola Hydro Energy Limited,Hydro Power,6.05,True,2082/2083
Falgun,996,SANVI,Sanvi Energy Limited,Hydro Power,4.69,True,2082/2083
Falgun,1000,MABEL,Mabilung Energy Limited,Hydro Power,9.35,True,2082/2083
Falgun,1003,BHCL,Bikash Hydropower Company Limited,Hydro Power,6.39,True,2082/2083
Falgun,1009,BUNGAL,Bungal Hydro Limited,Hydro Power,9.12,True,2082/2083
Falgun,149,SHL,Soaltee Hotel Limited,Hotels and Tourism,0.22,True,2082/2083
Falgun,986,HFIN,Hotel Forest Inn Limited,Hotels and Tourism,4.17,True,2082/2083
Falgun,989,BANDIPUR,Bandipur Cable Car and Tourism Limited,Hotels and Tourism,1.85,True,2082/2083
Falgun,238,HDL,Himalayan Distillery Limited,Manufacturing and Processing,0.59,True,2082/2083
Falgun,242,UNL,Unilever Nepal Limited,Manufacturing and Processing,0.92,True,2082/2083
Falgun,1035,SYPNL,SY Panel Nepal Limited,Manufacturing and Processing,1.54,True,2082/2083
Falgun,1047,SAGAR,Sagar Distillery Limited,Manufacturing and Processing,2.51,True,2082/2083
Falgun,1089,SAIL,Shreenagar Agritech Industries Limited,Manufacturing and Processing,2.29,True,2082/2083
Falgun,572,NRN,NRN Infrastructure and Development Limited,Investment,1.75,True,2082/2083
Falgun,235,STC,Salt Trading Corporation,Tradings,-0.5,True,2082/2083
Falgun,891,TTL,Trade Tower Ltd.,Others,4.52,True,2082/2083
Falgun,945,HRL,Himalayan Re-Insurance Limited,Others,0.22,True,2082/2083
Falgun,1022,JHAPA,Jhapa Energy Limited,Others,6.69,True,2082/2083
Falgun,1060,PURE,Pure Energy Limited,Others,1.65,True,2082/2083
Falgun,764,MMF1,Mega Mutual Fund - 1,Mutual Fund,1.16,True,2082/2083
Falgun,878,SIGS3,Siddhartha Investment Growth Scheme-3,Mutual Fund,0.93,True,2082/2083
Falgun,949,NICGF2,NIC Asia Growth Fund-2,Mutual Fund,-0.92,True,2082/2083
Falgun,954,NIBLSTF,NIBL Stable Fund,Mutual Fund,-0.21,True,2082/2083
Falgun,982,MNMF1,Muktinath Mutual Fund 1,Mutual Fund,0.0,True,2082/2083
Falgun,11,EBL,Everest Bank Limited,Commercial Banks,0.03,True,2082/2083
Falgun,13,GBIME,Global IME Bank Limited,Commercial Banks,0.68,True,2082/2083
Falgun,27,NABIL,Nabil Bank Limited,Commercial Banks,0.4,True,2082/2083
Falgun,44,PCBL,Prime Commercial Bank Limited,Commercial Banks,0.63,True,2082/2083
Falgun,46,SANIMA,Sanima Bank Limited,Commercial Banks,0.91,True,2082/2083
Falgun,50,SCB,Standard Chartered Bank Limited,Commercial Banks,0.49,True,2082/2083
Falgun,62,GBBL,Garima Bikas Bank Limited,Development Banks,0.48,True,2082/2083
Falgun,70,KSBBL,Kamana Sewa Bikas Bank Limited,Development Banks,-0.39,True,2082/2083
Falgun,1095,SABBL,Salapa Bikas Bank Limited,Development Banks,2.17,True,2082/2083
Falgun,265,CBBL,Chhimek Laghubitta Bittiya Sanstha Limited,Microfinance,0.22,True,2082/2083
Falgun,285,ILBS,Infinity Laghubitta Bittiya Sanstha Limited,Microfinance,0.11,True,2082/2083
Falgun,1050,SWASTIK,Swastik Laghubita Bittiya Sanstha Limited,Microfinance,1.6,True,2082/2083
Falgun,826,HEI,Himalayan Everest Insurance Limited,Non Life Insurance,0.77,True,2082/2083
Falgun,873,SALICO,Sagarmatha Lumbini Insurance Company Limited,Non Life Insurance,0.68,True,2082/2083
Falgun,876,SPIL,Siddhartha Premier Insurance Company Limited,Non Life Insurance,1.26,True,2082/2083
Falgun,249,NLICL,National Life Insurance Co. Ltd.,Life Insurance,0.2,True,2082/2083
Falgun,846,SJLIC,Suryajyoti Life Insurance Company Limited,Life Insurance,-0.46,True,2082/2083
Falgun,152,API,Api Power Company Ltd.,Hydro Power,0.79,True,2082/2083
Falgun,169,NGPL,Ngadi Group Power Ltd.,Hydro Power,1.01,True,2082/2083
Falgun,176,SHPC,Sanima Mai Hydropower Ltd.,Hydro Power,0.13,True,2082/2083
Falgun,178,SPDL,Synergy Power Development Ltd.,Hydro Power,-0.15,True,2082/2083
Falgun,180,UMHL,United Modi Hydropower Ltd.,Hydro Power,-0.35,True,2082/2083
Falgun,611,MEN,Mountain Energy Nepal Limited,Hydro Power,-0.33,True,2082/2083
Falgun,617,UMRH,United IDI Mardi and RB Hydropower Ltd,Hydro Power,0.57,True,2082/2083
Falgun,760,SAHAS,Sahas Urja Ltd.,Hydro Power,0.76,True,2082/2083
Falgun,788,RFPL,River Falls Power Limited,Hydro Power,1.13,True,2082/2083
Falgun,853,TAMOR,Sanima Middle Tamor Hydropower,Hydro Power,1.34,True,2082/2083
Falgun,856,MAKAR,Makar Jitumaya Suri Hydropower Limited,Hydro Power,1.94,True,2082/2083
Falgun,993,HIMSTAR,Him Star Urja Company Limited,Hydro Power,4.32,True,2082/2083
Falgun,994,DHEL,Daramkhola Hydro Energy Limited,Hydro Power,6.05,True,2082/2083
Falgun,996,SANVI,Sanvi Energy Limited,Hydro Power,4.69,True,2082/2083
Falgun,1000,MABEL,Mabilung Energy Limited,Hydro Power,9.35,True,2082/2083
Falgun,1003,BHCL,Bikash Hydropower Company Limited,Hydro Power,6.39,True,2082/2083
Falgun,1009,BUNGAL,Bungal Hydro Limited,Hydro Power,9.12,True,2082/2083
Falgun,149,SHL,Soaltee Hotel Limited,Hotels and Tourism,0.22,True,2082/2083
Falgun,986,HFIN,Hotel Forest Inn Limited,Hotels and Tourism,4.17,True,2082/2083
Falgun,989,BANDIPUR,Bandipur Cable Car and Tourism Limited,Hotels and Tourism,1.85,True,2082/2083
Falgun,238,HDL,Himalayan Distillery Limited,Manufacturing and Processing,0.59,True,2082/2083
Falgun,242,UNL,Unilever Nepal Limited,Manufacturing and Processing,0.92,True,2082/2083
Falgun,1035,SYPNL,SY Panel Nepal Limited,Manufacturing and Processing,1.54,True,2082/2083
Falgun,1047,SAGAR,Sagar Distillery Limited,Manufacturing and Processing,2.51,True,2082/2083
Falgun,1089,SAIL,Shreenagar Agritech Industries Limited,Manufacturing and Processing,2.29,True,2082/2083
Falgun,572,NRN,NRN Infrastructure and Development Limited,Investment,1.75,True,2082/2083
Falgun,235,STC,Salt Trading Corporation,Tradings,-0.5,True,2082/2083
Falgun,891,TTL,Trade Tower Ltd.,Others,4.52,True,2082/2083
Falgun,945,HRL,Himalayan Re-Insurance Limited,Others,0.22,True,2082/2083
Falgun,1022,JHAPA,Jhapa Energy Limited,Others,6.69,True,2082/2083
Falgun,1060,PURE,Pure Energy Limited,Others,1.65,True,2082/2083
Falgun,764,MMF1,Mega Mutual Fund - 1,Mutual Fund,1.16,True,2082/2083
Falgun,878,SIGS3,Siddhartha Investment Growth Scheme-3,Mutual Fund,0.93,True,2082/2083
Falgun,949,NICGF2,NIC Asia Growth Fund-2,Mutual Fund,-0.92,True,2082/2083
Falgun,954,NIBLSTF,NIBL Stable Fund,Mutual Fund,-0.21,True,2082/2083
Falgun,982,MNMF1,Muktinath Mutual Fund 1,Mutual Fund,0.0,True,2082/2083
Chaitra,11,EBL,Everest Bank Limited,Commercial Banks,0.03,True,2082/2083
Chaitra,13,GBIME,Global IME Bank Limited,Commercial Banks,0.68,True,2082/2083
Chaitra,27,NABIL,Nabil Bank Limited,Commercial Banks,0.4,True,2082/2083
Chaitra,44,PCBL,Prime Commercial Bank Limited,Commercial Banks,0.63,True,2082/2083
Chaitra,46,SANIMA,Sanima Bank Limited,Commercial Banks,0.91,True,2082/2083
Chaitra,50,SCB,Standard Chartered Bank Limited,Commercial Banks,0.49,True,2082/2083
Chaitra,62,GBBL,Garima Bikas Bank Limited,Development Banks,0.48,True,2082/2083
Chaitra,70,KSBBL,Kamana Sewa Bikas Bank Limited,Development Banks,-0.39,True,2082/2083
Chaitra,1095,SABBL,Salapa Bikas Bank Limited,Development Banks,2.17,True,2082/2083
Chaitra,265,CBBL,Chhimek Laghubitta Bittiya Sanstha Limited,Microfinance,0.22,True,2082/2083
Chaitra,285,ILBS,Infinity Laghubitta Bittiya Sanstha Limited,Microfinance,0.11,True,2082/2083
Chaitra,1050,SWASTIK,Swastik Laghubita Bittiya Sanstha Limited,Microfinance,1.6,True,2082/2083
Chaitra,826,HEI,Himalayan Everest Insurance Limited,Non Life Insurance,0.77,True,2082/2083
Chaitra,873,SALICO,Sagarmatha Lumbini Insurance Company Limited,Non Life Insurance,0.68,True,2082/2083
Chaitra,876,SPIL,Siddhartha Premier Insurance Company Limited,Non Life Insurance,1.26,True,2082/2083
Chaitra,249,NLICL,National Life Insurance Co. Ltd.,Life Insurance,0.2,True,2082/2083
Chaitra,846,SJLIC,Suryajyoti Life Insurance Company Limited,Life Insurance,-0.46,True,2082/2083
Chaitra,152,API,Api Power Company Ltd.,Hydro Power,0.79,True,2082/2083
Chaitra,169,NGPL,Ngadi Group Power Ltd.,Hydro Power,1.01,True,2082/2083
Chaitra,176,SHPC,Sanima Mai Hydropower Ltd.,Hydro Power,0.13,True,2082/2083
Chaitra,178,SPDL,Synergy Power Development Ltd.,Hydro Power,-0.15,True,2082/2083
Chaitra,180,UMHL,United Modi Hydropower Ltd.,Hydro Power,-0.35,True,2082/2083
Chaitra,611,MEN,Mountain Energy Nepal Limited,Hydro Power,-0.33,True,2082/2083
Chaitra,617,UMRH,United IDI Mardi and RB Hydropower Ltd,Hydro Power,0.57,True,2082/2083
Chaitra,760,SAHAS,Sahas Urja Ltd.,Hydro Power,0.76,True,2082/2083
Chaitra,788,RFPL,River Falls Power Limited,Hydro Power,1.13,True,2082/2083
Chaitra,853,TAMOR,Sanima Middle Tamor Hydropower,Hydro Power,1.34,True,2082/2083
Chaitra,856,MAKAR,Makar Jitumaya Suri Hydropower Limited,Hydro Power,1.94,True,2082/2083
Chaitra,938,SIPD,Shikhar Power Development Limited,Hydro Power,2.0,True,2082/2083
Chaitra,993,HIMSTAR,Him Star Urja Company Limited,Hydro Power,4.32,True,2082/2083
Chaitra,994,DHEL,Daramkhola Hydro Energy Limited,Hydro Power,6.05,True,2082/2083
Chaitra,995,BJHL,Bhujung Hydropower Limited,Hydro Power,3.03,True,2082/2083
Chaitra,996,SANVI,Sanvi Energy Limited,Hydro Power,4.69,True,2082/2083
Chaitra,1000,MABEL,Mabilung Energy Limited,Hydro Power,9.35,True,2082/2083
Chaitra,1001,SOHL,Solu Hydropower Limited,Hydro Power,0.44,True,2082/2083
Chaitra,1003,BHCL,Bikash Hydropower Company Limited,Hydro Power,6.39,True,2082/2083
Chaitra,1004,RLEL,Ridge Line Energy Limited,Hydro Power,2.79,True,2082/2083
Chaitra,1009,BUNGAL,Bungal Hydro Limited,Hydro Power,9.12,True,2082/2083
Chaitra,1016,SKHL,Super Khudi Hydropower Limited,Hydro Power,6.74,True,2082/2083
Chaitra,1023,SKHEL,Suryakunda Hydro Electric Limited,Hydro Power,1.91,True,2082/2083
Chaitra,149,SHL,Soaltee Hotel Limited,Hotels and Tourism,0.22,True,2082/2083
Chaitra,986,HFIN,Hotel Forest Inn Limited,Hotels and Tourism,4.17,True,2082/2083
Chaitra,989,BANDIPUR,Bandipur Cable Car and Tourism Limited,Hotels and Tourism,1.85,True,2082/2083
Chaitra,238,HDL,Himalayan Distillery Limited,Manufacturing and Processing,0.59,True,2082/2083
Chaitra,242,UNL,Unilever Nepal Limited,Manufacturing and Processing,0.92,True,2082/2083
Chaitra,1035,SYPNL,SY Panel Nepal Limited,Manufacturing and Processing,1.54,True,2082/2083
Chaitra,1040,PCIL,Palpa Cement Industries Limited,Manufacturing and Processing,1.85,True,2082/2083
Chaitra,1047,SAGAR,Sagar Distillery Limited,Manufacturing and Processing,2.51,True,2082/2083
Chaitra,1089,SAIL,Shreenagar Agritech Industries Limited,Manufacturing and Processing,2.29,True,2082/2083
Chaitra,231,CIT,Citizen Investment Trust,Investment,0.03,True,2082/2083
Chaitra,572,NRN,NRN Infrastructure and Development Limited,Investment,1.75,True,2082/2083
Chaitra,891,TTL,Trade Tower Ltd.,Others,4.52,True,2082/2083
Chaitra,945,HRL,Himalayan Re-Insurance Limited,Others,0.22,True,2082/2083
Chaitra,1022,JHAPA,Jhapa Energy Limited,Others,6.69,True,2082/2083
Chaitra,764,MMF1,Mega Mutual Fund - 1,Mutual Fund,1.16,True,2082/2083
Chaitra,878,SIGS3,Siddhartha Investment Growth Scheme-3,Mutual Fund,0.93,True,2082/2083
Chaitra,949,NICGF2,NIC Asia Growth Fund-2,Mutual Fund,-0.92,True,2082/2083
Chaitra,954,NIBLSTF,NIBL Stable Fund,Mutual Fund,-0.21,True,2082/2083
Chaitra,982,MNMF1,Muktinath Mutual Fund 1,Mutual Fund,0.0,True,2082/2083
Shrawan,11,EBL,Everest Bank Limited,Commercial Banks,0.03,True,2080/2081
Shrawan,13,GBIME,Global IME Bank Limited,Commercial Banks,0.68,True,2080/2081
Shrawan,23,MBL,Machhapuchhre Bank Limited,Commercial Banks,0.76,True,2080/2081
Shrawan,37,SBI,Nepal SBI Bank Limited,Commercial Banks,1.63,True,2080/2081
Shrawan,40,NMB,NMB Bank Limited,Commercial Banks,1.06,True,2080/2081
Shrawan,46,SANIMA,Sanima Bank Limited,Commercial Banks,0.91,True,2080/2081
Shrawan,50,SCB,Standard Chartered Bank Limited,Commercial Banks,0.49,True,2080/2081
Shrawan,62,GBBL,Garima Bikas Bank Limited,Development Banks,0.48,True,2080/2081
Shrawan,84,MNBBL,Muktinath Bikas Bank Ltd.,Development Banks,0.21,True,2080/2081
Shrawan,100,SHINE,Shine Resunga Development Bank Ltd.,Development Banks,-0.22,True,2080/2081
Shrawan,122,ICFC,ICFC Finance Limited,Finance,-0.06,True,2080/2081
Shrawan,210,NIL,Neco Insurance Co. Ltd.,Non Life Insurance,0.99,True,2080/2081
Shrawan,211,NICL,Nepal Insurance Co. Ltd.,Non Life Insurance,1.02,True,2080/2081
Shrawan,225,SICL,Shikhar Insurance Co. Ltd.,Non Life Insurance,0.18,True,2080/2081
Shrawan,229,UIC,United Insurance Co. (Nepal) Ltd.,Non Life Insurance,-0.75,False,2080/2081
Shrawan,873,SALICO,Sagarmatha Lumbini Insurance Company Limited,Non Life Insurance,0.68,True,2080/2081
Shrawan,876,SPIL,Siddhartha Premier Insurance Company Limited,Non Life Insurance,1.26,True,2080/2081
Shrawan,919,UAIL,United Ajod Insurance Limited,Non Life Insurance,0.25,True,2080/2081
Shrawan,243,ALICL,Asian Life Insurance Co. Limited,Life Insurance,-0.53,True,2080/2081
Shrawan,247,LICN,Life Insurance Corporation (Nepal) Limited,Life Insurance,-0.72,True,2080/2081
Shrawan,249,NLICL,National Life Insurance Co. Ltd.,Life Insurance,0.2,True,2080/2081
Shrawan,251,NLIC,Nepal Life Insurance Co. Ltd.,Life Insurance,0.1,True,2080/2081
Shrawan,152,API,Api Power Company Ltd.,Hydro Power,0.79,True,2080/2081
Shrawan,578,SSHL,Shiva Shree Hydropower Limited,Hydro Power,2.54,True,2080/2081
Shrawan,611,MEN,Mountain Energy Nepal Limited,Hydro Power,-0.33,True,2080/2081
Shrawan,760,SAHAS,Sahas Urja Ltd.,Hydro Power,0.76,True,2080/2081
Shrawan,832,PHCL,Peoples Hydropower Company Limited,Hydro Power,0.06,True,2080/2081
Shrawan,856,MAKAR,Makar Jitumaya Suri Hydropower Limited,Hydro Power,1.94,True,2080/2081
Shrawan,236,BNT,Bottlers Nepal (Terai) Limited,Manufacturing and Processing,-1.77,True,2080/2081
Shrawan,238,HDL,Himalayan Distillery Limited,Manufacturing and Processing,0.59,True,2080/2081
Shrawan,240,SHIVM,Shivam Cement Ltd.,Manufacturing and Processing,0.96,True,2080/2081
Shrawan,233,NTC,Nepal Doorsanchar Company Limited,Others,0.27,True,2080/2081
Shrawan,189,NEF,Nabil Equity Fund,Mutual Fund,0.2,True,2080/2081
Shrawan,194,NMBHF1,NMB Hybrid Fund L-1,Mutual Fund,-1.4,True,2080/2081
Shrawan,736,RMF1,RBB Mutual Fund 1,Mutual Fund,0.1,True,2080/2081
Shrawan,884,RMF2,RBB Mutual Fund 2,Mutual Fund,3.96,True,2080/2081
Chaitra,11,EBL,Everest Bank Limited,Commercial Banks,0.03,True,2082/2083
Chaitra,13,GBIME,Global IME Bank Limited,Commercial Banks,0.68,True,2082/2083
Chaitra,27,NABIL,Nabil Bank Limited,Commercial Banks,0.4,True,2082/2083
Chaitra,44,PCBL,Prime Commercial Bank Limited,Commercial Banks,0.63,True,2082/2083
Chaitra,46,SANIMA,Sanima Bank Limited,Commercial Banks,0.91,True,2082/2083
Chaitra,50,SCB,Standard Chartered Bank Limited,Commercial Banks,0.49,True,2082/2083
Chaitra,62,GBBL,Garima Bikas Bank Limited,Development Banks,0.48,True,2082/2083
Chaitra,70,KSBBL,Kamana Sewa Bikas Bank Limited,Development Banks,-0.39,True,2082/2083
Chaitra,1095,SABBL,Salapa Bikas Bank Limited,Development Banks,2.17,True,2082/2083
Chaitra,265,CBBL,Chhimek Laghubitta Bittiya Sanstha Limited,Microfinance,0.22,True,2082/2083
Chaitra,285,ILBS,Infinity Laghubitta Bittiya Sanstha Limited,Microfinance,0.11,True,2082/2083
Chaitra,1050,SWASTIK,Swastik Laghubita Bittiya Sanstha Limited,Microfinance,1.6,True,2082/2083
Chaitra,826,HEI,Himalayan Everest Insurance Limited,Non Life Insurance,0.77,True,2082/2083
Chaitra,873,SALICO,Sagarmatha Lumbini Insurance Company Limited,Non Life Insurance,0.68,True,2082/2083
Chaitra,876,SPIL,Siddhartha Premier Insurance Company Limited,Non Life Insurance,1.26,True,2082/2083
Chaitra,249,NLICL,National Life Insurance Co. Ltd.,Life Insurance,0.2,True,2082/2083
Chaitra,846,SJLIC,Suryajyoti Life Insurance Company Limited,Life Insurance,-0.46,True,2082/2083
Chaitra,152,API,Api Power Company Ltd.,Hydro Power,0.79,True,2082/2083
Chaitra,169,NGPL,Ngadi Group Power Ltd.,Hydro Power,1.01,True,2082/2083
Chaitra,176,SHPC,Sanima Mai Hydropower Ltd.,Hydro Power,0.13,True,2082/2083
Chaitra,178,SPDL,Synergy Power Development Ltd.,Hydro Power,-0.15,True,2082/2083
Chaitra,180,UMHL,United Modi Hydropower Ltd.,Hydro Power,-0.35,True,2082/2083
Chaitra,611,MEN,Mountain Energy Nepal Limited,Hydro Power,-0.33,True,2082/2083
Chaitra,617,UMRH,United IDI Mardi and RB Hydropower Ltd,Hydro Power,0.57,True,2082/2083
Chaitra,760,SAHAS,Sahas Urja Ltd.,Hydro Power,0.76,True,2082/2083
Chaitra,788,RFPL,River Falls Power Limited,Hydro Power,1.13,True,2082/2083
Chaitra,853,TAMOR,Sanima Middle Tamor Hydropower,Hydro Power,1.34,True,2082/2083
Chaitra,856,MAKAR,Makar Jitumaya Suri Hydropower Limited,Hydro Power,1.94,True,2082/2083
Chaitra,938,SIPD,Shikhar Power Development Limited,Hydro Power,2.0,True,2082/2083
Chaitra,993,HIMSTAR,Him Star Urja Company Limited,Hydro Power,4.32,True,2082/2083
Chaitra,994,DHEL,Daramkhola Hydro Energy Limited,Hydro Power,6.05,True,2082/2083
Chaitra,995,BJHL,Bhujung Hydropower Limited,Hydro Power,3.03,True,2082/2083
Chaitra,996,SANVI,Sanvi Energy Limited,Hydro Power,4.69,True,2082/2083
Chaitra,1000,MABEL,Mabilung Energy Limited,Hydro Power,9.35,True,2082/2083
Chaitra,1001,SOHL,Solu Hydropower Limited,Hydro Power,0.44,True,2082/2083
Chaitra,1003,BHCL,Bikash Hydropower Company Limited,Hydro Power,6.39,True,2082/2083
Chaitra,1004,RLEL,Ridge Line Energy Limited,Hydro Power,2.79,True,2082/2083
Chaitra,1009,BUNGAL,Bungal Hydro Limited,Hydro Power,9.12,True,2082/2083
Chaitra,1016,SKHL,Super Khudi Hydropower Limited,Hydro Power,6.74,True,2082/2083
Chaitra,1023,SKHEL,Suryakunda Hydro Electric Limited,Hydro Power,1.91,True,2082/2083
Chaitra,149,SHL,Soaltee Hotel Limited,Hotels and Tourism,0.22,True,2082/2083
Chaitra,986,HFIN,Hotel Forest Inn Limited,Hotels and Tourism,4.17,True,2082/2083
Chaitra,989,BANDIPUR,Bandipur Cable Car and Tourism Limited,Hotels and Tourism,1.85,True,2082/2083
Chaitra,238,HDL,Himalayan Distillery Limited,Manufacturing and Processing,0.59,True,2082/2083
Chaitra,242,UNL,Unilever Nepal Limited,Manufacturing and Processing,0.92,True,2082/2083
Chaitra,1035,SYPNL,SY Panel Nepal Limited,Manufacturing and Processing,1.54,True,2082/2083
Chaitra,1040,PCIL,Palpa Cement Industries Limited,Manufacturing and Processing,1.85,True,2082/2083
Chaitra,1047,SAGAR,Sagar Distillery Limited,Manufacturing and Processing,2.51,True,2082/2083
Chaitra,1089,SAIL,Shreenagar Agritech Industries Limited,Manufacturing and Processing,2.29,True,2082/2083
Chaitra,231,CIT,Citizen Investment Trust,Investment,0.03,True,2082/2083
Chaitra,572,NRN,NRN Infrastructure and Development Limited,Investment,1.75,True,2082/2083
Chaitra,891,TTL,Trade Tower Ltd.,Others,4.52,True,2082/2083
Chaitra,945,HRL,Himalayan Re-Insurance Limited,Others,0.22,True,2082/2083
Chaitra,1022,JHAPA,Jhapa Energy Limited,Others,6.69,True,2082/2083
Chaitra,764,MMF1,Mega Mutual Fund - 1,Mutual Fund,1.16,True,2082/2083
Chaitra,878,SIGS3,Siddhartha Investment Growth Scheme-3,Mutual Fund,0.93,True,2082/2083
Chaitra,949,NICGF2,NIC Asia Growth Fund-2,Mutual Fund,-0.92,True,2082/2083
Chaitra,954,NIBLSTF,NIBL Stable Fund,Mutual Fund,-0.21,True,2082/2083
Chaitra,982,MNMF1,Muktinath Mutual Fund 1,Mutual Fund,0.0,True,2082/2083
Chaitra,11,EBL,Everest Bank Limited,Commercial Banks,0.03,True,2082/2083
Chaitra,13,GBIME,Global IME Bank Limited,Commercial Banks,0.68,True,2082/2083
Chaitra,27,NABIL,Nabil Bank Limited,Commercial Banks,0.4,True,2082/2083
Chaitra,44,PCBL,Prime Commercial Bank Limited,Commercial Banks,0.63,True,2082/2083
Chaitra,46,SANIMA,Sanima Bank Limited,Commercial Banks,0.91,True,2082/2083
Chaitra,50,SCB,Standard Chartered Bank Limited,Commercial Banks,0.49,True,2082/2083
Chaitra,62,GBBL,Garima Bikas Bank Limited,Development Banks,0.48,True,2082/2083
Chaitra,70,KSBBL,Kamana Sewa Bikas Bank Limited,Development Banks,-0.39,True,2082/2083
Chaitra,1095,SABBL,Salapa Bikas Bank Limited,Development Banks,2.17,True,2082/2083
Chaitra,265,CBBL,Chhimek Laghubitta Bittiya Sanstha Limited,Microfinance,0.22,True,2082/2083
Chaitra,285,ILBS,Infinity Laghubitta Bittiya Sanstha Limited,Microfinance,0.11,True,2082/2083
Chaitra,1050,SWASTIK,Swastik Laghubita Bittiya Sanstha Limited,Microfinance,1.6,True,2082/2083
Chaitra,826,HEI,Himalayan Everest Insurance Limited,Non Life Insurance,0.77,True,2082/2083
Chaitra,873,SALICO,Sagarmatha Lumbini Insurance Company Limited,Non Life Insurance,0.68,True,2082/2083
Chaitra,876,SPIL,Siddhartha Premier Insurance Company Limited,Non Life Insurance,1.26,True,2082/2083
Chaitra,249,NLICL,National Life Insurance Co. Ltd.,Life Insurance,0.2,True,2082/2083
Chaitra,846,SJLIC,Suryajyoti Life Insurance Company Limited,Life Insurance,-0.46,True,2082/2083
Chaitra,152,API,Api Power Company Ltd.,Hydro Power,0.79,True,2082/2083
Chaitra,169,NGPL,Ngadi Group Power Ltd.,Hydro Power,1.01,True,2082/2083
Chaitra,176,SHPC,Sanima Mai Hydropower Ltd.,Hydro Power,0.13,True,2082/2083
Chaitra,178,SPDL,Synergy Power Development Ltd.,Hydro Power,-0.15,True,2082/2083
Chaitra,180,UMHL,United Modi Hydropower Ltd.,Hydro Power,-0.35,True,2082/2083
Chaitra,611,MEN,Mountain Energy Nepal Limited,Hydro Power,-0.33,True,2082/2083
Chaitra,617,UMRH,United IDI Mardi and RB Hydropower Ltd,Hydro Power,0.57,True,2082/2083
Chaitra,760,SAHAS,Sahas Urja Ltd.,Hydro Power,0.76,True,2082/2083
Chaitra,788,RFPL,River Falls Power Limited,Hydro Power,1.13,True,2082/2083
Chaitra,853,TAMOR,Sanima Middle Tamor Hydropower,Hydro Power,1.34,True,2082/2083
Chaitra,856,MAKAR,Makar Jitumaya Suri Hydropower Limited,Hydro Power,1.94,True,2082/2083
Chaitra,938,SIPD,Shikhar Power Development Limited,Hydro Power,2.0,True,2082/2083
Chaitra,993,HIMSTAR,Him Star Urja Company Limited,Hydro Power,4.32,True,2082/2083
Chaitra,994,DHEL,Daramkhola Hydro Energy Limited,Hydro Power,6.05,True,2082/2083
Chaitra,995,BJHL,Bhujung Hydropower Limited,Hydro Power,3.03,True,2082/2083
Chaitra,996,SANVI,Sanvi Energy Limited,Hydro Power,4.69,True,2082/2083
Chaitra,1000,MABEL,Mabilung Energy Limited,Hydro Power,9.35,True,2082/2083
Chaitra,1001,SOHL,Solu Hydropower Limited,Hydro Power,0.44,True,2082/2083
Chaitra,1003,BHCL,Bikash Hydropower Company Limited,Hydro Power,6.39,True,2082/2083
Chaitra,1004,RLEL,Ridge Line Energy Limited,Hydro Power,2.79,True,2082/2083
Chaitra,1009,BUNGAL,Bungal Hydro Limited,Hydro Power,9.12,True,2082/2083
Chaitra,1016,SKHL,Super Khudi Hydropower Limited,Hydro Power,6.74,True,2082/2083
Chaitra,1023,SKHEL,Suryakunda Hydro Electric Limited,Hydro Power,1.91,True,2082/2083
Chaitra,149,SHL,Soaltee Hotel Limited,Hotels and Tourism,0.22,True,2082/2083
Chaitra,986,HFIN,Hotel Forest Inn Limited,Hotels and Tourism,4.17,True,2082/2083
Chaitra,989,BANDIPUR,Bandipur Cable Car and Tourism Limited,Hotels and Tourism,1.85,True,2082/2083
Chaitra,238,HDL,Himalayan Distillery Limited,Manufacturing and Processing,0.59,True,2082/2083
Chaitra,242,UNL,Unilever Nepal Limited,Manufacturing and Processing,0.92,True,2082/2083
Chaitra,1035,SYPNL,SY Panel Nepal Limited,Manufacturing and Processing,1.54,True,2082/2083
Chaitra,1040,PCIL,Palpa Cement Industries Limited,Manufacturing and Processing,1.85,True,2082/2083
Chaitra,1047,SAGAR,Sagar Distillery Limited,Manufacturing and Processing,2.51,True,2082/2083
Chaitra,1089,SAIL,Shreenagar Agritech Industries Limited,Manufacturing and Processing,2.29,True,2082/2083
Chaitra,231,CIT,Citizen Investment Trust,Investment,0.03,True,2082/2083
Chaitra,572,NRN,NRN Infrastructure and Development Limited,Investment,1.75,True,2082/2083
Chaitra,891,TTL,Trade Tower Ltd.,Others,4.52,True,2082/2083
Chaitra,945,HRL,Himalayan Re-Insurance Limited,Others,0.22,True,2082/2083
Chaitra,1022,JHAPA,Jhapa Energy Limited,Others,6.69,True,2082/2083
Chaitra,764,MMF1,Mega Mutual Fund - 1,Mutual Fund,1.16,True,2082/2083
Chaitra,878,SIGS3,Siddhartha Investment Growth Scheme-3,Mutual Fund,0.93,True,2082/2083
Chaitra,949,NICGF2,NIC Asia Growth Fund-2,Mutual Fund,-0.92,True,2082/2083
Chaitra,954,NIBLSTF,NIBL Stable Fund,Mutual Fund,-0.21,True,2082/2083
Chaitra,982,MNMF1,Muktinath Mutual Fund 1,Mutual Fund,0.0,True,2082/2083
Chaitra,11,EBL,Everest Bank Limited,Commercial Banks,0.03,True,2082/2083
Chaitra,13,GBIME,Global IME Bank Limited,Commercial Banks,0.68,True,2082/2083
Chaitra,27,NABIL,Nabil Bank Limited,Commercial Banks,0.4,True,2082/2083
Chaitra,44,PCBL,Prime Commercial Bank Limited,Commercial Banks,0.63,True,2082/2083
Chaitra,46,SANIMA,Sanima Bank Limited,Commercial Banks,0.91,True,2082/2083
Chaitra,50,SCB,Standard Chartered Bank Limited,Commercial Banks,0.49,True,2082/2083
Chaitra,62,GBBL,Garima Bikas Bank Limited,Development Banks,0.48,True,2082/2083
Chaitra,70,KSBBL,Kamana Sewa Bikas Bank Limited,Development Banks,-0.39,True,2082/2083
Chaitra,1095,SABBL,Salapa Bikas Bank Limited,Development Banks,2.17,True,2082/2083
Chaitra,265,CBBL,Chhimek Laghubitta Bittiya Sanstha Limited,Microfinance,0.22,True,2082/2083
Chaitra,285,ILBS,Infinity Laghubitta Bittiya Sanstha Limited,Microfinance,0.11,True,2082/2083
Chaitra,1050,SWASTIK,Swastik Laghubita Bittiya Sanstha Limited,Microfinance,1.6,True,2082/2083
Chaitra,826,HEI,Himalayan Everest Insurance Limited,Non Life Insurance,0.77,True,2082/2083
Chaitra,873,SALICO,Sagarmatha Lumbini Insurance Company Limited,Non Life Insurance,0.68,True,2082/2083
Chaitra,876,SPIL,Siddhartha Premier Insurance Company Limited,Non Life Insurance,1.26,True,2082/2083
Chaitra,249,NLICL,National Life Insurance Co. Ltd.,Life Insurance,0.2,True,2082/2083
Chaitra,846,SJLIC,Suryajyoti Life Insurance Company Limited,Life Insurance,-0.46,True,2082/2083
Chaitra,152,API,Api Power Company Ltd.,Hydro Power,0.79,True,2082/2083
Chaitra,169,NGPL,Ngadi Group Power Ltd.,Hydro Power,1.01,True,2082/2083
Chaitra,176,SHPC,Sanima Mai Hydropower Ltd.,Hydro Power,0.13,True,2082/2083
Chaitra,178,SPDL,Synergy Power Development Ltd.,Hydro Power,-0.15,True,2082/2083
Chaitra,180,UMHL,United Modi Hydropower Ltd.,Hydro Power,-0.35,True,2082/2083
Chaitra,611,MEN,Mountain Energy Nepal Limited,Hydro Power,-0.33,True,2082/2083
Chaitra,617,UMRH,United IDI Mardi and RB Hydropower Ltd,Hydro Power,0.57,True,2082/2083
Chaitra,760,SAHAS,Sahas Urja Ltd.,Hydro Power,0.76,True,2082/2083
Chaitra,788,RFPL,River Falls Power Limited,Hydro Power,1.13,True,2082/2083
Chaitra,853,TAMOR,Sanima Middle Tamor Hydropower,Hydro Power,1.34,True,2082/2083
Chaitra,856,MAKAR,Makar Jitumaya Suri Hydropower Limited,Hydro Power,1.94,True,2082/2083
Chaitra,938,SIPD,Shikhar Power Development Limited,Hydro Power,2.0,True,2082/2083
Chaitra,993,HIMSTAR,Him Star Urja Company Limited,Hydro Power,4.32,True,2082/2083
Chaitra,994,DHEL,Daramkhola Hydro Energy Limited,Hydro Power,6.05,True,2082/2083
Chaitra,995,BJHL,Bhujung Hydropower Limited,Hydro Power,3.03,True,2082/2083
Chaitra,996,SANVI,Sanvi Energy Limited,Hydro Power,4.69,True,2082/2083
Chaitra,1000,MABEL,Mabilung Energy Limited,Hydro Power,9.35,True,2082/2083
Chaitra,1001,SOHL,Solu Hydropower Limited,Hydro Power,0.44,True,2082/2083
Chaitra,1003,BHCL,Bikash Hydropower Company Limited,Hydro Power,6.39,True,2082/2083
Chaitra,1004,RLEL,Ridge Line Energy Limited,Hydro Power,2.79,True,2082/2083
Chaitra,1009,BUNGAL,Bungal Hydro Limited,Hydro Power,9.12,True,2082/2083
Chaitra,1016,SKHL,Super Khudi Hydropower Limited,Hydro Power,6.74,True,2082/2083
Chaitra,1023,SKHEL,Suryakunda Hydro Electric Limited,Hydro Power,1.91,True,2082/2083
Chaitra,149,SHL,Soaltee Hotel Limited,Hotels and Tourism,0.22,True,2082/2083
Chaitra,986,HFIN,Hotel Forest Inn Limited,Hotels and Tourism,4.17,True,2082/2083
Chaitra,989,BANDIPUR,Bandipur Cable Car and Tourism Limited,Hotels and Tourism,1.85,True,2082/2083
Chaitra,238,HDL,Himalayan Distillery Limited,Manufacturing and Processing,0.59,True,2082/2083
Chaitra,242,UNL,Unilever Nepal Limited,Manufacturing and Processing,0.92,True,2082/2083
Chaitra,1035,SYPNL,SY Panel Nepal Limited,Manufacturing and Processing,1.54,True,2082/2083
Chaitra,1040,PCIL,Palpa Cement Industries Limited,Manufacturing and Processing,1.85,True,2082/2083
Chaitra,1047,SAGAR,Sagar Distillery Limited,Manufacturing and Processing,2.51,True,2082/2083
Chaitra,1089,SAIL,Shreenagar Agritech Industries Limited,Manufacturing and Processing,2.29,True,2082/2083
Chaitra,231,CIT,Citizen Investment Trust,Investment,0.03,True,2082/2083
Chaitra,572,NRN,NRN Infrastructure and Development Limited,Investment,1.75,True,2082/2083
Chaitra,891,TTL,Trade Tower Ltd.,Others,4.52,True,2082/2083
Chaitra,945,HRL,Himalayan Re-Insurance Limited,Others,0.22,True,2082/2083
Chaitra,1022,JHAPA,Jhapa Energy Limited,Others,6.69,True,2082/2083
Chaitra,764,MMF1,Mega Mutual Fund - 1,Mutual Fund,1.16,True,2082/2083
Chaitra,878,SIGS3,Siddhartha Investment Growth Scheme-3,Mutual Fund,0.93,True,2082/2083
Chaitra,949,NICGF2,NIC Asia Growth Fund-2,Mutual Fund,-0.92,True,2082/2083
Chaitra,954,NIBLSTF,NIBL Stable Fund,Mutual Fund,-0.21,True,2082/2083
Chaitra,982,MNMF1,Muktinath Mutual Fund 1,Mutual Fund,0.0,True,2082/2083
Chaitra,11,EBL,Everest Bank Limited,Commercial Banks,0.03,True,2082/2083
Chaitra,13,GBIME,Global IME Bank Limited,Commercial Banks,0.68,True,2082/2083
Chaitra,27,NABIL,Nabil Bank Limited,Commercial Banks,0.4,True,2082/2083
Chaitra,44,PCBL,Prime Commercial Bank Limited,Commercial Banks,0.63,True,2082/2083
Chaitra,46,SANIMA,Sanima Bank Limited,Commercial Banks,0.91,True,2082/2083
Chaitra,50,SCB,Standard Chartered Bank Limited,Commercial Banks,0.49,True,2082/2083
Chaitra,62,GBBL,Garima Bikas Bank Limited,Development Banks,0.48,True,2082/2083
Chaitra,70,KSBBL,Kamana Sewa Bikas Bank Limited,Development Banks,-0.39,True,2082/2083
Chaitra,1095,SABBL,Salapa Bikas Bank Limited,Development Banks,2.17,True,2082/2083
Chaitra,265,CBBL,Chhimek Laghubitta Bittiya Sanstha Limited,Microfinance,0.22,True,2082/2083
Chaitra,285,ILBS,Infinity Laghubitta Bittiya Sanstha Limited,Microfinance,0.11,True,2082/2083
Chaitra,1050,SWASTIK,Swastik Laghubita Bittiya Sanstha Limited,Microfinance,1.6,True,2082/2083
Chaitra,826,HEI,Himalayan Everest Insurance Limited,Non Life Insurance,0.77,True,2082/2083
Chaitra,873,SALICO,Sagarmatha Lumbini Insurance Company Limited,Non Life Insurance,0.68,True,2082/2083
Chaitra,876,SPIL,Siddhartha Premier Insurance Company Limited,Non Life Insurance,1.26,True,2082/2083
Chaitra,249,NLICL,National Life Insurance Co. Ltd.,Life Insurance,0.2,True,2082/2083
Chaitra,846,SJLIC,Suryajyoti Life Insurance Company Limited,Life Insurance,-0.46,True,2082/2083
Chaitra,152,API,Api Power Company Ltd.,Hydro Power,0.79,True,2082/2083
Chaitra,169,NGPL,Ngadi Group Power Ltd.,Hydro Power,1.01,True,2082/2083
Chaitra,176,SHPC,Sanima Mai Hydropower Ltd.,Hydro Power,0.13,True,2082/2083
Chaitra,178,SPDL,Synergy Power Development Ltd.,Hydro Power,-0.15,True,2082/2083
Chaitra,180,UMHL,United Modi Hydropower Ltd.,Hydro Power,-0.35,True,2082/2083
Chaitra,611,MEN,Mountain Energy Nepal Limited,Hydro Power,-0.33,True,2082/2083
Chaitra,617,UMRH,United IDI Mardi and RB Hydropower Ltd,Hydro Power,0.57,True,2082/2083
Chaitra,760,SAHAS,Sahas Urja Ltd.,Hydro Power,0.76,True,2082/2083
Chaitra,788,RFPL,River Falls Power Limited,Hydro Power,1.13,True,2082/2083
Chaitra,853,TAMOR,Sanima Middle Tamor Hydropower,Hydro Power,1.34,True,2082/2083
Chaitra,856,MAKAR,Makar Jitumaya Suri Hydropower Limited,Hydro Power,1.94,True,2082/2083
Chaitra,938,SIPD,Shikhar Power Development Limited,Hydro Power,2.0,True,2082/2083
Chaitra,993,HIMSTAR,Him Star Urja Company Limited,Hydro Power,4.32,True,2082/2083
Chaitra,994,DHEL,Daramkhola Hydro Energy Limited,Hydro Power,6.05,True,2082/2083
Chaitra,995,BJHL,Bhujung Hydropower Limited,Hydro Power,3.03,True,2082/2083
Chaitra,996,SANVI,Sanvi Energy Limited,Hydro Power,4.69,True,2082/2083
Chaitra,1000,MABEL,Mabilung Energy Limited,Hydro Power,9.35,True,2082/2083
Chaitra,1001,SOHL,Solu Hydropower Limited,Hydro Power,0.44,True,2082/2083
Chaitra,1003,BHCL,Bikash Hydropower Company Limited,Hydro Power,6.39,True,2082/2083
Chaitra,1004,RLEL,Ridge Line Energy Limited,Hydro Power,2.79,True,2082/2083
Chaitra,1009,BUNGAL,Bungal Hydro Limited,Hydro Power,9.12,True,2082/2083
Chaitra,1016,SKHL,Super Khudi Hydropower Limited,Hydro Power,6.74,True,2082/2083
Chaitra,1023,SKHEL,Suryakunda Hydro Electric Limited,Hydro Power,1.91,True,2082/2083
Chaitra,149,SHL,Soaltee Hotel Limited,Hotels and Tourism,0.22,True,2082/2083
Chaitra,986,HFIN,Hotel Forest Inn Limited,Hotels and Tourism,4.17,True,2082/2083
Chaitra,989,BANDIPUR,Bandipur Cable Car and Tourism Limited,Hotels and Tourism,1.85,True,2082/2083
Chaitra,238,HDL,Himalayan Distillery Limited,Manufacturing and Processing,0.59,True,2082/2083
Chaitra,242,UNL,Unilever Nepal Limited,Manufacturing and Processing,0.92,True,2082/2083
Chaitra,1035,SYPNL,SY Panel Nepal Limited,Manufacturing and Processing,1.54,True,2082/2083
Chaitra,1040,PCIL,Palpa Cement Industries Limited,Manufacturing and Processing,1.85,True,2082/2083
Chaitra,1047,SAGAR,Sagar Distillery Limited,Manufacturing and Processing,2.51,True,2082/2083
Chaitra,1089,SAIL,Shreenagar Agritech Industries Limited,Manufacturing and Processing,2.29,True,2082/2083
Chaitra,231,CIT,Citizen Investment Trust,Investment,0.03,True,2082/2083
Chaitra,572,NRN,NRN Infrastructure and Development Limited,Investment,1.75,True,2082/2083
Chaitra,891,TTL,Trade Tower Ltd.,Others,4.52,True,2082/2083
Chaitra,945,HRL,Himalayan Re-Insurance Limited,Others,0.22,True,2082/2083
Chaitra,1022,JHAPA,Jhapa Energy Limited,Others,6.69,True,2082/2083
Chaitra,764,MMF1,Mega Mutual Fund - 1,Mutual Fund,1.16,True,2082/2083
Chaitra,878,SIGS3,Siddhartha Investment Growth Scheme-3,Mutual Fund,0.93,True,2082/2083
Chaitra,949,NICGF2,NIC Asia Growth Fund-2,Mutual Fund,-0.92,True,2082/2083
Chaitra,954,NIBLSTF,NIBL Stable Fund,Mutual Fund,-0.21,True,2082/2083
Chaitra,982,MNMF1,Muktinath Mutual Fund 1,Mutual Fund,0.0,True,2082/2083
Chaitra,11,EBL,Everest Bank Limited,Commercial Banks,0.03,True,2082/2083
Chaitra,13,GBIME,Global IME Bank Limited,Commercial Banks,0.68,True,2082/2083
Chaitra,27,NABIL,Nabil Bank Limited,Commercial Banks,0.4,True,2082/2083
Chaitra,44,PCBL,Prime Commercial Bank Limited,Commercial Banks,0.63,True,2082/2083
Chaitra,46,SANIMA,Sanima Bank Limited,Commercial Banks,0.91,True,2082/2083
Chaitra,50,SCB,Standard Chartered Bank Limited,Commercial Banks,0.49,True,2082/2083
Chaitra,62,GBBL,Garima Bikas Bank Limited,Development Banks,0.48,True,2082/2083
Chaitra,70,KSBBL,Kamana Sewa Bikas Bank Limited,Development Banks,-0.39,True,2082/2083
Chaitra,1095,SABBL,Salapa Bikas Bank Limited,Development Banks,2.17,True,2082/2083
Chaitra,265,CBBL,Chhimek Laghubitta Bittiya Sanstha Limited,Microfinance,0.22,True,2082/2083
Chaitra,285,ILBS,Infinity Laghubitta Bittiya Sanstha Limited,Microfinance,0.11,True,2082/2083
Chaitra,1050,SWASTIK,Swastik Laghubita Bittiya Sanstha Limited,Microfinance,1.6,True,2082/2083
Chaitra,826,HEI,Himalayan Everest Insurance Limited,Non Life Insurance,0.77,True,2082/2083
Chaitra,873,SALICO,Sagarmatha Lumbini Insurance Company Limited,Non Life Insurance,0.68,True,2082/2083
Chaitra,876,SPIL,Siddhartha Premier Insurance Company Limited,Non Life Insurance,1.26,True,2082/2083
Chaitra,249,NLICL,National Life Insurance Co. Ltd.,Life Insurance,0.2,True,2082/2083
Chaitra,846,SJLIC,Suryajyoti Life Insurance Company Limited,Life Insurance,-0.46,True,2082/2083
Chaitra,152,API,Api Power Company Ltd.,Hydro Power,0.79,True,2082/2083
Chaitra,169,NGPL,Ngadi Group Power Ltd.,Hydro Power,1.01,True,2082/2083
Chaitra,176,SHPC,Sanima Mai Hydropower Ltd.,Hydro Power,0.13,True,2082/2083
Chaitra,178,SPDL,Synergy Power Development Ltd.,Hydro Power,-0.15,True,2082/2083
Chaitra,180,UMHL,United Modi Hydropower Ltd.,Hydro Power,-0.35,True,2082/2083
Chaitra,611,MEN,Mountain Energy Nepal Limited,Hydro Power,-0.33,True,2082/2083
Chaitra,617,UMRH,United IDI Mardi and RB Hydropower Ltd,Hydro Power,0.57,True,2082/2083
Chaitra,760,SAHAS,Sahas Urja Ltd.,Hydro Power,0.76,True,2082/2083
Chaitra,788,RFPL,River Falls Power Limited,Hydro Power,1.13,True,2082/2083
Chaitra,853,TAMOR,Sanima Middle Tamor Hydropower,Hydro Power,1.34,True,2082/2083
Chaitra,856,MAKAR,Makar Jitumaya Suri Hydropower Limited,Hydro Power,1.94,True,2082/2083
Chaitra,938,SIPD,Shikhar Power Development Limited,Hydro Power,2.0,True,2082/2083
Chaitra,993,HIMSTAR,Him Star Urja Company Limited,Hydro Power,4.32,True,2082/2083
Chaitra,994,DHEL,Daramkhola Hydro Energy Limited,Hydro Power,6.05,True,2082/2083
Chaitra,995,BJHL,Bhujung Hydropower Limited,Hydro Power,3.03,True,2082/2083
Chaitra,996,SANVI,Sanvi Energy Limited,Hydro Power,4.69,True,2082/2083
Chaitra,1000,MABEL,Mabilung Energy Limited,Hydro Power,9.35,True,2082/2083
Chaitra,1001,SOHL,Solu Hydropower Limited,Hydro Power,0.44,True,2082/2083
Chaitra,1003,BHCL,Bikash Hydropower Company Limited,Hydro Power,6.39,True,2082/2083
Chaitra,1004,RLEL,Ridge Line Energy Limited,Hydro Power,2.79,True,2082/2083
Chaitra,1009,BUNGAL,Bungal Hydro Limited,Hydro Power,9.12,True,2082/2083
Chaitra,1016,SKHL,Super Khudi Hydropower Limited,Hydro Power,6.74,True,2082/2083
Chaitra,1023,SKHEL,Suryakunda Hydro Electric Limited,Hydro Power,1.91,True,2082/2083
Chaitra,149,SHL,Soaltee Hotel Limited,Hotels and Tourism,0.22,True,2082/2083
Chaitra,986,HFIN,Hotel Forest Inn Limited,Hotels and Tourism,4.17,True,2082/2083
Chaitra,989,BANDIPUR,Bandipur Cable Car and Tourism Limited,Hotels and Tourism,1.85,True,2082/2083
Chaitra,238,HDL,Himalayan Distillery Limited,Manufacturing and Processing,0.59,True,2082/2083
Chaitra,242,UNL,Unilever Nepal Limited,Manufacturing and Processing,0.92,True,2082/2083
Chaitra,1035,SYPNL,SY Panel Nepal Limited,Manufacturing and Processing,1.54,True,2082/2083
Chaitra,1040,PCIL,Palpa Cement Industries Limited,Manufacturing and Processing,1.85,True,2082/2083
Chaitra,1047,SAGAR,Sagar Distillery Limited,Manufacturing and Processing,2.51,True,2082/2083
Chaitra,1089,SAIL,Shreenagar Agritech Industries Limited,Manufacturing and Processing,2.29,True,2082/2083
Chaitra,231,CIT,Citizen Investment Trust,Investment,0.03,True,2082/2083
Chaitra,572,NRN,NRN Infrastructure and Development Limited,Investment,1.75,True,2082/2083
Chaitra,891,TTL,Trade Tower Ltd.,Others,4.52,True,2082/2083
Chaitra,945,HRL,Himalayan Re-Insurance Limited,Others,0.22,True,2082/2083
Chaitra,1022,JHAPA,Jhapa Energy Limited,Others,6.69,True,2082/2083
Chaitra,764,MMF1,Mega Mutual Fund - 1,Mutual Fund,1.16,True,2082/2083
Chaitra,878,SIGS3,Siddhartha Investment Growth Scheme-3,Mutual Fund,0.93,True,2082/2083
Chaitra,949,NICGF2,NIC Asia Growth Fund-2,Mutual Fund,-0.92,True,2082/2083
Chaitra,954,NIBLSTF,NIBL Stable Fund,Mutual Fund,-0.21,True,2082/2083
Chaitra,982,MNMF1,Muktinath Mutual Fund 1,Mutual Fund,0.0,True,2082/2083
Ashwin,11,EBL,Everest Bank Limited,Commercial Banks,0.03,True,2080/2081
Ashwin,13,GBIME,Global IME Bank Limited,Commercial Banks,0.68,True,2080/2081
Ashwin,23,MBL,Machhapuchhre Bank Limited,Commercial Banks,0.76,True,2080/2081
Ashwin,37,SBI,Nepal SBI Bank Limited,Commercial Banks,1.63,True,2080/2081
Ashwin,40,NMB,NMB Bank Limited,Commercial Banks,1.06,True,2080/2081
Ashwin,46,SANIMA,Sanima Bank Limited,Commercial Banks,0.91,True,2080/2081
Ashwin,50,SCB,Standard Chartered Bank Limited,Commercial Banks,0.49,True,2080/2081
Ashwin,922,LSL,Laxmi Sunrise Bank Limited,Commercial Banks,1.3,True,2080/2081
Ashwin,62,GBBL,Garima Bikas Bank Limited,Development Banks,0.48,True,2080/2081
Ashwin,84,MNBBL,Muktinath Bikas Bank Ltd.,Development Banks,0.21,True,2080/2081
Ashwin,100,SHINE,Shine Resunga Development Bank Ltd.,Development Banks,-0.22,True,2080/2081
Ashwin,122,ICFC,ICFC Finance Limited,Finance,-0.06,True,2080/2081
Ashwin,210,NIL,Neco Insurance Co. Ltd.,Non Life Insurance,0.99,True,2080/2081
Ashwin,211,NICL,Nepal Insurance Co. Ltd.,Non Life Insurance,1.02,True,2080/2081
Ashwin,225,SICL,Shikhar Insurance Co. Ltd.,Non Life Insurance,0.18,True,2080/2081
Ashwin,229,UIC,United Insurance Co. (Nepal) Ltd.,Non Life Insurance,-0.75,False,2080/2081
Ashwin,873,SALICO,Sagarmatha Lumbini Insurance Company Limited,Non Life Insurance,0.68,True,2080/2081
Ashwin,876,SPIL,Siddhartha Premier Insurance Company Limited,Non Life Insurance,1.26,True,2080/2081
Ashwin,919,UAIL,United Ajod Insurance Limited,Non Life Insurance,0.25,True,2080/2081
Ashwin,243,ALICL,Asian Life Insurance Co. Limited,Life Insurance,-0.53,True,2080/2081
Ashwin,247,LICN,Life Insurance Corporation (Nepal) Limited,Life Insurance,-0.72,True,2080/2081
Ashwin,249,NLICL,National Life Insurance Co. Ltd.,Life Insurance,0.2,True,2080/2081
Ashwin,251,NLIC,Nepal Life Insurance Co. Ltd.,Life Insurance,0.1,True,2080/2081
Ashwin,152,API,Api Power Company Ltd.,Hydro Power,0.79,True,2080/2081
Ashwin,578,SSHL,Shiva Shree Hydropower Limited,Hydro Power,2.54,True,2080/2081
Ashwin,611,MEN,Mountain Energy Nepal Limited,Hydro Power,-0.33,True,2080/2081
Ashwin,760,SAHAS,Sahas Urja Ltd.,Hydro Power,0.76,True,2080/2081
Ashwin,832,PHCL,Peoples Hydropower Company Limited,Hydro Power,0.06,True,2080/2081
Ashwin,856,MAKAR,Makar Jitumaya Suri Hydropower Limited,Hydro Power,1.94,True,2080/2081
Ashwin,236,BNT,Bottlers Nepal (Terai) Limited,Manufacturing and Processing,-1.77,True,2080/2081
Ashwin,238,HDL,Himalayan Distillery Limited,Manufacturing and Processing,0.59,True,2080/2081
Ashwin,240,SHIVM,Shivam Cement Ltd.,Manufacturing and Processing,0.96,True,2080/2081
Ashwin,242,UNL,Unilever Nepal Limited,Manufacturing and Processing,0.92,True,2080/2081
Ashwin,233,NTC,Nepal Doorsanchar Company Limited,Others,0.27,True,2080/2081
Ashwin,189,NEF,Nabil Equity Fund,Mutual Fund,0.2,True,2080/2081
Ashwin,194,NMBHF1,NMB Hybrid Fund L-1,Mutual Fund,-1.4,True,2080/2081
Ashwin,736,RMF1,RBB Mutual Fund 1,Mutual Fund,0.1,True,2080/2081
Ashwin,881,PRSF,Prabhu Smart Fund,Mutual Fund,0.39,True,2080/2081
Ashwin,884,RMF2,RBB Mutual Fund 2,Mutual Fund,3.96,True,2080/2081
Jestha,11,EBL,Everest Bank Limited,Commercial Banks,0.03,True,2080/2081
Jestha,13,GBIME,Global IME Bank Limited,Commercial Banks,0.68,True,2080/2081
Jestha,37,SBI,Nepal SBI Bank Limited,Commercial Banks,1.63,True,2080/2081
Jestha,40,NMB,NMB Bank Limited,Commercial Banks,1.06,True,2080/2081
Jestha,46,SANIMA,Sanima Bank Limited,Commercial Banks,0.91,True,2080/2081
Jestha,50,SCB,Standard Chartered Bank Limited,Commercial Banks,0.49,True,2080/2081
Jestha,922,LSL,Laxmi Sunrise Bank Limited,Commercial Banks,1.3,True,2080/2081
Jestha,62,GBBL,Garima Bikas Bank Limited,Development Banks,0.48,True,2080/2081
Jestha,100,SHINE,Shine Resunga Development Bank Ltd.,Development Banks,-0.22,True,2080/2081
Jestha,128,MFIL,Manjushree Finance Ltd.,Finance,-0.37,True,2080/2081
Jestha,284,GLBSL,Gurans Laghubitta Bittiya Sanstha Limited,Microfinance,1.01,True,2080/2081
Jestha,210,NIL,Neco Insurance Co. Ltd.,Non Life Insurance,0.99,True,2080/2081
Jestha,873,SALICO,Sagarmatha Lumbini Insurance Company Limited,Non Life Insurance,0.68,True,2080/2081
Jestha,876,SPIL,Siddhartha Premier Insurance Company Limited,Non Life Insurance,1.26,True,2080/2081
Jestha,919,UAIL,United Ajod Insurance Limited,Non Life Insurance,0.25,True,2080/2081
Jestha,243,ALICL,Asian Life Insurance Co. Limited,Life Insurance,-0.53,True,2080/2081
Jestha,247,LICN,Life Insurance Corporation (Nepal) Limited,Life Insurance,-0.72,True,2080/2081
Jestha,249,NLICL,National Life Insurance Co. Ltd.,Life Insurance,0.2,True,2080/2081
Jestha,251,NLIC,Nepal Life Insurance Co. Ltd.,Life Insurance,0.1,True,2080/2081
Jestha,152,API,Api Power Company Ltd.,Hydro Power,0.79,True,2080/2081
Jestha,153,AKPL,Arun Kabeli Power Ltd.,Hydro Power,1.52,True,2080/2081
Jestha,160,GHL,Ghalemdi Hydro Limited,Hydro Power,2.11,True,2080/2081
Jestha,575,LEC,Liberty Energy Company Limited,Hydro Power,2.64,True,2080/2081
Jestha,578,SSHL,Shiva Shree Hydropower Limited,Hydro Power,2.54,True,2080/2081
Jestha,611,MEN,Mountain Energy Nepal Limited,Hydro Power,-0.33,True,2080/2081
Jestha,760,SAHAS,Sahas Urja Ltd.,Hydro Power,0.76,True,2080/2081
Jestha,832,PHCL,Peoples Hydropower Company Limited,Hydro Power,0.06,True,2080/2081
Jestha,856,MAKAR,Makar Jitumaya Suri Hydropower Limited,Hydro Power,1.94,True,2080/2081
Jestha,893,VLUCL,Vision Lumbini Urja Company Limited,Hydro Power,-0.3,True,2080/2081
Jestha,902,CKHL,Chirkhwa Hydro Power Ltd,Hydro Power,0.66,True,2080/2081
Jestha,903,MMKJL,Mathillo Mailun Khola Jalvidhyut Limited,Hydro Power,-0.6,True,2080/2081
Jestha,150,TRH,Taragaon Regency Hotel Limited,Hotels and Tourism,0.35,True,2080/2081
Jestha,236,BNT,Bottlers Nepal (Terai) Limited,Manufacturing and Processing,-1.77,True,2080/2081
Jestha,240,SHIVM,Shivam Cement Ltd.,Manufacturing and Processing,0.96,True,2080/2081
Jestha,242,UNL,Unilever Nepal Limited,Manufacturing and Processing,0.92,True,2080/2081
Jestha,674,SARBTM,Sarbottam Cement Limited,Manufacturing and Processing,0.23,True,2080/2081
Jestha,231,CIT,Citizen Investment Trust,Investment,0.03,True,2080/2081
Jestha,888,MKCL,Muktinath Krishi Company Ltd.,Others,0.86,True,2080/2081
Jestha,892,NWCL,Nepal Warehousing Company Ltd,Others,2.16,True,2080/2081
Jestha,945,HRL,Himalayan Re-Insurance Limited,Others,0.22,True,2080/2081
Jestha,189,NEF,Nabil Equity Fund,Mutual Fund,0.2,True,2080/2081
Jestha,194,NMBHF1,NMB Hybrid Fund L-1,Mutual Fund,-1.4,True,2080/2081
Jestha,881,PRSF,Prabhu Smart Fund,Mutual Fund,0.39,True,2080/2081
Jestha,884,RMF2,RBB Mutual Fund 2,Mutual Fund,3.96,True,2080/2081
Jestha,935,H8020,Himalayan 80-20,Mutual Fund,-1.32,True,2080/2081
Jestha,949,NICGF2,NIC Asia Growth Fund-2,Mutual Fund,-0.92,True,2080/2081
Jestha,954,NIBLSTF,NIBL Stable Fund,Mutual Fund,-0.21,True,2080/2081
Chaitra,11,EBL,Everest Bank Limited,Commercial Banks,0.03,True,2082/2083
Chaitra,13,GBIME,Global IME Bank Limited,Commercial Banks,0.68,True,2082/2083
Chaitra,27,NABIL,Nabil Bank Limited,Commercial Banks,0.4,True,2082/2083
Chaitra,44,PCBL,Prime Commercial Bank Limited,Commercial Banks,0.63,True,2082/2083
Chaitra,46,SANIMA,Sanima Bank Limited,Commercial Banks,0.91,True,2082/2083
Chaitra,50,SCB,Standard Chartered Bank Limited,Commercial Banks,0.49,True,2082/2083
Chaitra,62,GBBL,Garima Bikas Bank Limited,Development Banks,0.48,True,2082/2083
Chaitra,70,KSBBL,Kamana Sewa Bikas Bank Limited,Development Banks,-0.39,True,2082/2083
Chaitra,1095,SABBL,Salapa Bikas Bank Limited,Development Banks,2.17,True,2082/2083
Chaitra,265,CBBL,Chhimek Laghubitta Bittiya Sanstha Limited,Microfinance,0.22,True,2082/2083
Chaitra,285,ILBS,Infinity Laghubitta Bittiya Sanstha Limited,Microfinance,0.11,True,2082/2083
Chaitra,1050,SWASTIK,Swastik Laghubita Bittiya Sanstha Limited,Microfinance,1.6,True,2082/2083
Chaitra,826,HEI,Himalayan Everest Insurance Limited,Non Life Insurance,0.77,True,2082/2083
Chaitra,873,SALICO,Sagarmatha Lumbini Insurance Company Limited,Non Life Insurance,0.68,True,2082/2083
Chaitra,876,SPIL,Siddhartha Premier Insurance Company Limited,Non Life Insurance,1.26,True,2082/2083
Chaitra,249,NLICL,National Life Insurance Co. Ltd.,Life Insurance,0.2,True,2082/2083
Chaitra,846,SJLIC,Suryajyoti Life Insurance Company Limited,Life Insurance,-0.46,True,2082/2083
Chaitra,152,API,Api Power Company Ltd.,Hydro Power,0.79,True,2082/2083
Chaitra,169,NGPL,Ngadi Group Power Ltd.,Hydro Power,1.01,True,2082/2083
Chaitra,176,SHPC,Sanima Mai Hydropower Ltd.,Hydro Power,0.13,True,2082/2083
Chaitra,178,SPDL,Synergy Power Development Ltd.,Hydro Power,-0.15,True,2082/2083
Chaitra,180,UMHL,United Modi Hydropower Ltd.,Hydro Power,-0.35,True,2082/2083
Chaitra,611,MEN,Mountain Energy Nepal Limited,Hydro Power,-0.33,True,2082/2083
Chaitra,617,UMRH,United IDI Mardi and RB Hydropower Ltd,Hydro Power,0.57,True,2082/2083
Chaitra,760,SAHAS,Sahas Urja Ltd.,Hydro Power,0.76,True,2082/2083
Chaitra,788,RFPL,River Falls Power Limited,Hydro Power,1.13,True,2082/2083
Chaitra,853,TAMOR,Sanima Middle Tamor Hydropower,Hydro Power,1.34,True,2082/2083
Chaitra,856,MAKAR,Makar Jitumaya Suri Hydropower Limited,Hydro Power,1.94,True,2082/2083
Chaitra,938,SIPD,Shikhar Power Development Limited,Hydro Power,2.0,True,2082/2083
Chaitra,993,HIMSTAR,Him Star Urja Company Limited,Hydro Power,4.32,True,2082/2083
Chaitra,994,DHEL,Daramkhola Hydro Energy Limited,Hydro Power,6.05,True,2082/2083
Chaitra,995,BJHL,Bhujung Hydropower Limited,Hydro Power,3.03,True,2082/2083
Chaitra,996,SANVI,Sanvi Energy Limited,Hydro Power,4.69,True,2082/2083
Chaitra,1000,MABEL,Mabilung Energy Limited,Hydro Power,9.35,True,2082/2083
Chaitra,1001,SOHL,Solu Hydropower Limited,Hydro Power,0.44,True,2082/2083
Chaitra,1003,BHCL,Bikash Hydropower Company Limited,Hydro Power,6.39,True,2082/2083
Chaitra,1004,RLEL,Ridge Line Energy Limited,Hydro Power,2.79,True,2082/2083
Chaitra,1009,BUNGAL,Bungal Hydro Limited,Hydro Power,9.12,True,2082/2083
Chaitra,1016,SKHL,Super Khudi Hydropower Limited,Hydro Power,6.74,True,2082/2083
Chaitra,1023,SKHEL,Suryakunda Hydro Electric Limited,Hydro Power,1.91,True,2082/2083
Chaitra,149,SHL,Soaltee Hotel Limited,Hotels and Tourism,0.22,True,2082/2083
Chaitra,986,HFIN,Hotel Forest Inn Limited,Hotels and Tourism,4.17,True,2082/2083
Chaitra,989,BANDIPUR,Bandipur Cable Car and Tourism Limited,Hotels and Tourism,1.85,True,2082/2083
Chaitra,238,HDL,Himalayan Distillery Limited,Manufacturing and Processing,0.59,True,2082/2083
Chaitra,242,UNL,Unilever Nepal Limited,Manufacturing and Processing,0.92,True,2082/2083
Chaitra,1035,SYPNL,SY Panel Nepal Limited,Manufacturing and Processing,1.54,True,2082/2083
Chaitra,1040,PCIL,Palpa Cement Industries Limited,Manufacturing and Processing,1.85,True,2082/2083
Chaitra,1047,SAGAR,Sagar Distillery Limited,Manufacturing and Processing,2.51,True,2082/2083
Chaitra,1089,SAIL,Shreenagar Agritech Industries Limited,Manufacturing and Processing,2.29,True,2082/2083
Chaitra,231,CIT,Citizen Investment Trust,Investment,0.03,True,2082/2083
Chaitra,572,NRN,NRN Infrastructure and Development Limited,Investment,1.75,True,2082/2083
Chaitra,891,TTL,Trade Tower Ltd.,Others,4.52,True,2082/2083
Chaitra,945,HRL,Himalayan Re-Insurance Limited,Others,0.22,True,2082/2083
Chaitra,1022,JHAPA,Jhapa Energy Limited,Others,6.69,True,2082/2083
Chaitra,764,MMF1,Mega Mutual Fund - 1,Mutual Fund,1.16,True,2082/2083
Chaitra,878,SIGS3,Siddhartha Investment Growth Scheme-3,Mutual Fund,0.93,True,2082/2083
Chaitra,949,NICGF2,NIC Asia Growth Fund-2,Mutual Fund,-0.92,True,2082/2083
Chaitra,954,NIBLSTF,NIBL Stable Fund,Mutual Fund,-0.21,True,2082/2083
Chaitra,982,MNMF1,Muktinath Mutual Fund 1,Mutual Fund,0.0,True,2082/2083
Chaitra,11,EBL,Everest Bank Limited,Commercial Banks,0.03,True,2082/2083
Chaitra,13,GBIME,Global IME Bank Limited,Commercial Banks,0.68,True,2082/2083
Chaitra,27,NABIL,Nabil Bank Limited,Commercial Banks,0.4,True,2082/2083
Chaitra,44,PCBL,Prime Commercial Bank Limited,Commercial Banks,0.63,True,2082/2083
Chaitra,46,SANIMA,Sanima Bank Limited,Commercial Banks,0.91,True,2082/2083
Chaitra,50,SCB,Standard Chartered Bank Limited,Commercial Banks,0.49,True,2082/2083
Chaitra,62,GBBL,Garima Bikas Bank Limited,Development Banks,0.48,True,2082/2083
Chaitra,70,KSBBL,Kamana Sewa Bikas Bank Limited,Development Banks,-0.39,True,2082/2083
Chaitra,1095,SABBL,Salapa Bikas Bank Limited,Development Banks,2.17,True,2082/2083
Chaitra,265,CBBL,Chhimek Laghubitta Bittiya Sanstha Limited,Microfinance,0.22,True,2082/2083
Chaitra,285,ILBS,Infinity Laghubitta Bittiya Sanstha Limited,Microfinance,0.11,True,2082/2083
Chaitra,1050,SWASTIK,Swastik Laghubita Bittiya Sanstha Limited,Microfinance,1.6,True,2082/2083
Chaitra,826,HEI,Himalayan Everest Insurance Limited,Non Life Insurance,0.77,True,2082/2083
Chaitra,873,SALICO,Sagarmatha Lumbini Insurance Company Limited,Non Life Insurance,0.68,True,2082/2083
Chaitra,876,SPIL,Siddhartha Premier Insurance Company Limited,Non Life Insurance,1.26,True,2082/2083
Chaitra,249,NLICL,National Life Insurance Co. Ltd.,Life Insurance,0.2,True,2082/2083
Chaitra,846,SJLIC,Suryajyoti Life Insurance Company Limited,Life Insurance,-0.46,True,2082/2083
Chaitra,152,API,Api Power Company Ltd.,Hydro Power,0.79,True,2082/2083
Chaitra,169,NGPL,Ngadi Group Power Ltd.,Hydro Power,1.01,True,2082/2083
Chaitra,176,SHPC,Sanima Mai Hydropower Ltd.,Hydro Power,0.13,True,2082/2083
Chaitra,178,SPDL,Synergy Power Development Ltd.,Hydro Power,-0.15,True,2082/2083
Chaitra,180,UMHL,United Modi Hydropower Ltd.,Hydro Power,-0.35,True,2082/2083
Chaitra,611,MEN,Mountain Energy Nepal Limited,Hydro Power,-0.33,True,2082/2083
Chaitra,617,UMRH,United IDI Mardi and RB Hydropower Ltd,Hydro Power,0.57,True,2082/2083
Chaitra,760,SAHAS,Sahas Urja Ltd.,Hydro Power,0.76,True,2082/2083
Chaitra,788,RFPL,River Falls Power Limited,Hydro Power,1.13,True,2082/2083
Chaitra,853,TAMOR,Sanima Middle Tamor Hydropower,Hydro Power,1.34,True,2082/2083
Chaitra,856,MAKAR,Makar Jitumaya Suri Hydropower Limited,Hydro Power,1.94,True,2082/2083
Chaitra,938,SIPD,Shikhar Power Development Limited,Hydro Power,2.0,True,2082/2083
Chaitra,993,HIMSTAR,Him Star Urja Company Limited,Hydro Power,4.32,True,2082/2083
Chaitra,994,DHEL,Daramkhola Hydro Energy Limited,Hydro Power,6.05,True,2082/2083
Chaitra,995,BJHL,Bhujung Hydropower Limited,Hydro Power,3.03,True,2082/2083
Chaitra,996,SANVI,Sanvi Energy Limited,Hydro Power,4.69,True,2082/2083
Chaitra,1000,MABEL,Mabilung Energy Limited,Hydro Power,9.35,True,2082/2083
Chaitra,1001,SOHL,Solu Hydropower Limited,Hydro Power,0.44,True,2082/2083
Chaitra,1003,BHCL,Bikash Hydropower Company Limited,Hydro Power,6.39,True,2082/2083
Chaitra,1004,RLEL,Ridge Line Energy Limited,Hydro Power,2.79,True,2082/2083
Chaitra,1009,BUNGAL,Bungal Hydro Limited,Hydro Power,9.12,True,2082/2083
Chaitra,1016,SKHL,Super Khudi Hydropower Limited,Hydro Power,6.74,True,2082/2083
Chaitra,1023,SKHEL,Suryakunda Hydro Electric Limited,Hydro Power,1.91,True,2082/2083
Chaitra,149,SHL,Soaltee Hotel Limited,Hotels and Tourism,0.22,True,2082/2083
Chaitra,986,HFIN,Hotel Forest Inn Limited,Hotels and Tourism,4.17,True,2082/2083
Chaitra,989,BANDIPUR,Bandipur Cable Car and Tourism Limited,Hotels and Tourism,1.85,True,2082/2083
Chaitra,238,HDL,Himalayan Distillery Limited,Manufacturing and Processing,0.59,True,2082/2083
Chaitra,242,UNL,Unilever Nepal Limited,Manufacturing and Processing,0.92,True,2082/2083
Chaitra,1035,SYPNL,SY Panel Nepal Limited,Manufacturing and Processing,1.54,True,2082/2083
Chaitra,1040,PCIL,Palpa Cement Industries Limited,Manufacturing and Processing,1.85,True,2082/2083
Chaitra,1047,SAGAR,Sagar Distillery Limited,Manufacturing and Processing,2.51,True,2082/2083
Chaitra,1089,SAIL,Shreenagar Agritech Industries Limited,Manufacturing and Processing,2.29,True,2082/2083
Chaitra,231,CIT,Citizen Investment Trust,Investment,0.03,True,2082/2083
Chaitra,572,NRN,NRN Infrastructure and Development Limited,Investment,1.75,True,2082/2083
Chaitra,891,TTL,Trade Tower Ltd.,Others,4.52,True,2082/2083
Chaitra,945,HRL,Himalayan Re-Insurance Limited,Others,0.22,True,2082/2083
Chaitra,1022,JHAPA,Jhapa Energy Limited,Others,6.69,True,2082/2083
Chaitra,764,MMF1,Mega Mutual Fund - 1,Mutual Fund,1.16,True,2082/2083
Chaitra,878,SIGS3,Siddhartha Investment Growth Scheme-3,Mutual Fund,0.93,True,2082/2083
Chaitra,949,NICGF2,NIC Asia Growth Fund-2,Mutual Fund,-0.92,True,2082/2083
Chaitra,954,NIBLSTF,NIBL Stable Fund,Mutual Fund,-0.21,True,2082/2083
Chaitra,982,MNMF1,Muktinath Mutual Fund 1,Mutual Fund,0.0,True,2082/2083
Chaitra,11,EBL,Everest Bank Limited,Commercial Banks,0.03,True,2082/2083
Chaitra,13,GBIME,Global IME Bank Limited,Commercial Banks,0.68,True,2082/2083
Chaitra,27,NABIL,Nabil Bank Limited,Commercial Banks,0.4,True,2082/2083
Chaitra,44,PCBL,Prime Commercial Bank Limited,Commercial Banks,0.63,True,2082/2083
Chaitra,46,SANIMA,Sanima Bank Limited,Commercial Banks,0.91,True,2082/2083
Chaitra,50,SCB,Standard Chartered Bank Limited,Commercial Banks,0.49,True,2082/2083
Chaitra,62,GBBL,Garima Bikas Bank Limited,Development Banks,0.48,True,2082/2083
Chaitra,70,KSBBL,Kamana Sewa Bikas Bank Limited,Development Banks,-0.39,True,2082/2083
Chaitra,1095,SABBL,Salapa Bikas Bank Limited,Development Banks,2.17,True,2082/2083
Chaitra,265,CBBL,Chhimek Laghubitta Bittiya Sanstha Limited,Microfinance,0.22,True,2082/2083
Chaitra,285,ILBS,Infinity Laghubitta Bittiya Sanstha Limited,Microfinance,0.11,True,2082/2083
Chaitra,1050,SWASTIK,Swastik Laghubita Bittiya Sanstha Limited,Microfinance,1.6,True,2082/2083
Chaitra,826,HEI,Himalayan Everest Insurance Limited,Non Life Insurance,0.77,True,2082/2083
Chaitra,873,SALICO,Sagarmatha Lumbini Insurance Company Limited,Non Life Insurance,0.68,True,2082/2083
Chaitra,876,SPIL,Siddhartha Premier Insurance Company Limited,Non Life Insurance,1.26,True,2082/2083
Chaitra,249,NLICL,National Life Insurance Co. Ltd.,Life Insurance,0.2,True,2082/2083
Chaitra,846,SJLIC,Suryajyoti Life Insurance Company Limited,Life Insurance,-0.46,True,2082/2083
Chaitra,152,API,Api Power Company Ltd.,Hydro Power,0.79,True,2082/2083
Chaitra,169,NGPL,Ngadi Group Power Ltd.,Hydro Power,1.01,True,2082/2083
Chaitra,176,SHPC,Sanima Mai Hydropower Ltd.,Hydro Power,0.13,True,2082/2083
Chaitra,178,SPDL,Synergy Power Development Ltd.,Hydro Power,-0.15,True,2082/2083
Chaitra,180,UMHL,United Modi Hydropower Ltd.,Hydro Power,-0.35,True,2082/2083
Chaitra,611,MEN,Mountain Energy Nepal Limited,Hydro Power,-0.33,True,2082/2083
Chaitra,617,UMRH,United IDI Mardi and RB Hydropower Ltd,Hydro Power,0.57,True,2082/2083
Chaitra,760,SAHAS,Sahas Urja Ltd.,Hydro Power,0.76,True,2082/2083
Chaitra,788,RFPL,River Falls Power Limited,Hydro Power,1.13,True,2082/2083
Chaitra,853,TAMOR,Sanima Middle Tamor Hydropower,Hydro Power,1.34,True,2082/2083
Chaitra,856,MAKAR,Makar Jitumaya Suri Hydropower Limited,Hydro Power,1.94,True,2082/2083
Chaitra,938,SIPD,Shikhar Power Development Limited,Hydro Power,2.0,True,2082/2083
Chaitra,993,HIMSTAR,Him Star Urja Company Limited,Hydro Power,4.32,True,2082/2083
Chaitra,994,DHEL,Daramkhola Hydro Energy Limited,Hydro Power,6.05,True,2082/2083
Chaitra,995,BJHL,Bhujung Hydropower Limited,Hydro Power,3.03,True,2082/2083
Chaitra,996,SANVI,Sanvi Energy Limited,Hydro Power,4.69,True,2082/2083
Chaitra,1000,MABEL,Mabilung Energy Limited,Hydro Power,9.35,True,2082/2083
Chaitra,1001,SOHL,Solu Hydropower Limited,Hydro Power,0.44,True,2082/2083
Chaitra,1003,BHCL,Bikash Hydropower Company Limited,Hydro Power,6.39,True,2082/2083
Chaitra,1004,RLEL,Ridge Line Energy Limited,Hydro Power,2.79,True,2082/2083
Chaitra,1009,BUNGAL,Bungal Hydro Limited,Hydro Power,9.12,True,2082/2083
Chaitra,1016,SKHL,Super Khudi Hydropower Limited,Hydro Power,6.74,True,2082/2083
Chaitra,1023,SKHEL,Suryakunda Hydro Electric Limited,Hydro Power,1.91,True,2082/2083
Chaitra,149,SHL,Soaltee Hotel Limited,Hotels and Tourism,0.22,True,2082/2083
Chaitra,986,HFIN,Hotel Forest Inn Limited,Hotels and Tourism,4.17,True,2082/2083
Chaitra,989,BANDIPUR,Bandipur Cable Car and Tourism Limited,Hotels and Tourism,1.85,True,2082/2083
Chaitra,238,HDL,Himalayan Distillery Limited,Manufacturing and Processing,0.59,True,2082/2083
Chaitra,242,UNL,Unilever Nepal Limited,Manufacturing and Processing,0.92,True,2082/2083
Chaitra,1035,SYPNL,SY Panel Nepal Limited,Manufacturing and Processing,1.54,True,2082/2083
Chaitra,1040,PCIL,Palpa Cement Industries Limited,Manufacturing and Processing,1.85,True,2082/2083
Chaitra,1047,SAGAR,Sagar Distillery Limited,Manufacturing and Processing,2.51,True,2082/2083
Chaitra,1089,SAIL,Shreenagar Agritech Industries Limited,Manufacturing and Processing,2.29,True,2082/2083
Chaitra,231,CIT,Citizen Investment Trust,Investment,0.03,True,2082/2083
Chaitra,572,NRN,NRN Infrastructure and Development Limited,Investment,1.75,True,2082/2083
Chaitra,891,TTL,Trade Tower Ltd.,Others,4.52,True,2082/2083
Chaitra,945,HRL,Himalayan Re-Insurance Limited,Others,0.22,True,2082/2083
Chaitra,1022,JHAPA,Jhapa Energy Limited,Others,6.69,True,2082/2083
Chaitra,764,MMF1,Mega Mutual Fund - 1,Mutual Fund,1.16,True,2082/2083
Chaitra,878,SIGS3,Siddhartha Investment Growth Scheme-3,Mutual Fund,0.93,True,2082/2083
Chaitra,949,NICGF2,NIC Asia Growth Fund-2,Mutual Fund,-0.92,True,2082/2083
Chaitra,954,NIBLSTF,NIBL Stable Fund,Mutual Fund,-0.21,True,2082/2083
Chaitra,982,MNMF1,Muktinath Mutual Fund 1,Mutual Fund,0.0,True,2082/2083
Chaitra,11,EBL,Everest Bank Limited,Commercial Banks,0.03,True,2082/2083
Chaitra,13,GBIME,Global IME Bank Limited,Commercial Banks,0.68,True,2082/2083
Chaitra,27,NABIL,Nabil Bank Limited,Commercial Banks,0.4,True,2082/2083
Chaitra,44,PCBL,Prime Commercial Bank Limited,Commercial Banks,0.63,True,2082/2083
Chaitra,46,SANIMA,Sanima Bank Limited,Commercial Banks,0.91,True,2082/2083
Chaitra,50,SCB,Standard Chartered Bank Limited,Commercial Banks,0.49,True,2082/2083
Chaitra,62,GBBL,Garima Bikas Bank Limited,Development Banks,0.48,True,2082/2083
Chaitra,70,KSBBL,Kamana Sewa Bikas Bank Limited,Development Banks,-0.39,True,2082/2083
Chaitra,1095,SABBL,Salapa Bikas Bank Limited,Development Banks,2.17,True,2082/2083
Chaitra,265,CBBL,Chhimek Laghubitta Bittiya Sanstha Limited,Microfinance,0.22,True,2082/2083
Chaitra,285,ILBS,Infinity Laghubitta Bittiya Sanstha Limited,Microfinance,0.11,True,2082/2083
Chaitra,1050,SWASTIK,Swastik Laghubita Bittiya Sanstha Limited,Microfinance,1.6,True,2082/2083
Chaitra,826,HEI,Himalayan Everest Insurance Limited,Non Life Insurance,0.77,True,2082/2083
Chaitra,873,SALICO,Sagarmatha Lumbini Insurance Company Limited,Non Life Insurance,0.68,True,2082/2083
Chaitra,876,SPIL,Siddhartha Premier Insurance Company Limited,Non Life Insurance,1.26,True,2082/2083
Chaitra,249,NLICL,National Life Insurance Co. Ltd.,Life Insurance,0.2,True,2082/2083
Chaitra,846,SJLIC,Suryajyoti Life Insurance Company Limited,Life Insurance,-0.46,True,2082/2083
Chaitra,152,API,Api Power Company Ltd.,Hydro Power,0.79,True,2082/2083
Chaitra,169,NGPL,Ngadi Group Power Ltd.,Hydro Power,1.01,True,2082/2083
Chaitra,176,SHPC,Sanima Mai Hydropower Ltd.,Hydro Power,0.13,True,2082/2083
Chaitra,178,SPDL,Synergy Power Development Ltd.,Hydro Power,-0.15,True,2082/2083
Chaitra,180,UMHL,United Modi Hydropower Ltd.,Hydro Power,-0.35,True,2082/2083
Chaitra,611,MEN,Mountain Energy Nepal Limited,Hydro Power,-0.33,True,2082/2083
Chaitra,617,UMRH,United IDI Mardi and RB Hydropower Ltd,Hydro Power,0.57,True,2082/2083
Chaitra,760,SAHAS,Sahas Urja Ltd.,Hydro Power,0.76,True,2082/2083
Chaitra,788,RFPL,River Falls Power Limited,Hydro Power,1.13,True,2082/2083
Chaitra,853,TAMOR,Sanima Middle Tamor Hydropower,Hydro Power,1.34,True,2082/2083
Chaitra,856,MAKAR,Makar Jitumaya Suri Hydropower Limited,Hydro Power,1.94,True,2082/2083
Chaitra,938,SIPD,Shikhar Power Development Limited,Hydro Power,2.0,True,2082/2083
Chaitra,993,HIMSTAR,Him Star Urja Company Limited,Hydro Power,4.32,True,2082/2083
Chaitra,994,DHEL,Daramkhola Hydro Energy Limited,Hydro Power,6.05,True,2082/2083
Chaitra,995,BJHL,Bhujung Hydropower Limited,Hydro Power,3.03,True,2082/2083
Chaitra,996,SANVI,Sanvi Energy Limited,Hydro Power,4.69,True,2082/2083
Chaitra,1000,MABEL,Mabilung Energy Limited,Hydro Power,9.35,True,2082/2083
Chaitra,1001,SOHL,Solu Hydropower Limited,Hydro Power,0.44,True,2082/2083
Chaitra,1003,BHCL,Bikash Hydropower Company Limited,Hydro Power,6.39,True,2082/2083
Chaitra,1004,RLEL,Ridge Line Energy Limited,Hydro Power,2.79,True,2082/2083
Chaitra,1009,BUNGAL,Bungal Hydro Limited,Hydro Power,9.12,True,2082/2083
Chaitra,1016,SKHL,Super Khudi Hydropower Limited,Hydro Power,6.74,True,2082/2083
Chaitra,1023,SKHEL,Suryakunda Hydro Electric Limited,Hydro Power,1.91,True,2082/2083
Chaitra,149,SHL,Soaltee Hotel Limited,Hotels and Tourism,0.22,True,2082/2083
Chaitra,986,HFIN,Hotel Forest Inn Limited,Hotels and Tourism,4.17,True,2082/2083
Chaitra,989,BANDIPUR,Bandipur Cable Car and Tourism Limited,Hotels and Tourism,1.85,True,2082/2083
Chaitra,238,HDL,Himalayan Distillery Limited,Manufacturing and Processing,0.59,True,2082/2083
Chaitra,242,UNL,Unilever Nepal Limited,Manufacturing and Processing,0.92,True,2082/2083
Chaitra,1035,SYPNL,SY Panel Nepal Limited,Manufacturing and Processing,1.54,True,2082/2083
Chaitra,1040,PCIL,Palpa Cement Industries Limited,Manufacturing and Processing,1.85,True,2082/2083
Chaitra,1047,SAGAR,Sagar Distillery Limited,Manufacturing and Processing,2.51,True,2082/2083
Chaitra,1089,SAIL,Shreenagar Agritech Industries Limited,Manufacturing and Processing,2.29,True,2082/2083
Chaitra,231,CIT,Citizen Investment Trust,Investment,0.03,True,2082/2083
Chaitra,572,NRN,NRN Infrastructure and Development Limited,Investment,1.75,True,2082/2083
Chaitra,891,TTL,Trade Tower Ltd.,Others,4.52,True,2082/2083
Chaitra,945,HRL,Himalayan Re-Insurance Limited,Others,0.22,True,2082/2083
Chaitra,1022,JHAPA,Jhapa Energy Limited,Others,6.69,True,2082/2083
Chaitra,764,MMF1,Mega Mutual Fund - 1,Mutual Fund,1.16,True,2082/2083
Chaitra,878,SIGS3,Siddhartha Investment Growth Scheme-3,Mutual Fund,0.93,True,2082/2083
Chaitra,949,NICGF2,NIC Asia Growth Fund-2,Mutual Fund,-0.92,True,2082/2083
Chaitra,954,NIBLSTF,NIBL Stable Fund,Mutual Fund,-0.21,True,2082/2083
Chaitra,982,MNMF1,Muktinath Mutual Fund 1,Mutual Fund,0.0,True,2082/2083
Bhadra,2,ADBL,Agricultural Development Bank Limited,Commercial Banks,-0.16,True,2082/2083
Bhadra,11,EBL,Everest Bank Limited,Commercial Banks,0.03,True,2082/2083
Bhadra,13,GBIME,Global IME Bank Limited,Commercial Banks,0.68,True,2082/2083
Bhadra,15,HBL,Himalayan Bank Limited,Commercial Banks,-0.88,True,2082/2083
Bhadra,27,NABIL,Nabil Bank Limited,Commercial Banks,0.4,True,2082/2083
Bhadra,31,NBL,Nepal Bank Limited,Commercial Banks,-0.93,True,2082/2083
Bhadra,37,SBI,Nepal SBI Bank Limited,Commercial Banks,1.63,True,2082/2083
Bhadra,38,NICA,NIC Asia Bank Ltd.,Commercial Banks,0.28,True,2082/2083
Bhadra,40,NMB,NMB Bank Limited,Commercial Banks,1.06,True,2082/2083
Bhadra,42,PRVU,Prabhu Bank Limited,Commercial Banks,0.76,True,2082/2083
Bhadra,44,PCBL,Prime Commercial Bank Limited,Commercial Banks,0.63,True,2082/2083
Bhadra,46,SANIMA,Sanima Bank Limited,Commercial Banks,0.91,True,2082/2083
Bhadra,48,SBL,Siddhartha Bank Limited,Commercial Banks,1.24,True,2082/2083
Bhadra,50,SCB,Standard Chartered Bank Limited,Commercial Banks,0.49,True,2082/2083
Bhadra,808,NIMB,Nepal Investment Mega Bank Limited,Commercial Banks,1.28,True,2082/2083
Bhadra,922,LSL,Laxmi Sunrise Bank Limited,Commercial Banks,1.3,True,2082/2083
Bhadra,62,GBBL,Garima Bikas Bank Limited,Development Banks,0.48,True,2082/2083
Bhadra,70,KSBBL,Kamana Sewa Bikas Bank Limited,Development Banks,-0.39,True,2082/2083
Bhadra,80,MLBL,Mahalaxmi Bikas Bank Ltd.,Development Banks,0.25,True,2082/2083
Bhadra,98,SADBL,Shangrila Development Bank Ltd.,Development Banks,0.34,True,2082/2083
Bhadra,412,NABBC,Narayani Development Bank Limited,Development Banks,-1.03,True,2082/2083
Bhadra,118,GMFIL,Guheshowori Merchant Bank & Finance Co. Ltd.,Finance,0.41,True,2082/2083
Bhadra,120,GUFL,Gurkhas Finance Ltd.,Finance,0.94,True,2082/2083
Bhadra,124,JFL,Janaki Finance Company Ltd.,Finance,0.0,True,2082/2083
Bhadra,265,CBBL,Chhimek Laghubitta Bittiya Sanstha Limited,Microfinance,0.22,True,2082/2083
Bhadra,271,FMDBL,First Micro Finance Development Bank Ltd.,Microfinance,-0.59,True,2082/2083
Bhadra,280,GILB,Global IME Laghubitta Bittiya Sanstha Ltd.,Microfinance,0.44,True,2082/2083
Bhadra,285,ILBS,Infinity Laghubitta Bittiya Sanstha Limited,Microfinance,0.11,True,2082/2083
Bhadra,293,LLBS,Laxmi Laghubitta Bittiya Sanstha Ltd.,Microfinance,-0.62,True,2082/2083
Bhadra,325,RSDC,RSDC Laghubitta Bittiya Sanstha Ltd.,Microfinance,0.57,True,2082/2083
Bhadra,331,SLBSL,Samudayik Laghubitta Bittiya Sanstha Limited,Microfinance,-0.51,True,2082/2083
Bhadra,584,NICLBSL,NIC ASIA Laghubitta Bittiya Sanstha Limited,Microfinance,1.72,True,2082/2083
Bhadra,795,SWMF,Suryodaya Womi Laghubitta Bittiya Sanstha Limited,Microfinance,0.62,True,2082/2083
Bhadra,946,NMLBBL,Nerude Mirmire Laghubitta Bittiya Sanstha Limited,Microfinance,0.68,True,2082/2083
Bhadra,979,MATRI,Matribhumi Laghubitta Bittiya Sanstha Limited,Microfinance,0.56,True,2082/2083
Bhadra,210,NIL,Neco Insurance Co. Ltd.,Non Life Insurance,0.99,True,2082/2083
Bhadra,211,NICL,Nepal Insurance Co. Ltd.,Non Life Insurance,1.02,True,2082/2083
Bhadra,225,SICL,Shikhar Insurance Co. Ltd.,Non Life Insurance,0.18,True,2082/2083
Bhadra,826,HEI,Himalayan Everest Insurance Limited,Non Life Insurance,0.77,True,2082/2083
Bhadra,873,SALICO,Sagarmatha Lumbini Insurance Company Limited,Non Life Insurance,0.68,True,2082/2083
Bhadra,876,SPIL,Siddhartha Premier Insurance Company Limited,Non Life Insurance,1.26,True,2082/2083
Bhadra,1052,NMIC,Nepal Micro Insurance Company Limited,Non Life Insurance,-1.44,True,2082/2083
Bhadra,249,NLICL,National Life Insurance Co. Ltd.,Life Insurance,0.2,True,2082/2083
Bhadra,251,NLIC,Nepal Life Insurance Co. Ltd.,Life Insurance,0.1,True,2082/2083
Bhadra,846,SJLIC,Suryajyoti Life Insurance Company Limited,Life Insurance,-0.46,True,2082/2083
Bhadra,908,HLI,Himalayan Life Insurance Limited,Life Insurance,0.83,True,2082/2083
Bhadra,921,SNLI,Sun Nepal Life Insurance Company Limited,Life Insurance,-0.62,True,2082/2083
Bhadra,925,PMLI,Prabhu Mahalaxmi Life Insurance Limited,Life Insurance,0.86,True,2082/2083
Bhadra,983,GMLI,Guardian Micro-Life Insurance Company Limited,Life Insurance,-0.32,True,2082/2083
Bhadra,1051,CREST,Crest Micro Life Insurance Limited,Life Insurance,14.81,True,2082/2083
Bhadra,152,API,Api Power Company Ltd.,Hydro Power,0.79,True,2082/2083
Bhadra,156,BPCL,Butwal Power Company Limited,Hydro Power,-0.4,True,2082/2083
Bhadra,158,CHCL,Chilime Hydropower Company Limited,Hydro Power,0.63,True,2082/2083
Bhadra,169,NGPL,Ngadi Group Power Ltd.,Hydro Power,1.01,True,2082/2083
Bhadra,171,PPCL,Panchthar Power Company Limited,Hydro Power,0.08,True,2082/2083
Bhadra,172,RADHI,Radhi Bidyut Company Ltd,Hydro Power,1.29,True,2082/2083
Bhadra,174,RHPL,Rasuwagadhi Hydropower Company Limited,Hydro Power,0.0,True,2082/2083
Bhadra,176,SHPC,Sanima Mai Hydropower Ltd.,Hydro Power,0.13,True,2082/2083
Bhadra,179,UNHPL,Union Hydropower Limited,Hydro Power,1.17,True,2082/2083
Bhadra,180,UMHL,United Modi Hydropower Ltd.,Hydro Power,-0.35,True,2082/2083
Bhadra,181,UPCL,Universal Power Company Limited,Hydro Power,1.17,True,2082/2083
Bhadra,577,TVCL,Trishuli Jal Vidhyut Company Limited,Hydro Power,1.34,True,2082/2083
Bhadra,581,MKJC,Mailung Khola Jal Vidhyut Company Limited,Hydro Power,-2.1,True,2082/2083
Bhadra,611,MEN,Mountain Energy Nepal Limited,Hydro Power,-0.33,True,2082/2083
Bhadra,617,UMRH,United IDI Mardi and RB Hydropower Ltd,Hydro Power,0.57,True,2082/2083
Bhadra,628,SHEL,Singati Hydro Energy Limited,Hydro Power,1.27,True,2082/2083
Bhadra,731,MBJC,Madhya Bhotekoshi Jalavidyut Company Limited,Hydro Power,0.7,True,2082/2083
Bhadra,760,SAHAS,Sahas Urja Ltd.,Hydro Power,0.76,True,2082/2083
Bhadra,762,NYADI,Nyadi Hydropower Limited,Hydro Power,2.11,True,2082/2083
Bhadra,788,RFPL,River Falls Power Limited,Hydro Power,1.13,True,2082/2083
Bhadra,794,HHL,Himalayan Hydropower Limited,Hydro Power,2.33,True,2082/2083
Bhadra,853,TAMOR,Sanima Middle Tamor Hydropower,Hydro Power,1.34,True,2082/2083
Bhadra,856,MAKAR,Makar Jitumaya Suri Hydropower Limited,Hydro Power,1.94,True,2082/2083
Bhadra,893,VLUCL,Vision Lumbini Urja Company Limited,Hydro Power,-0.3,True,2082/2083
Bhadra,993,HIMSTAR,Him Star Urja Company Limited,Hydro Power,4.32,True,2082/2083
Bhadra,996,SANVI,Sanvi Energy Limited,Hydro Power,4.69,True,2082/2083
Bhadra,1003,BHCL,Bikash Hydropower Company Limited,Hydro Power,6.39,True,2082/2083
Bhadra,149,SHL,Soaltee Hotel Limited,Hotels and Tourism,0.22,True,2082/2083
Bhadra,620,CGH,Chandragiri Hills Limited,Hotels and Tourism,0.0,True,2082/2083
Bhadra,877,CITY,City Hotel Limited,Hotels and Tourism,-1.04,True,2082/2083
Bhadra,236,BNT,Bottlers Nepal (Terai) Limited,Manufacturing and Processing,-1.77,True,2082/2083
Bhadra,237,BNL,Bottlers Nepal (Balaju) Limited,Manufacturing and Processing,3.0,True,2082/2083
Bhadra,238,HDL,Himalayan Distillery Limited,Manufacturing and Processing,0.59,True,2082/2083
Bhadra,240,SHIVM,Shivam Cement Ltd.,Manufacturing and Processing,0.96,True,2082/2083
Bhadra,242,UNL,Unilever Nepal Limited,Manufacturing and Processing,0.92,True,2082/2083
Bhadra,889,SONA,Sonapur Minerals and Oil Ltd,Manufacturing and Processing,2.67,True,2082/2083
Bhadra,1039,OMPL,Om Megashree Pharmaceuticals Limited,Manufacturing and Processing,1.72,True,2082/2083
Bhadra,231,CIT,Citizen Investment Trust,Investment,0.03,True,2082/2083
Bhadra,625,NIFRA,Nepal Infrastructure Bank Limited,Investment,0.49,True,2082/2083
Bhadra,727,CHDC,CEDB Holdings Limited,Investment,1.55,True,2082/2083
Bhadra,780,ENL,Emerging Nepal Limited,Investment,-0.11,True,2082/2083
Bhadra,235,STC,Salt Trading Corporation,Tradings,-0.5,True,2082/2083
Bhadra,573,NRIC,Nepal Reinsurance Company Limited,Others,-0.42,True,2082/2083
Bhadra,891,TTL,Trade Tower Ltd.,Others,4.52,True,2082/2083
Bhadra,892,NWCL,Nepal Warehousing Company Ltd,Others,2.16,True,2082/2083
Bhadra,945,HRL,Himalayan Re-Insurance Limited,Others,0.22,True,2082/2083
Bhadra,1060,PURE,Pure Energy Limited,Others,1.65,True,2082/2083
Bhadra,728,NIBSF2,NIBL Samriddhi Fund - II,Mutual Fund,0.65,True,2082/2083
Bhadra,764,MMF1,Mega Mutual Fund - 1,Mutual Fund,1.16,True,2082/2083
Bhadra,833,SAGF,Sanima Growth Fund,Mutual Fund,0.0,True,2082/2083
Bhadra,849,NIBLGF,NIBL Growth Fund,Mutual Fund,2.91,True,2082/2083
Bhadra,850,SFEF,Sunrise Focused Equity Fund,Mutual Fund,-1.36,True,2082/2083
Bhadra,878,SIGS3,Siddhartha Investment Growth Scheme-3,Mutual Fund,0.93,True,2082/2083
Bhadra,949,NICGF2,NIC Asia Growth Fund-2,Mutual Fund,-0.92,True,2082/2083
Bhadra,954,NIBLSTF,NIBL Stable Fund,Mutual Fund,-0.21,True,2082/2083
Bhadra,982,MNMF1,Muktinath Mutual Fund 1,Mutual Fund,0.0,True,2082/2083
Bhadra,1049,GSY,Garima Samriddhi Yojana,Mutual Fund,0.0,True,2082/2083
Bhadra,1066,NMBHF2,NMB Hydrid Fund L-II,Mutual Fund,-1.73,True,2082/2083
Bhadra,1072,RSY,Reliable Samriddhi Yojana,Mutual Fund,1.87,True,2082/2083
Chaitra,11,EBL,Everest Bank Limited,Commercial Banks,0.03,True,2080/2081
Chaitra,13,GBIME,Global IME Bank Limited,Commercial Banks,0.68,True,2080/2081
Chaitra,37,SBI,Nepal SBI Bank Limited,Commercial Banks,1.63,True,2080/2081
Chaitra,40,NMB,NMB Bank Limited,Commercial Banks,1.06,True,2080/2081
Chaitra,46,SANIMA,Sanima Bank Limited,Commercial Banks,0.91,True,2080/2081
Chaitra,50,SCB,Standard Chartered Bank Limited,Commercial Banks,0.49,True,2080/2081
Chaitra,922,LSL,Laxmi Sunrise Bank Limited,Commercial Banks,1.3,True,2080/2081
Chaitra,62,GBBL,Garima Bikas Bank Limited,Development Banks,0.48,True,2080/2081
Chaitra,84,MNBBL,Muktinath Bikas Bank Ltd.,Development Banks,0.21,True,2080/2081
Chaitra,100,SHINE,Shine Resunga Development Bank Ltd.,Development Banks,-0.22,True,2080/2081
Chaitra,128,MFIL,Manjushree Finance Ltd.,Finance,-0.37,True,2080/2081
Chaitra,284,GLBSL,Gurans Laghubitta Bittiya Sanstha Limited,Microfinance,1.01,True,2080/2081
Chaitra,210,NIL,Neco Insurance Co. Ltd.,Non Life Insurance,0.99,True,2080/2081
Chaitra,873,SALICO,Sagarmatha Lumbini Insurance Company Limited,Non Life Insurance,0.68,True,2080/2081
Chaitra,876,SPIL,Siddhartha Premier Insurance Company Limited,Non Life Insurance,1.26,True,2080/2081
Chaitra,919,UAIL,United Ajod Insurance Limited,Non Life Insurance,0.25,True,2080/2081
Chaitra,243,ALICL,Asian Life Insurance Co. Limited,Life Insurance,-0.53,True,2080/2081
Chaitra,247,LICN,Life Insurance Corporation (Nepal) Limited,Life Insurance,-0.72,True,2080/2081
Chaitra,249,NLICL,National Life Insurance Co. Ltd.,Life Insurance,0.2,True,2080/2081
Chaitra,251,NLIC,Nepal Life Insurance Co. Ltd.,Life Insurance,0.1,True,2080/2081
Chaitra,152,API,Api Power Company Ltd.,Hydro Power,0.79,True,2080/2081
Chaitra,153,AKPL,Arun Kabeli Power Ltd.,Hydro Power,1.52,True,2080/2081
Chaitra,160,GHL,Ghalemdi Hydro Limited,Hydro Power,2.11,True,2080/2081
Chaitra,575,LEC,Liberty Energy Company Limited,Hydro Power,2.64,True,2080/2081
Chaitra,578,SSHL,Shiva Shree Hydropower Limited,Hydro Power,2.54,True,2080/2081
Chaitra,611,MEN,Mountain Energy Nepal Limited,Hydro Power,-0.33,True,2080/2081
Chaitra,760,SAHAS,Sahas Urja Ltd.,Hydro Power,0.76,True,2080/2081
Chaitra,832,PHCL,Peoples Hydropower Company Limited,Hydro Power,0.06,True,2080/2081
Chaitra,856,MAKAR,Makar Jitumaya Suri Hydropower Limited,Hydro Power,1.94,True,2080/2081
Chaitra,893,VLUCL,Vision Lumbini Urja Company Limited,Hydro Power,-0.3,True,2080/2081
Chaitra,902,CKHL,Chirkhwa Hydro Power Ltd,Hydro Power,0.66,True,2080/2081
Chaitra,903,MMKJL,Mathillo Mailun Khola Jalvidhyut Limited,Hydro Power,-0.6,True,2080/2081
Chaitra,150,TRH,Taragaon Regency Hotel Limited,Hotels and Tourism,0.35,True,2080/2081
Chaitra,236,BNT,Bottlers Nepal (Terai) Limited,Manufacturing and Processing,-1.77,True,2080/2081
Chaitra,242,UNL,Unilever Nepal Limited,Manufacturing and Processing,0.92,True,2080/2081
Chaitra,674,SARBTM,Sarbottam Cement Limited,Manufacturing and Processing,0.23,True,2080/2081
Chaitra,231,CIT,Citizen Investment Trust,Investment,0.03,True,2080/2081
Chaitra,233,NTC,Nepal Doorsanchar Company Limited,Others,0.27,True,2080/2081
Chaitra,888,MKCL,Muktinath Krishi Company Ltd.,Others,0.86,True,2080/2081
Chaitra,892,NWCL,Nepal Warehousing Company Ltd,Others,2.16,True,2080/2081
Chaitra,945,HRL,Himalayan Re-Insurance Limited,Others,0.22,True,2080/2081
Chaitra,189,NEF,Nabil Equity Fund,Mutual Fund,0.2,True,2080/2081
Chaitra,194,NMBHF1,NMB Hybrid Fund L-1,Mutual Fund,-1.4,True,2080/2081
Chaitra,881,PRSF,Prabhu Smart Fund,Mutual Fund,0.39,True,2080/2081
Chaitra,884,RMF2,RBB Mutual Fund 2,Mutual Fund,3.96,True,2080/2081
Chaitra,935,H8020,Himalayan 80-20,Mutual Fund,-1.32,True,2080/2081
Chaitra,949,NICGF2,NIC Asia Growth Fund-2,Mutual Fund,-0.92,True,2080/2081
Magh,11,EBL,Everest Bank Limited,Commercial Banks,0.03,True,2082/2083
Magh,13,GBIME,Global IME Bank Limited,Commercial Banks,0.68,True,2082/2083
Magh,27,NABIL,Nabil Bank Limited,Commercial Banks,0.4,True,2082/2083
Magh,44,PCBL,Prime Commercial Bank Limited,Commercial Banks,0.63,True,2082/2083
Magh,46,SANIMA,Sanima Bank Limited,Commercial Banks,0.91,True,2082/2083
Magh,50,SCB,Standard Chartered Bank Limited,Commercial Banks,0.49,True,2082/2083
Magh,62,GBBL,Garima Bikas Bank Limited,Development Banks,0.48,True,2082/2083
Magh,70,KSBBL,Kamana Sewa Bikas Bank Limited,Development Banks,-0.39,True,2082/2083
Magh,265,CBBL,Chhimek Laghubitta Bittiya Sanstha Limited,Microfinance,0.22,True,2082/2083
Magh,285,ILBS,Infinity Laghubitta Bittiya Sanstha Limited,Microfinance,0.11,True,2082/2083
Magh,331,SLBSL,Samudayik Laghubitta Bittiya Sanstha Limited,Microfinance,-0.51,True,2082/2083
Magh,1050,SWASTIK,Swastik Laghubita Bittiya Sanstha Limited,Microfinance,1.6,True,2082/2083
Magh,826,HEI,Himalayan Everest Insurance Limited,Non Life Insurance,0.77,True,2082/2083
Magh,873,SALICO,Sagarmatha Lumbini Insurance Company Limited,Non Life Insurance,0.68,True,2082/2083
Magh,876,SPIL,Siddhartha Premier Insurance Company Limited,Non Life Insurance,1.26,True,2082/2083
Magh,1052,NMIC,Nepal Micro Insurance Company Limited,Non Life Insurance,-1.44,True,2082/2083
Magh,249,NLICL,National Life Insurance Co. Ltd.,Life Insurance,0.2,True,2082/2083
Magh,846,SJLIC,Suryajyoti Life Insurance Company Limited,Life Insurance,-0.46,True,2082/2083
Magh,1051,CREST,Crest Micro Life Insurance Limited,Life Insurance,14.81,True,2082/2083
Magh,152,API,Api Power Company Ltd.,Hydro Power,0.79,True,2082/2083
Magh,156,BPCL,Butwal Power Company Limited,Hydro Power,-0.4,True,2082/2083
Magh,169,NGPL,Ngadi Group Power Ltd.,Hydro Power,1.01,True,2082/2083
Magh,176,SHPC,Sanima Mai Hydropower Ltd.,Hydro Power,0.13,True,2082/2083
Magh,178,SPDL,Synergy Power Development Ltd.,Hydro Power,-0.15,True,2082/2083
Magh,180,UMHL,United Modi Hydropower Ltd.,Hydro Power,-0.35,True,2082/2083
Magh,611,MEN,Mountain Energy Nepal Limited,Hydro Power,-0.33,True,2082/2083
Magh,617,UMRH,United IDI Mardi and RB Hydropower Ltd,Hydro Power,0.57,True,2082/2083
Magh,760,SAHAS,Sahas Urja Ltd.,Hydro Power,0.76,True,2082/2083
Magh,788,RFPL,River Falls Power Limited,Hydro Power,1.13,True,2082/2083
Magh,853,TAMOR,Sanima Middle Tamor Hydropower,Hydro Power,1.34,True,2082/2083
Magh,856,MAKAR,Makar Jitumaya Suri Hydropower Limited,Hydro Power,1.94,True,2082/2083
Magh,993,HIMSTAR,Him Star Urja Company Limited,Hydro Power,4.32,True,2082/2083
Magh,994,DHEL,Daramkhola Hydro Energy Limited,Hydro Power,6.05,True,2082/2083
Magh,996,SANVI,Sanvi Energy Limited,Hydro Power,4.69,True,2082/2083
Magh,1000,MABEL,Mabilung Energy Limited,Hydro Power,9.35,True,2082/2083
Magh,1003,BHCL,Bikash Hydropower Company Limited,Hydro Power,6.39,True,2082/2083
Magh,1009,BUNGAL,Bungal Hydro Limited,Hydro Power,9.12,True,2082/2083
Magh,149,SHL,Soaltee Hotel Limited,Hotels and Tourism,0.22,True,2082/2083
Magh,989,BANDIPUR,Bandipur Cable Car and Tourism Limited,Hotels and Tourism,1.85,True,2082/2083
Magh,238,HDL,Himalayan Distillery Limited,Manufacturing and Processing,0.59,True,2082/2083
Magh,240,SHIVM,Shivam Cement Ltd.,Manufacturing and Processing,0.96,True,2082/2083
Magh,242,UNL,Unilever Nepal Limited,Manufacturing and Processing,0.92,True,2082/2083
Magh,1035,SYPNL,SY Panel Nepal Limited,Manufacturing and Processing,1.54,True,2082/2083
Magh,1039,OMPL,Om Megashree Pharmaceuticals Limited,Manufacturing and Processing,1.72,True,2082/2083
Magh,1047,SAGAR,Sagar Distillery Limited,Manufacturing and Processing,2.51,True,2082/2083
Magh,1089,SAIL,Shreenagar Agritech Industries Limited,Manufacturing and Processing,2.29,True,2082/2083
Magh,572,NRN,NRN Infrastructure and Development Limited,Investment,1.75,True,2082/2083
Magh,235,STC,Salt Trading Corporation,Tradings,-0.5,True,2082/2083
Magh,573,NRIC,Nepal Reinsurance Company Limited,Others,-0.42,True,2082/2083
Magh,891,TTL,Trade Tower Ltd.,Others,4.52,True,2082/2083
Magh,945,HRL,Himalayan Re-Insurance Limited,Others,0.22,True,2082/2083
Magh,1022,JHAPA,Jhapa Energy Limited,Others,6.69,True,2082/2083
Magh,1060,PURE,Pure Energy Limited,Others,1.65,True,2082/2083
Magh,764,MMF1,Mega Mutual Fund - 1,Mutual Fund,1.16,True,2082/2083
Magh,878,SIGS3,Siddhartha Investment Growth Scheme-3,Mutual Fund,0.93,True,2082/2083
Magh,949,NICGF2,NIC Asia Growth Fund-2,Mutual Fund,-0.92,True,2082/2083
Magh,954,NIBLSTF,NIBL Stable Fund,Mutual Fund,-0.21,True,2082/2083
Magh,982,MNMF1,Muktinath Mutual Fund 1,Mutual Fund,0.0,True,2082/2083
Falgun,11,EBL,Everest Bank Limited,Commercial Banks,0.03,True,2080/2081
Falgun,13,GBIME,Global IME Bank Limited,Commercial Banks,0.68,True,2080/2081
Falgun,37,SBI,Nepal SBI Bank Limited,Commercial Banks,1.63,True,2080/2081
Falgun,40,NMB,NMB Bank Limited,Commercial Banks,1.06,True,2080/2081
Falgun,46,SANIMA,Sanima Bank Limited,Commercial Banks,0.91,True,2080/2081
Falgun,50,SCB,Standard Chartered Bank Limited,Commercial Banks,0.49,True,2080/2081
Falgun,922,LSL,Laxmi Sunrise Bank Limited,Commercial Banks,1.3,True,2080/2081
Falgun,62,GBBL,Garima Bikas Bank Limited,Development Banks,0.48,True,2080/2081
Falgun,84,MNBBL,Muktinath Bikas Bank Ltd.,Development Banks,0.21,True,2080/2081
Falgun,100,SHINE,Shine Resunga Development Bank Ltd.,Development Banks,-0.22,True,2080/2081
Falgun,210,NIL,Neco Insurance Co. Ltd.,Non Life Insurance,0.99,True,2080/2081
Falgun,873,SALICO,Sagarmatha Lumbini Insurance Company Limited,Non Life Insurance,0.68,True,2080/2081
Falgun,876,SPIL,Siddhartha Premier Insurance Company Limited,Non Life Insurance,1.26,True,2080/2081
Falgun,919,UAIL,United Ajod Insurance Limited,Non Life Insurance,0.25,True,2080/2081
Falgun,243,ALICL,Asian Life Insurance Co. Limited,Life Insurance,-0.53,True,2080/2081
Falgun,247,LICN,Life Insurance Corporation (Nepal) Limited,Life Insurance,-0.72,True,2080/2081
Falgun,249,NLICL,National Life Insurance Co. Ltd.,Life Insurance,0.2,True,2080/2081
Falgun,251,NLIC,Nepal Life Insurance Co. Ltd.,Life Insurance,0.1,True,2080/2081
Falgun,152,API,Api Power Company Ltd.,Hydro Power,0.79,True,2080/2081
Falgun,153,AKPL,Arun Kabeli Power Ltd.,Hydro Power,1.52,True,2080/2081
Falgun,160,GHL,Ghalemdi Hydro Limited,Hydro Power,2.11,True,2080/2081
Falgun,575,LEC,Liberty Energy Company Limited,Hydro Power,2.64,True,2080/2081
Falgun,578,SSHL,Shiva Shree Hydropower Limited,Hydro Power,2.54,True,2080/2081
Falgun,760,SAHAS,Sahas Urja Ltd.,Hydro Power,0.76,True,2080/2081
Falgun,832,PHCL,Peoples Hydropower Company Limited,Hydro Power,0.06,True,2080/2081
Falgun,856,MAKAR,Makar Jitumaya Suri Hydropower Limited,Hydro Power,1.94,True,2080/2081
Falgun,893,VLUCL,Vision Lumbini Urja Company Limited,Hydro Power,-0.3,True,2080/2081
Falgun,902,CKHL,Chirkhwa Hydro Power Ltd,Hydro Power,0.66,True,2080/2081
Falgun,903,MMKJL,Mathillo Mailun Khola Jalvidhyut Limited,Hydro Power,-0.6,True,2080/2081
Falgun,236,BNT,Bottlers Nepal (Terai) Limited,Manufacturing and Processing,-1.77,True,2080/2081
Falgun,242,UNL,Unilever Nepal Limited,Manufacturing and Processing,0.92,True,2080/2081
Falgun,231,CIT,Citizen Investment Trust,Investment,0.03,True,2080/2081
Falgun,233,NTC,Nepal Doorsanchar Company Limited,Others,0.27,True,2080/2081
Falgun,888,MKCL,Muktinath Krishi Company Ltd.,Others,0.86,True,2080/2081
Falgun,892,NWCL,Nepal Warehousing Company Ltd,Others,2.16,True,2080/2081
Falgun,945,HRL,Himalayan Re-Insurance Limited,Others,0.22,True,2080/2081
Falgun,189,NEF,Nabil Equity Fund,Mutual Fund,0.2,True,2080/2081
Falgun,194,NMBHF1,NMB Hybrid Fund L-1,Mutual Fund,-1.4,True,2080/2081
Falgun,881,PRSF,Prabhu Smart Fund,Mutual Fund,0.39,True,2080/2081
Falgun,884,RMF2,RBB Mutual Fund 2,Mutual Fund,3.96,True,2080/2081
Falgun,935,H8020,Himalayan 80-20,Mutual Fund,-1.32,True,2080/2081
Falgun,949,NICGF2,NIC Asia Growth Fund-2,Mutual Fund,-0.92,True,2080/2081
Chaitra,11,EBL,Everest Bank Limited,Commercial Banks,0.03,True,2082/2083
Chaitra,13,GBIME,Global IME Bank Limited,Commercial Banks,0.68,True,2082/2083
Chaitra,27,NABIL,Nabil Bank Limited,Commercial Banks,0.4,True,2082/2083
Chaitra,44,PCBL,Prime Commercial Bank Limited,Commercial Banks,0.63,True,2082/2083
Chaitra,46,SANIMA,Sanima Bank Limited,Commercial Banks,0.91,True,2082/2083
Chaitra,50,SCB,Standard Chartered Bank Limited,Commercial Banks,0.49,True,2082/2083
Chaitra,62,GBBL,Garima Bikas Bank Limited,Development Banks,0.48,True,2082/2083
Chaitra,70,KSBBL,Kamana Sewa Bikas Bank Limited,Development Banks,-0.39,True,2082/2083
Chaitra,1095,SABBL,Salapa Bikas Bank Limited,Development Banks,2.17,True,2082/2083
Chaitra,265,CBBL,Chhimek Laghubitta Bittiya Sanstha Limited,Microfinance,0.22,True,2082/2083
Chaitra,285,ILBS,Infinity Laghubitta Bittiya Sanstha Limited,Microfinance,0.11,True,2082/2083
Chaitra,1050,SWASTIK,Swastik Laghubita Bittiya Sanstha Limited,Microfinance,1.6,True,2082/2083
Chaitra,826,HEI,Himalayan Everest Insurance Limited,Non Life Insurance,0.77,True,2082/2083
Chaitra,873,SALICO,Sagarmatha Lumbini Insurance Company Limited,Non Life Insurance,0.68,True,2082/2083
Chaitra,876,SPIL,Siddhartha Premier Insurance Company Limited,Non Life Insurance,1.26,True,2082/2083
Chaitra,249,NLICL,National Life Insurance Co. Ltd.,Life Insurance,0.2,True,2082/2083
Chaitra,846,SJLIC,Suryajyoti Life Insurance Company Limited,Life Insurance,-0.46,True,2082/2083
Chaitra,152,API,Api Power Company Ltd.,Hydro Power,0.79,True,2082/2083
Chaitra,169,NGPL,Ngadi Group Power Ltd.,Hydro Power,1.01,True,2082/2083
Chaitra,176,SHPC,Sanima Mai Hydropower Ltd.,Hydro Power,0.13,True,2082/2083
Chaitra,178,SPDL,Synergy Power Development Ltd.,Hydro Power,-0.15,True,2082/2083
Chaitra,180,UMHL,United Modi Hydropower Ltd.,Hydro Power,-0.35,True,2082/2083
Chaitra,611,MEN,Mountain Energy Nepal Limited,Hydro Power,-0.33,True,2082/2083
Chaitra,617,UMRH,United IDI Mardi and RB Hydropower Ltd,Hydro Power,0.57,True,2082/2083
Chaitra,760,SAHAS,Sahas Urja Ltd.,Hydro Power,0.76,True,2082/2083
Chaitra,788,RFPL,River Falls Power Limited,Hydro Power,1.13,True,2082/2083
Chaitra,853,TAMOR,Sanima Middle Tamor Hydropower,Hydro Power,1.34,True,2082/2083
Chaitra,856,MAKAR,Makar Jitumaya Suri Hydropower Limited,Hydro Power,1.94,True,2082/2083
Chaitra,938,SIPD,Shikhar Power Development Limited,Hydro Power,2.0,True,2082/2083
Chaitra,993,HIMSTAR,Him Star Urja Company Limited,Hydro Power,4.32,True,2082/2083
Chaitra,994,DHEL,Daramkhola Hydro Energy Limited,Hydro Power,6.05,True,2082/2083
Chaitra,995,BJHL,Bhujung Hydropower Limited,Hydro Power,3.03,True,2082/2083
Chaitra,996,SANVI,Sanvi Energy Limited,Hydro Power,4.69,True,2082/2083
Chaitra,1000,MABEL,Mabilung Energy Limited,Hydro Power,9.35,True,2082/2083
Chaitra,1001,SOHL,Solu Hydropower Limited,Hydro Power,0.44,True,2082/2083
Chaitra,1003,BHCL,Bikash Hydropower Company Limited,Hydro Power,6.39,True,2082/2083
Chaitra,1004,RLEL,Ridge Line Energy Limited,Hydro Power,2.79,True,2082/2083
Chaitra,1009,BUNGAL,Bungal Hydro Limited,Hydro Power,9.12,True,2082/2083
Chaitra,1016,SKHL,Super Khudi Hydropower Limited,Hydro Power,6.74,True,2082/2083
Chaitra,1023,SKHEL,Suryakunda Hydro Electric Limited,Hydro Power,1.91,True,2082/2083
Chaitra,149,SHL,Soaltee Hotel Limited,Hotels and Tourism,0.22,True,2082/2083
Chaitra,986,HFIN,Hotel Forest Inn Limited,Hotels and Tourism,4.17,True,2082/2083
Chaitra,989,BANDIPUR,Bandipur Cable Car and Tourism Limited,Hotels and Tourism,1.85,True,2082/2083
Chaitra,238,HDL,Himalayan Distillery Limited,Manufacturing and Processing,0.59,True,2082/2083
Chaitra,242,UNL,Unilever Nepal Limited,Manufacturing and Processing,0.92,True,2082/2083
Chaitra,1035,SYPNL,SY Panel Nepal Limited,Manufacturing and Processing,1.54,True,2082/2083
Chaitra,1040,PCIL,Palpa Cement Industries Limited,Manufacturing and Processing,1.85,True,2082/2083
Chaitra,1047,SAGAR,Sagar Distillery Limited,Manufacturing and Processing,2.51,True,2082/2083
Chaitra,1089,SAIL,Shreenagar Agritech Industries Limited,Manufacturing and Processing,2.29,True,2082/2083
Chaitra,231,CIT,Citizen Investment Trust,Investment,0.03,True,2082/2083
Chaitra,572,NRN,NRN Infrastructure and Development Limited,Investment,1.75,True,2082/2083
Chaitra,891,TTL,Trade Tower Ltd.,Others,4.52,True,2082/2083
Chaitra,945,HRL,Himalayan Re-Insurance Limited,Others,0.22,True,2082/2083
Chaitra,1022,JHAPA,Jhapa Energy Limited,Others,6.69,True,2082/2083
Chaitra,764,MMF1,Mega Mutual Fund - 1,Mutual Fund,1.16,True,2082/2083
Chaitra,878,SIGS3,Siddhartha Investment Growth Scheme-3,Mutual Fund,0.93,True,2082/2083
Chaitra,949,NICGF2,NIC Asia Growth Fund-2,Mutual Fund,-0.92,True,2082/2083
Chaitra,954,NIBLSTF,NIBL Stable Fund,Mutual Fund,-0.21,True,2082/2083
Chaitra,982,MNMF1,Muktinath Mutual Fund 1,Mutual Fund,0.0,True,2082/2083
Baisakh,11,EBL,Everest Bank Limited,Commercial Banks,0.03,True,2080/2081
Baisakh,13,GBIME,Global IME Bank Limited,Commercial Banks,0.68,True,2080/2081
Baisakh,37,SBI,Nepal SBI Bank Limited,Commercial Banks,1.63,True,2080/2081
Baisakh,40,NMB,NMB Bank Limited,Commercial Banks,1.06,True,2080/2081
Baisakh,46,SANIMA,Sanima Bank Limited,Commercial Banks,0.91,True,2080/2081
Baisakh,50,SCB,Standard Chartered Bank Limited,Commercial Banks,0.49,True,2080/2081
Baisakh,922,LSL,Laxmi Sunrise Bank Limited,Commercial Banks,1.3,True,2080/2081
Baisakh,62,GBBL,Garima Bikas Bank Limited,Development Banks,0.48,True,2080/2081
Baisakh,100,SHINE,Shine Resunga Development Bank Ltd.,Development Banks,-0.22,True,2080/2081
Baisakh,128,MFIL,Manjushree Finance Ltd.,Finance,-0.37,True,2080/2081
Baisakh,284,GLBSL,Gurans Laghubitta Bittiya Sanstha Limited,Microfinance,1.01,True,2080/2081
Baisakh,210,NIL,Neco Insurance Co. Ltd.,Non Life Insurance,0.99,True,2080/2081
Baisakh,873,SALICO,Sagarmatha Lumbini Insurance Company Limited,Non Life Insurance,0.68,True,2080/2081
Baisakh,876,SPIL,Siddhartha Premier Insurance Company Limited,Non Life Insurance,1.26,True,2080/2081
Baisakh,919,UAIL,United Ajod Insurance Limited,Non Life Insurance,0.25,True,2080/2081
Baisakh,243,ALICL,Asian Life Insurance Co. Limited,Life Insurance,-0.53,True,2080/2081
Baisakh,247,LICN,Life Insurance Corporation (Nepal) Limited,Life Insurance,-0.72,True,2080/2081
Baisakh,249,NLICL,National Life Insurance Co. Ltd.,Life Insurance,0.2,True,2080/2081
Baisakh,251,NLIC,Nepal Life Insurance Co. Ltd.,Life Insurance,0.1,True,2080/2081
Baisakh,152,API,Api Power Company Ltd.,Hydro Power,0.79,True,2080/2081
Baisakh,153,AKPL,Arun Kabeli Power Ltd.,Hydro Power,1.52,True,2080/2081
Baisakh,160,GHL,Ghalemdi Hydro Limited,Hydro Power,2.11,True,2080/2081
Baisakh,575,LEC,Liberty Energy Company Limited,Hydro Power,2.64,True,2080/2081
Baisakh,578,SSHL,Shiva Shree Hydropower Limited,Hydro Power,2.54,True,2080/2081
Baisakh,611,MEN,Mountain Energy Nepal Limited,Hydro Power,-0.33,True,2080/2081
Baisakh,760,SAHAS,Sahas Urja Ltd.,Hydro Power,0.76,True,2080/2081
Baisakh,832,PHCL,Peoples Hydropower Company Limited,Hydro Power,0.06,True,2080/2081
Baisakh,856,MAKAR,Makar Jitumaya Suri Hydropower Limited,Hydro Power,1.94,True,2080/2081
Baisakh,893,VLUCL,Vision Lumbini Urja Company Limited,Hydro Power,-0.3,True,2080/2081
Baisakh,902,CKHL,Chirkhwa Hydro Power Ltd,Hydro Power,0.66,True,2080/2081
Baisakh,903,MMKJL,Mathillo Mailun Khola Jalvidhyut Limited,Hydro Power,-0.6,True,2080/2081
Baisakh,150,TRH,Taragaon Regency Hotel Limited,Hotels and Tourism,0.35,True,2080/2081
Baisakh,236,BNT,Bottlers Nepal (Terai) Limited,Manufacturing and Processing,-1.77,True,2080/2081
Baisakh,240,SHIVM,Shivam Cement Ltd.,Manufacturing and Processing,0.96,True,2080/2081
Baisakh,242,UNL,Unilever Nepal Limited,Manufacturing and Processing,0.92,True,2080/2081
Baisakh,674,SARBTM,Sarbottam Cement Limited,Manufacturing and Processing,0.23,True,2080/2081
Baisakh,231,CIT,Citizen Investment Trust,Investment,0.03,True,2080/2081
Baisakh,233,NTC,Nepal Doorsanchar Company Limited,Others,0.27,True,2080/2081
Baisakh,888,MKCL,Muktinath Krishi Company Ltd.,Others,0.86,True,2080/2081
Baisakh,892,NWCL,Nepal Warehousing Company Ltd,Others,2.16,True,2080/2081
Baisakh,945,HRL,Himalayan Re-Insurance Limited,Others,0.22,True,2080/2081
Baisakh,189,NEF,Nabil Equity Fund,Mutual Fund,0.2,True,2080/2081
Baisakh,194,NMBHF1,NMB Hybrid Fund L-1,Mutual Fund,-1.4,True,2080/2081
Baisakh,881,PRSF,Prabhu Smart Fund,Mutual Fund,0.39,True,2080/2081
Baisakh,884,RMF2,RBB Mutual Fund 2,Mutual Fund,3.96,True,2080/2081
Baisakh,935,H8020,Himalayan 80-20,Mutual Fund,-1.32,True,2080/2081
Baisakh,949,NICGF2,NIC Asia Growth Fund-2,Mutual Fund,-0.92,True,2080/2081
Jestha,13,GBIME,Global IME Bank Limited,Commercial Banks,0.68,True,2081/2082
Jestha,27,NABIL,Nabil Bank Limited,Commercial Banks,0.4,True,2081/2082
Jestha,37,SBI,Nepal SBI Bank Limited,Commercial Banks,1.63,True,2081/2082
Jestha,40,NMB,NMB Bank Limited,Commercial Banks,1.06,True,2081/2082
Jestha,46,SANIMA,Sanima Bank Limited,Commercial Banks,0.91,True,2081/2082
Jestha,50,SCB,Standard Chartered Bank Limited,Commercial Banks,0.49,True,2081/2082
Jestha,922,LSL,Laxmi Sunrise Bank Limited,Commercial Banks,1.3,True,2081/2082
Jestha,62,GBBL,Garima Bikas Bank Limited,Development Banks,0.48,True,2081/2082
Jestha,70,KSBBL,Kamana Sewa Bikas Bank Limited,Development Banks,-0.39,True,2081/2082
Jestha,84,MNBBL,Muktinath Bikas Bank Ltd.,Development Banks,0.21,True,2081/2082
Jestha,265,CBBL,Chhimek Laghubitta Bittiya Sanstha Limited,Microfinance,0.22,True,2081/2082
Jestha,271,FMDBL,First Micro Finance Development Bank Ltd.,Microfinance,-0.59,True,2081/2082
Jestha,325,RSDC,RSDC Laghubitta Bittiya Sanstha Ltd.,Microfinance,0.57,True,2081/2082
Jestha,331,SLBSL,Samudayik Laghubitta Bittiya Sanstha Limited,Microfinance,-0.51,True,2081/2082
Jestha,826,HEI,Himalayan Everest Insurance Limited,Non Life Insurance,0.77,True,2081/2082
Jestha,873,SALICO,Sagarmatha Lumbini Insurance Company Limited,Non Life Insurance,0.68,True,2081/2082
Jestha,876,SPIL,Siddhartha Premier Insurance Company Limited,Non Life Insurance,1.26,True,2081/2082
Jestha,1052,NMIC,Nepal Micro Insurance Company Limited,Non Life Insurance,-1.44,True,2081/2082
Jestha,243,ALICL,Asian Life Insurance Co. Limited,Life Insurance,-0.53,True,2081/2082
Jestha,249,NLICL,National Life Insurance Co. Ltd.,Life Insurance,0.2,True,2081/2082
Jestha,251,NLIC,Nepal Life Insurance Co. Ltd.,Life Insurance,0.1,True,2081/2082
Jestha,846,SJLIC,Suryajyoti Life Insurance Company Limited,Life Insurance,-0.46,True,2081/2082
Jestha,983,GMLI,Guardian Micro-Life Insurance Company Limited,Life Insurance,-0.32,True,2081/2082
Jestha,1051,CREST,Crest Micro Life Insurance Limited,Life Insurance,14.81,True,2081/2082
Jestha,152,API,Api Power Company Ltd.,Hydro Power,0.79,True,2081/2082
Jestha,156,BPCL,Butwal Power Company Limited,Hydro Power,-0.4,True,2081/2082
Jestha,158,CHCL,Chilime Hydropower Company Limited,Hydro Power,0.63,True,2081/2082
Jestha,176,SHPC,Sanima Mai Hydropower Ltd.,Hydro Power,0.13,True,2081/2082
Jestha,180,UMHL,United Modi Hydropower Ltd.,Hydro Power,-0.35,True,2081/2082
Jestha,611,MEN,Mountain Energy Nepal Limited,Hydro Power,-0.33,True,2081/2082
Jestha,760,SAHAS,Sahas Urja Ltd.,Hydro Power,0.76,True,2081/2082
Jestha,788,RFPL,River Falls Power Limited,Hydro Power,1.13,True,2081/2082
Jestha,853,TAMOR,Sanima Middle Tamor Hydropower,Hydro Power,1.34,True,2081/2082
Jestha,856,MAKAR,Makar Jitumaya Suri Hydropower Limited,Hydro Power,1.94,True,2081/2082
Jestha,149,SHL,Soaltee Hotel Limited,Hotels and Tourism,0.22,True,2081/2082
Jestha,238,HDL,Himalayan Distillery Limited,Manufacturing and Processing,0.59,True,2081/2082
Jestha,240,SHIVM,Shivam Cement Ltd.,Manufacturing and Processing,0.96,True,2081/2082
Jestha,242,UNL,Unilever Nepal Limited,Manufacturing and Processing,0.92,True,2081/2082
Jestha,1039,OMPL,Om Megashree Pharmaceuticals Limited,Manufacturing and Processing,1.72,True,2081/2082
Jestha,945,HRL,Himalayan Re-Insurance Limited,Others,0.22,True,2081/2082
Jestha,1060,PURE,Pure Energy Limited,Others,1.65,True,2081/2082
Jestha,764,MMF1,Mega Mutual Fund - 1,Mutual Fund,1.16,True,2081/2082
Jestha,949,NICGF2,NIC Asia Growth Fund-2,Mutual Fund,-0.92,True,2081/2082
Jestha,954,NIBLSTF,NIBL Stable Fund,Mutual Fund,-0.21,True,2081/2082
Jestha,982,MNMF1,Muktinath Mutual Fund 1,Mutual Fund,0.0,True,2081/2082
Ashwin,11,EBL,Everest Bank Limited,Commercial Banks,0.03,True,2081/2082
Ashwin,13,GBIME,Global IME Bank Limited,Commercial Banks,0.68,True,2081/2082
Ashwin,27,NABIL,Nabil Bank Limited,Commercial Banks,0.4,True,2081/2082
Ashwin,40,NMB,NMB Bank Limited,Commercial Banks,1.06,True,2081/2082
Ashwin,46,SANIMA,Sanima Bank Limited,Commercial Banks,0.91,True,2081/2082
Ashwin,50,SCB,Standard Chartered Bank Limited,Commercial Banks,0.49,True,2081/2082
Ashwin,922,LSL,Laxmi Sunrise Bank Limited,Commercial Banks,1.3,True,2081/2082
Ashwin,62,GBBL,Garima Bikas Bank Limited,Development Banks,0.48,True,2081/2082
Ashwin,84,MNBBL,Muktinath Bikas Bank Ltd.,Development Banks,0.21,True,2081/2082
Ashwin,100,SHINE,Shine Resunga Development Bank Ltd.,Development Banks,-0.22,True,2081/2082
Ashwin,112,CFCL,Central Finance Limited,Finance,0.64,True,2081/2082
Ashwin,128,MFIL,Manjushree Finance Ltd.,Finance,-0.37,True,2081/2082
Ashwin,132,NFS,Nepal Finance Ltd.,Finance,0.37,True,2081/2082
Ashwin,265,CBBL,Chhimek Laghubitta Bittiya Sanstha Limited,Microfinance,0.22,True,2081/2082
Ashwin,271,FMDBL,First Micro Finance Development Bank Ltd.,Microfinance,-0.59,True,2081/2082
Ashwin,284,GLBSL,Gurans Laghubitta Bittiya Sanstha Limited,Microfinance,1.01,True,2081/2082
Ashwin,210,NIL,Neco Insurance Co. Ltd.,Non Life Insurance,0.99,True,2081/2082
Ashwin,211,NICL,Nepal Insurance Co. Ltd.,Non Life Insurance,1.02,True,2081/2082
Ashwin,826,HEI,Himalayan Everest Insurance Limited,Non Life Insurance,0.77,True,2081/2082
Ashwin,873,SALICO,Sagarmatha Lumbini Insurance Company Limited,Non Life Insurance,0.68,True,2081/2082
Ashwin,876,SPIL,Siddhartha Premier Insurance Company Limited,Non Life Insurance,1.26,True,2081/2082
Ashwin,919,UAIL,United Ajod Insurance Limited,Non Life Insurance,0.25,True,2081/2082
Ashwin,243,ALICL,Asian Life Insurance Co. Limited,Life Insurance,-0.53,True,2081/2082
Ashwin,247,LICN,Life Insurance Corporation (Nepal) Limited,Life Insurance,-0.72,True,2081/2082
Ashwin,249,NLICL,National Life Insurance Co. Ltd.,Life Insurance,0.2,True,2081/2082
Ashwin,251,NLIC,Nepal Life Insurance Co. Ltd.,Life Insurance,0.1,True,2081/2082
Ashwin,846,SJLIC,Suryajyoti Life Insurance Company Limited,Life Insurance,-0.46,True,2081/2082
Ashwin,152,API,Api Power Company Ltd.,Hydro Power,0.79,True,2081/2082
Ashwin,153,AKPL,Arun Kabeli Power Ltd.,Hydro Power,1.52,True,2081/2082
Ashwin,156,BPCL,Butwal Power Company Limited,Hydro Power,-0.4,True,2081/2082
Ashwin,160,GHL,Ghalemdi Hydro Limited,Hydro Power,2.11,True,2081/2082
Ashwin,161,HURJA,Himalaya Urja Bikas Company Limited,Hydro Power,2.18,True,2081/2082
Ashwin,171,PPCL,Panchthar Power Company Limited,Hydro Power,0.08,True,2081/2082
Ashwin,176,SHPC,Sanima Mai Hydropower Ltd.,Hydro Power,0.13,True,2081/2082
Ashwin,611,MEN,Mountain Energy Nepal Limited,Hydro Power,-0.33,True,2081/2082
Ashwin,760,SAHAS,Sahas Urja Ltd.,Hydro Power,0.76,True,2081/2082
Ashwin,832,PHCL,Peoples Hydropower Company Limited,Hydro Power,0.06,True,2081/2082
Ashwin,856,MAKAR,Makar Jitumaya Suri Hydropower Limited,Hydro Power,1.94,True,2081/2082
Ashwin,893,VLUCL,Vision Lumbini Urja Company Limited,Hydro Power,-0.3,True,2081/2082
Ashwin,149,SHL,Soaltee Hotel Limited,Hotels and Tourism,0.22,True,2081/2082
Ashwin,150,TRH,Taragaon Regency Hotel Limited,Hotels and Tourism,0.35,True,2081/2082
Ashwin,236,BNT,Bottlers Nepal (Terai) Limited,Manufacturing and Processing,-1.77,True,2081/2082
Ashwin,240,SHIVM,Shivam Cement Ltd.,Manufacturing and Processing,0.96,True,2081/2082
Ashwin,242,UNL,Unilever Nepal Limited,Manufacturing and Processing,0.92,True,2081/2082
Ashwin,674,SARBTM,Sarbottam Cement Limited,Manufacturing and Processing,0.23,True,2081/2082
Ashwin,572,NRN,NRN Infrastructure and Development Limited,Investment,1.75,True,2081/2082
Ashwin,888,MKCL,Muktinath Krishi Company Ltd.,Others,0.86,True,2081/2082
Ashwin,892,NWCL,Nepal Warehousing Company Ltd,Others,2.16,True,2081/2082
Ashwin,945,HRL,Himalayan Re-Insurance Limited,Others,0.22,True,2081/2082
Ashwin,884,RMF2,RBB Mutual Fund 2,Mutual Fund,3.96,True,2081/2082
Ashwin,949,NICGF2,NIC Asia Growth Fund-2,Mutual Fund,-0.92,True,2081/2082
Ashwin,954,NIBLSTF,NIBL Stable Fund,Mutual Fund,-0.21,True,2081/2082
Kartik,2,ADBL,Agricultural Development Bank Limited,Commercial Banks,-0.16,True,2082/2083
Kartik,11,EBL,Everest Bank Limited,Commercial Banks,0.03,True,2082/2083
Kartik,13,GBIME,Global IME Bank Limited,Commercial Banks,0.68,True,2082/2083
Kartik,15,HBL,Himalayan Bank Limited,Commercial Banks,-0.88,True,2082/2083
Kartik,27,NABIL,Nabil Bank Limited,Commercial Banks,0.4,True,2082/2083
Kartik,31,NBL,Nepal Bank Limited,Commercial Banks,-0.93,True,2082/2083
Kartik,37,SBI,Nepal SBI Bank Limited,Commercial Banks,1.63,True,2082/2083
Kartik,38,NICA,NIC Asia Bank Ltd.,Commercial Banks,0.28,True,2082/2083
Kartik,40,NMB,NMB Bank Limited,Commercial Banks,1.06,True,2082/2083
Kartik,42,PRVU,Prabhu Bank Limited,Commercial Banks,0.76,True,2082/2083
Kartik,44,PCBL,Prime Commercial Bank Limited,Commercial Banks,0.63,True,2082/2083
Kartik,46,SANIMA,Sanima Bank Limited,Commercial Banks,0.91,True,2082/2083
Kartik,48,SBL,Siddhartha Bank Limited,Commercial Banks,1.24,True,2082/2083
Kartik,50,SCB,Standard Chartered Bank Limited,Commercial Banks,0.49,True,2082/2083
Kartik,808,NIMB,Nepal Investment Mega Bank Limited,Commercial Banks,1.28,True,2082/2083
Kartik,922,LSL,Laxmi Sunrise Bank Limited,Commercial Banks,1.3,True,2082/2083
Kartik,62,GBBL,Garima Bikas Bank Limited,Development Banks,0.48,True,2082/2083
Kartik,70,KSBBL,Kamana Sewa Bikas Bank Limited,Development Banks,-0.39,True,2082/2083
Kartik,80,MLBL,Mahalaxmi Bikas Bank Ltd.,Development Banks,0.25,True,2082/2083
Kartik,98,SADBL,Shangrila Development Bank Ltd.,Development Banks,0.34,True,2082/2083
Kartik,412,NABBC,Narayani Development Bank Limited,Development Banks,-1.03,True,2082/2083
Kartik,118,GMFIL,Guheshowori Merchant Bank & Finance Co. Ltd.,Finance,0.41,True,2082/2083
Kartik,120,GUFL,Gurkhas Finance Ltd.,Finance,0.94,True,2082/2083
Kartik,124,JFL,Janaki Finance Company Ltd.,Finance,0.0,True,2082/2083
Kartik,265,CBBL,Chhimek Laghubitta Bittiya Sanstha Limited,Microfinance,0.22,True,2082/2083
Kartik,271,FMDBL,First Micro Finance Development Bank Ltd.,Microfinance,-0.59,True,2082/2083
Kartik,280,GILB,Global IME Laghubitta Bittiya Sanstha Ltd.,Microfinance,0.44,True,2082/2083
Kartik,285,ILBS,Infinity Laghubitta Bittiya Sanstha Limited,Microfinance,0.11,True,2082/2083
Kartik,293,LLBS,Laxmi Laghubitta Bittiya Sanstha Ltd.,Microfinance,-0.62,True,2082/2083
Kartik,325,RSDC,RSDC Laghubitta Bittiya Sanstha Ltd.,Microfinance,0.57,True,2082/2083
Kartik,331,SLBSL,Samudayik Laghubitta Bittiya Sanstha Limited,Microfinance,-0.51,True,2082/2083
Kartik,584,NICLBSL,NIC ASIA Laghubitta Bittiya Sanstha Limited,Microfinance,1.72,True,2082/2083
Kartik,795,SWMF,Suryodaya Womi Laghubitta Bittiya Sanstha Limited,Microfinance,0.62,True,2082/2083
Kartik,946,NMLBBL,Nerude Mirmire Laghubitta Bittiya Sanstha Limited,Microfinance,0.68,True,2082/2083
Kartik,979,MATRI,Matribhumi Laghubitta Bittiya Sanstha Limited,Microfinance,0.56,True,2082/2083
Kartik,1050,SWASTIK,Swastik Laghubita Bittiya Sanstha Limited,Microfinance,1.6,True,2082/2083
Kartik,210,NIL,Neco Insurance Co. Ltd.,Non Life Insurance,0.99,True,2082/2083
Kartik,211,NICL,Nepal Insurance Co. Ltd.,Non Life Insurance,1.02,True,2082/2083
Kartik,225,SICL,Shikhar Insurance Co. Ltd.,Non Life Insurance,0.18,True,2082/2083
Kartik,826,HEI,Himalayan Everest Insurance Limited,Non Life Insurance,0.77,True,2082/2083
Kartik,873,SALICO,Sagarmatha Lumbini Insurance Company Limited,Non Life Insurance,0.68,True,2082/2083
Kartik,876,SPIL,Siddhartha Premier Insurance Company Limited,Non Life Insurance,1.26,True,2082/2083
Kartik,1052,NMIC,Nepal Micro Insurance Company Limited,Non Life Insurance,-1.44,True,2082/2083
Kartik,249,NLICL,National Life Insurance Co. Ltd.,Life Insurance,0.2,True,2082/2083
Kartik,251,NLIC,Nepal Life Insurance Co. Ltd.,Life Insurance,0.1,True,2082/2083
Kartik,846,SJLIC,Suryajyoti Life Insurance Company Limited,Life Insurance,-0.46,True,2082/2083
Kartik,908,HLI,Himalayan Life Insurance Limited,Life Insurance,0.83,True,2082/2083
Kartik,921,SNLI,Sun Nepal Life Insurance Company Limited,Life Insurance,-0.62,True,2082/2083
Kartik,925,PMLI,Prabhu Mahalaxmi Life Insurance Limited,Life Insurance,0.86,True,2082/2083
Kartik,983,GMLI,Guardian Micro-Life Insurance Company Limited,Life Insurance,-0.32,True,2082/2083
Kartik,1051,CREST,Crest Micro Life Insurance Limited,Life Insurance,14.81,True,2082/2083
Kartik,152,API,Api Power Company Ltd.,Hydro Power,0.79,True,2082/2083
Kartik,156,BPCL,Butwal Power Company Limited,Hydro Power,-0.4,True,2082/2083
Kartik,158,CHCL,Chilime Hydropower Company Limited,Hydro Power,0.63,True,2082/2083
Kartik,169,NGPL,Ngadi Group Power Ltd.,Hydro Power,1.01,True,2082/2083
Kartik,171,PPCL,Panchthar Power Company Limited,Hydro Power,0.08,True,2082/2083
Kartik,172,RADHI,Radhi Bidyut Company Ltd,Hydro Power,1.29,True,2082/2083
Kartik,174,RHPL,Rasuwagadhi Hydropower Company Limited,Hydro Power,0.0,True,2082/2083
Kartik,176,SHPC,Sanima Mai Hydropower Ltd.,Hydro Power,0.13,True,2082/2083
Kartik,179,UNHPL,Union Hydropower Limited,Hydro Power,1.17,True,2082/2083
Kartik,180,UMHL,United Modi Hydropower Ltd.,Hydro Power,-0.35,True,2082/2083
Kartik,181,UPCL,Universal Power Company Limited,Hydro Power,1.17,True,2082/2083
Kartik,577,TVCL,Trishuli Jal Vidhyut Company Limited,Hydro Power,1.34,True,2082/2083
Kartik,581,MKJC,Mailung Khola Jal Vidhyut Company Limited,Hydro Power,-2.1,True,2082/2083
Kartik,611,MEN,Mountain Energy Nepal Limited,Hydro Power,-0.33,True,2082/2083
Kartik,617,UMRH,United IDI Mardi and RB Hydropower Ltd,Hydro Power,0.57,True,2082/2083
Kartik,628,SHEL,Singati Hydro Energy Limited,Hydro Power,1.27,True,2082/2083
Kartik,731,MBJC,Madhya Bhotekoshi Jalavidyut Company Limited,Hydro Power,0.7,True,2082/2083
Kartik,760,SAHAS,Sahas Urja Ltd.,Hydro Power,0.76,True,2082/2083
Kartik,762,NYADI,Nyadi Hydropower Limited,Hydro Power,2.11,True,2082/2083
Kartik,788,RFPL,River Falls Power Limited,Hydro Power,1.13,True,2082/2083
Kartik,794,HHL,Himalayan Hydropower Limited,Hydro Power,2.33,True,2082/2083
Kartik,853,TAMOR,Sanima Middle Tamor Hydropower,Hydro Power,1.34,True,2082/2083
Kartik,856,MAKAR,Makar Jitumaya Suri Hydropower Limited,Hydro Power,1.94,True,2082/2083
Kartik,893,VLUCL,Vision Lumbini Urja Company Limited,Hydro Power,-0.3,True,2082/2083
Kartik,993,HIMSTAR,Him Star Urja Company Limited,Hydro Power,4.32,True,2082/2083
Kartik,994,DHEL,Daramkhola Hydro Energy Limited,Hydro Power,6.05,True,2082/2083
Kartik,996,SANVI,Sanvi Energy Limited,Hydro Power,4.69,True,2082/2083
Kartik,1000,MABEL,Mabilung Energy Limited,Hydro Power,9.35,True,2082/2083
Kartik,1003,BHCL,Bikash Hydropower Company Limited,Hydro Power,6.39,True,2082/2083
Kartik,1009,BUNGAL,Bungal Hydro Limited,Hydro Power,9.12,True,2082/2083
Kartik,149,SHL,Soaltee Hotel Limited,Hotels and Tourism,0.22,True,2082/2083
Kartik,620,CGH,Chandragiri Hills Limited,Hotels and Tourism,0.0,True,2082/2083
Kartik,877,CITY,City Hotel Limited,Hotels and Tourism,-1.04,True,2082/2083
Kartik,989,BANDIPUR,Bandipur Cable Car and Tourism Limited,Hotels and Tourism,1.85,True,2082/2083
Kartik,236,BNT,Bottlers Nepal (Terai) Limited,Manufacturing and Processing,-1.77,True,2082/2083
Kartik,237,BNL,Bottlers Nepal (Balaju) Limited,Manufacturing and Processing,3.0,True,2082/2083
Kartik,238,HDL,Himalayan Distillery Limited,Manufacturing and Processing,0.59,True,2082/2083
Kartik,240,SHIVM,Shivam Cement Ltd.,Manufacturing and Processing,0.96,True,2082/2083
Kartik,242,UNL,Unilever Nepal Limited,Manufacturing and Processing,0.92,True,2082/2083
Kartik,889,SONA,Sonapur Minerals and Oil Ltd,Manufacturing and Processing,2.67,True,2082/2083
Kartik,1039,OMPL,Om Megashree Pharmaceuticals Limited,Manufacturing and Processing,1.72,True,2082/2083
Kartik,1047,SAGAR,Sagar Distillery Limited,Manufacturing and Processing,2.51,True,2082/2083
Kartik,231,CIT,Citizen Investment Trust,Investment,0.03,True,2082/2083
Kartik,572,NRN,NRN Infrastructure and Development Limited,Investment,1.75,True,2082/2083
Kartik,625,NIFRA,Nepal Infrastructure Bank Limited,Investment,0.49,True,2082/2083
Kartik,727,CHDC,CEDB Holdings Limited,Investment,1.55,True,2082/2083
Kartik,780,ENL,Emerging Nepal Limited,Investment,-0.11,True,2082/2083
Kartik,235,STC,Salt Trading Corporation,Tradings,-0.5,True,2082/2083
Kartik,573,NRIC,Nepal Reinsurance Company Limited,Others,-0.42,True,2082/2083
Kartik,891,TTL,Trade Tower Ltd.,Others,4.52,True,2082/2083
Kartik,892,NWCL,Nepal Warehousing Company Ltd,Others,2.16,True,2082/2083
Kartik,945,HRL,Himalayan Re-Insurance Limited,Others,0.22,True,2082/2083
Kartik,1022,JHAPA,Jhapa Energy Limited,Others,6.69,True,2082/2083
Kartik,1060,PURE,Pure Energy Limited,Others,1.65,True,2082/2083
Kartik,728,NIBSF2,NIBL Samriddhi Fund - II,Mutual Fund,0.65,True,2082/2083
Kartik,764,MMF1,Mega Mutual Fund - 1,Mutual Fund,1.16,True,2082/2083
Kartik,833,SAGF,Sanima Growth Fund,Mutual Fund,0.0,True,2082/2083
Kartik,849,NIBLGF,NIBL Growth Fund,Mutual Fund,2.91,True,2082/2083
Kartik,850,SFEF,Sunrise Focused Equity Fund,Mutual Fund,-1.36,True,2082/2083
Kartik,878,SIGS3,Siddhartha Investment Growth Scheme-3,Mutual Fund,0.93,True,2082/2083
Kartik,949,NICGF2,NIC Asia Growth Fund-2,Mutual Fund,-0.92,True,2082/2083
Kartik,954,NIBLSTF,NIBL Stable Fund,Mutual Fund,-0.21,True,2082/2083
Kartik,982,MNMF1,Muktinath Mutual Fund 1,Mutual Fund,0.0,True,2082/2083
Kartik,1049,GSY,Garima Samriddhi Yojana,Mutual Fund,0.0,True,2082/2083
Kartik,1066,NMBHF2,NMB Hydrid Fund L-II,Mutual Fund,-1.73,True,2082/2083
Kartik,1072,RSY,Reliable Samriddhi Yojana,Mutual Fund,1.87,True,2082/2083
Chaitra,11,EBL,Everest Bank Limited,Commercial Banks,0.03,True,2082/2083
Chaitra,13,GBIME,Global IME Bank Limited,Commercial Banks,0.68,True,2082/2083
Chaitra,27,NABIL,Nabil Bank Limited,Commercial Banks,0.4,True,2082/2083
Chaitra,44,PCBL,Prime Commercial Bank Limited,Commercial Banks,0.63,True,2082/2083
Chaitra,46,SANIMA,Sanima Bank Limited,Commercial Banks,0.91,True,2082/2083
Chaitra,50,SCB,Standard Chartered Bank Limited,Commercial Banks,0.49,True,2082/2083
Chaitra,62,GBBL,Garima Bikas Bank Limited,Development Banks,0.48,True,2082/2083
Chaitra,70,KSBBL,Kamana Sewa Bikas Bank Limited,Development Banks,-0.39,True,2082/2083
Chaitra,1095,SABBL,Salapa Bikas Bank Limited,Development Banks,2.17,True,2082/2083
Chaitra,265,CBBL,Chhimek Laghubitta Bittiya Sanstha Limited,Microfinance,0.22,True,2082/2083
Chaitra,285,ILBS,Infinity Laghubitta Bittiya Sanstha Limited,Microfinance,0.11,True,2082/2083
Chaitra,1050,SWASTIK,Swastik Laghubita Bittiya Sanstha Limited,Microfinance,1.6,True,2082/2083
Chaitra,826,HEI,Himalayan Everest Insurance Limited,Non Life Insurance,0.77,True,2082/2083
Chaitra,873,SALICO,Sagarmatha Lumbini Insurance Company Limited,Non Life Insurance,0.68,True,2082/2083
Chaitra,876,SPIL,Siddhartha Premier Insurance Company Limited,Non Life Insurance,1.26,True,2082/2083
Chaitra,249,NLICL,National Life Insurance Co. Ltd.,Life Insurance,0.2,True,2082/2083
Chaitra,846,SJLIC,Suryajyoti Life Insurance Company Limited,Life Insurance,-0.46,True,2082/2083
Chaitra,152,API,Api Power Company Ltd.,Hydro Power,0.79,True,2082/2083
Chaitra,169,NGPL,Ngadi Group Power Ltd.,Hydro Power,1.01,True,2082/2083
Chaitra,176,SHPC,Sanima Mai Hydropower Ltd.,Hydro Power,0.13,True,2082/2083
Chaitra,178,SPDL,Synergy Power Development Ltd.,Hydro Power,-0.15,True,2082/2083
Chaitra,180,UMHL,United Modi Hydropower Ltd.,Hydro Power,-0.35,True,2082/2083
Chaitra,611,MEN,Mountain Energy Nepal Limited,Hydro Power,-0.33,True,2082/2083
Chaitra,617,UMRH,United IDI Mardi and RB Hydropower Ltd,Hydro Power,0.57,True,2082/2083
Chaitra,760,SAHAS,Sahas Urja Ltd.,Hydro Power,0.76,True,2082/2083
Chaitra,788,RFPL,River Falls Power Limited,Hydro Power,1.13,True,2082/2083
Chaitra,853,TAMOR,Sanima Middle Tamor Hydropower,Hydro Power,1.34,True,2082/2083
Chaitra,856,MAKAR,Makar Jitumaya Suri Hydropower Limited,Hydro Power,1.94,True,2082/2083
Chaitra,938,SIPD,Shikhar Power Development Limited,Hydro Power,2.0,True,2082/2083
Chaitra,993,HIMSTAR,Him Star Urja Company Limited,Hydro Power,4.32,True,2082/2083
Chaitra,994,DHEL,Daramkhola Hydro Energy Limited,Hydro Power,6.05,True,2082/2083
Chaitra,995,BJHL,Bhujung Hydropower Limited,Hydro Power,3.03,True,2082/2083
Chaitra,996,SANVI,Sanvi Energy Limited,Hydro Power,4.69,True,2082/2083
Chaitra,1000,MABEL,Mabilung Energy Limited,Hydro Power,9.35,True,2082/2083
Chaitra,1001,SOHL,Solu Hydropower Limited,Hydro Power,0.44,True,2082/2083
Chaitra,1003,BHCL,Bikash Hydropower Company Limited,Hydro Power,6.39,True,2082/2083
Chaitra,1004,RLEL,Ridge Line Energy Limited,Hydro Power,2.79,True,2082/2083
Chaitra,1009,BUNGAL,Bungal Hydro Limited,Hydro Power,9.12,True,2082/2083
Chaitra,1016,SKHL,Super Khudi Hydropower Limited,Hydro Power,6.74,True,2082/2083
Chaitra,1023,SKHEL,Suryakunda Hydro Electric Limited,Hydro Power,1.91,True,2082/2083
Chaitra,149,SHL,Soaltee Hotel Limited,Hotels and Tourism,0.22,True,2082/2083
Chaitra,986,HFIN,Hotel Forest Inn Limited,Hotels and Tourism,4.17,True,2082/2083
Chaitra,989,BANDIPUR,Bandipur Cable Car and Tourism Limited,Hotels and Tourism,1.85,True,2082/2083
Chaitra,238,HDL,Himalayan Distillery Limited,Manufacturing and Processing,0.59,True,2082/2083
Chaitra,242,UNL,Unilever Nepal Limited,Manufacturing and Processing,0.92,True,2082/2083
Chaitra,1035,SYPNL,SY Panel Nepal Limited,Manufacturing and Processing,1.54,True,2082/2083
Chaitra,1040,PCIL,Palpa Cement Industries Limited,Manufacturing and Processing,1.85,True,2082/2083
Chaitra,1047,SAGAR,Sagar Distillery Limited,Manufacturing and Processing,2.51,True,2082/2083
Chaitra,1089,SAIL,Shreenagar Agritech Industries Limited,Manufacturing and Processing,2.29,True,2082/2083
Chaitra,231,CIT,Citizen Investment Trust,Investment,0.03,True,2082/2083
Chaitra,572,NRN,NRN Infrastructure and Development Limited,Investment,1.75,True,2082/2083
Chaitra,891,TTL,Trade Tower Ltd.,Others,4.52,True,2082/2083
Chaitra,945,HRL,Himalayan Re-Insurance Limited,Others,0.22,True,2082/2083
Chaitra,1022,JHAPA,Jhapa Energy Limited,Others,6.69,True,2082/2083
Chaitra,764,MMF1,Mega Mutual Fund - 1,Mutual Fund,1.16,True,2082/2083
Chaitra,878,SIGS3,Siddhartha Investment Growth Scheme-3,Mutual Fund,0.93,True,2082/2083
Chaitra,949,NICGF2,NIC Asia Growth Fund-2,Mutual Fund,-0.92,True,2082/2083
Chaitra,954,NIBLSTF,NIBL Stable Fund,Mutual Fund,-0.21,True,2082/2083
Chaitra,982,MNMF1,Muktinath Mutual Fund 1,Mutual Fund,0.0,True,2082/2083
Asadh,11,EBL,Everest Bank Limited,Commercial Banks,0.03,True,2080/2081
Asadh,13,GBIME,Global IME Bank Limited,Commercial Banks,0.68,True,2080/2081
Asadh,37,SBI,Nepal SBI Bank Limited,Commercial Banks,1.63,True,2080/2081
Asadh,40,NMB,NMB Bank Limited,Commercial Banks,1.06,True,2080/2081
Asadh,46,SANIMA,Sanima Bank Limited,Commercial Banks,0.91,True,2080/2081
Asadh,50,SCB,Standard Chartered Bank Limited,Commercial Banks,0.49,True,2080/2081
Asadh,922,LSL,Laxmi Sunrise Bank Limited,Commercial Banks,1.3,True,2080/2081
Asadh,62,GBBL,Garima Bikas Bank Limited,Development Banks,0.48,True,2080/2081
Asadh,84,MNBBL,Muktinath Bikas Bank Ltd.,Development Banks,0.21,True,2080/2081
Asadh,100,SHINE,Shine Resunga Development Bank Ltd.,Development Banks,-0.22,True,2080/2081
Asadh,128,MFIL,Manjushree Finance Ltd.,Finance,-0.37,True,2080/2081
Asadh,132,NFS,Nepal Finance Ltd.,Finance,0.37,True,2080/2081
Asadh,284,GLBSL,Gurans Laghubitta Bittiya Sanstha Limited,Microfinance,1.01,True,2080/2081
Asadh,210,NIL,Neco Insurance Co. Ltd.,Non Life Insurance,0.99,True,2080/2081
Asadh,826,HEI,Himalayan Everest Insurance Limited,Non Life Insurance,0.77,True,2080/2081
Asadh,873,SALICO,Sagarmatha Lumbini Insurance Company Limited,Non Life Insurance,0.68,True,2080/2081
Asadh,876,SPIL,Siddhartha Premier Insurance Company Limited,Non Life Insurance,1.26,True,2080/2081
Asadh,919,UAIL,United Ajod Insurance Limited,Non Life Insurance,0.25,True,2080/2081
Asadh,243,ALICL,Asian Life Insurance Co. Limited,Life Insurance,-0.53,True,2080/2081
Asadh,247,LICN,Life Insurance Corporation (Nepal) Limited,Life Insurance,-0.72,True,2080/2081
Asadh,249,NLICL,National Life Insurance Co. Ltd.,Life Insurance,0.2,True,2080/2081
Asadh,251,NLIC,Nepal Life Insurance Co. Ltd.,Life Insurance,0.1,True,2080/2081
Asadh,152,API,Api Power Company Ltd.,Hydro Power,0.79,True,2080/2081
Asadh,153,AKPL,Arun Kabeli Power Ltd.,Hydro Power,1.52,True,2080/2081
Asadh,160,GHL,Ghalemdi Hydro Limited,Hydro Power,2.11,True,2080/2081
Asadh,161,HURJA,Himalaya Urja Bikas Company Limited,Hydro Power,2.18,True,2080/2081
Asadh,171,PPCL,Panchthar Power Company Limited,Hydro Power,0.08,True,2080/2081
Asadh,176,SHPC,Sanima Mai Hydropower Ltd.,Hydro Power,0.13,True,2080/2081
Asadh,575,LEC,Liberty Energy Company Limited,Hydro Power,2.64,True,2080/2081
Asadh,578,SSHL,Shiva Shree Hydropower Limited,Hydro Power,2.54,True,2080/2081
Asadh,611,MEN,Mountain Energy Nepal Limited,Hydro Power,-0.33,True,2080/2081
Asadh,760,SAHAS,Sahas Urja Ltd.,Hydro Power,0.76,True,2080/2081
Asadh,832,PHCL,Peoples Hydropower Company Limited,Hydro Power,0.06,True,2080/2081
Asadh,856,MAKAR,Makar Jitumaya Suri Hydropower Limited,Hydro Power,1.94,True,2080/2081
Asadh,893,VLUCL,Vision Lumbini Urja Company Limited,Hydro Power,-0.3,True,2080/2081
Asadh,902,CKHL,Chirkhwa Hydro Power Ltd,Hydro Power,0.66,True,2080/2081
Asadh,903,MMKJL,Mathillo Mailun Khola Jalvidhyut Limited,Hydro Power,-0.6,True,2080/2081
Asadh,149,SHL,Soaltee Hotel Limited,Hotels and Tourism,0.22,True,2080/2081
Asadh,150,TRH,Taragaon Regency Hotel Limited,Hotels and Tourism,0.35,True,2080/2081
Asadh,236,BNT,Bottlers Nepal (Terai) Limited,Manufacturing and Processing,-1.77,True,2080/2081
Asadh,240,SHIVM,Shivam Cement Ltd.,Manufacturing and Processing,0.96,True,2080/2081
Asadh,242,UNL,Unilever Nepal Limited,Manufacturing and Processing,0.92,True,2080/2081
Asadh,674,SARBTM,Sarbottam Cement Limited,Manufacturing and Processing,0.23,True,2080/2081
Asadh,231,CIT,Citizen Investment Trust,Investment,0.03,True,2080/2081
Asadh,572,NRN,NRN Infrastructure and Development Limited,Investment,1.75,True,2080/2081
Asadh,888,MKCL,Muktinath Krishi Company Ltd.,Others,0.86,True,2080/2081
Asadh,892,NWCL,Nepal Warehousing Company Ltd,Others,2.16,True,2080/2081
Asadh,945,HRL,Himalayan Re-Insurance Limited,Others,0.22,True,2080/2081
Asadh,881,PRSF,Prabhu Smart Fund,Mutual Fund,0.39,True,2080/2081
Asadh,884,RMF2,RBB Mutual Fund 2,Mutual Fund,3.96,True,2080/2081
Asadh,935,H8020,Himalayan 80-20,Mutual Fund,-1.32,True,2080/2081
Asadh,949,NICGF2,NIC Asia Growth Fund-2,Mutual Fund,-0.92,True,2080/2081
Asadh,954,NIBLSTF,NIBL Stable Fund,Mutual Fund,-0.21,True,2080/2081
Chaitra,11,EBL,Everest Bank Limited,Commercial Banks,0.03,True,2082/2083
Chaitra,13,GBIME,Global IME Bank Limited,Commercial Banks,0.68,True,2082/2083
Chaitra,27,NABIL,Nabil Bank Limited,Commercial Banks,0.4,True,2082/2083
Chaitra,44,PCBL,Prime Commercial Bank Limited,Commercial Banks,0.63,True,2082/2083
Chaitra,46,SANIMA,Sanima Bank Limited,Commercial Banks,0.91,True,2082/2083
Chaitra,50,SCB,Standard Chartered Bank Limited,Commercial Banks,0.49,True,2082/2083
Chaitra,62,GBBL,Garima Bikas Bank Limited,Development Banks,0.48,True,2082/2083
Chaitra,70,KSBBL,Kamana Sewa Bikas Bank Limited,Development Banks,-0.39,True,2082/2083
Chaitra,1095,SABBL,Salapa Bikas Bank Limited,Development Banks,2.17,True,2082/2083
Chaitra,265,CBBL,Chhimek Laghubitta Bittiya Sanstha Limited,Microfinance,0.22,True,2082/2083
Chaitra,285,ILBS,Infinity Laghubitta Bittiya Sanstha Limited,Microfinance,0.11,True,2082/2083
Chaitra,1050,SWASTIK,Swastik Laghubita Bittiya Sanstha Limited,Microfinance,1.6,True,2082/2083
Chaitra,826,HEI,Himalayan Everest Insurance Limited,Non Life Insurance,0.77,True,2082/2083
Chaitra,873,SALICO,Sagarmatha Lumbini Insurance Company Limited,Non Life Insurance,0.68,True,2082/2083
Chaitra,876,SPIL,Siddhartha Premier Insurance Company Limited,Non Life Insurance,1.26,True,2082/2083
Chaitra,249,NLICL,National Life Insurance Co. Ltd.,Life Insurance,0.2,True,2082/2083
Chaitra,846,SJLIC,Suryajyoti Life Insurance Company Limited,Life Insurance,-0.46,True,2082/2083
Chaitra,152,API,Api Power Company Ltd.,Hydro Power,0.79,True,2082/2083
Chaitra,169,NGPL,Ngadi Group Power Ltd.,Hydro Power,1.01,True,2082/2083
Chaitra,176,SHPC,Sanima Mai Hydropower Ltd.,Hydro Power,0.13,True,2082/2083
Chaitra,178,SPDL,Synergy Power Development Ltd.,Hydro Power,-0.15,True,2082/2083
Chaitra,180,UMHL,United Modi Hydropower Ltd.,Hydro Power,-0.35,True,2082/2083
Chaitra,611,MEN,Mountain Energy Nepal Limited,Hydro Power,-0.33,True,2082/2083
Chaitra,617,UMRH,United IDI Mardi and RB Hydropower Ltd,Hydro Power,0.57,True,2082/2083
Chaitra,760,SAHAS,Sahas Urja Ltd.,Hydro Power,0.76,True,2082/2083
Chaitra,788,RFPL,River Falls Power Limited,Hydro Power,1.13,True,2082/2083
Chaitra,853,TAMOR,Sanima Middle Tamor Hydropower,Hydro Power,1.34,True,2082/2083
Chaitra,856,MAKAR,Makar Jitumaya Suri Hydropower Limited,Hydro Power,1.94,True,2082/2083
Chaitra,938,SIPD,Shikhar Power Development Limited,Hydro Power,2.0,True,2082/2083
Chaitra,993,HIMSTAR,Him Star Urja Company Limited,Hydro Power,4.32,True,2082/2083
Chaitra,994,DHEL,Daramkhola Hydro Energy Limited,Hydro Power,6.05,True,2082/2083
Chaitra,995,BJHL,Bhujung Hydropower Limited,Hydro Power,3.03,True,2082/2083
Chaitra,996,SANVI,Sanvi Energy Limited,Hydro Power,4.69,True,2082/2083
Chaitra,1000,MABEL,Mabilung Energy Limited,Hydro Power,9.35,True,2082/2083
Chaitra,1001,SOHL,Solu Hydropower Limited,Hydro Power,0.44,True,2082/2083
Chaitra,1003,BHCL,Bikash Hydropower Company Limited,Hydro Power,6.39,True,2082/2083
Chaitra,1004,RLEL,Ridge Line Energy Limited,Hydro Power,2.79,True,2082/2083
Chaitra,1009,BUNGAL,Bungal Hydro Limited,Hydro Power,9.12,True,2082/2083
Chaitra,1016,SKHL,Super Khudi Hydropower Limited,Hydro Power,6.74,True,2082/2083
Chaitra,1023,SKHEL,Suryakunda Hydro Electric Limited,Hydro Power,1.91,True,2082/2083
Chaitra,149,SHL,Soaltee Hotel Limited,Hotels and Tourism,0.22,True,2082/2083
Chaitra,986,HFIN,Hotel Forest Inn Limited,Hotels and Tourism,4.17,True,2082/2083
Chaitra,989,BANDIPUR,Bandipur Cable Car and Tourism Limited,Hotels and Tourism,1.85,True,2082/2083
Chaitra,238,HDL,Himalayan Distillery Limited,Manufacturing and Processing,0.59,True,2082/2083
Chaitra,242,UNL,Unilever Nepal Limited,Manufacturing and Processing,0.92,True,2082/2083
Chaitra,1035,SYPNL,SY Panel Nepal Limited,Manufacturing and Processing,1.54,True,2082/2083
Chaitra,1040,PCIL,Palpa Cement Industries Limited,Manufacturing and Processing,1.85,True,2082/2083
Chaitra,1047,SAGAR,Sagar Distillery Limited,Manufacturing and Processing,2.51,True,2082/2083
Chaitra,1089,SAIL,Shreenagar Agritech Industries Limited,Manufacturing and Processing,2.29,True,2082/2083
Chaitra,231,CIT,Citizen Investment Trust,Investment,0.03,True,2082/2083
Chaitra,572,NRN,NRN Infrastructure and Development Limited,Investment,1.75,True,2082/2083
Chaitra,891,TTL,Trade Tower Ltd.,Others,4.52,True,2082/2083
Chaitra,945,HRL,Himalayan Re-Insurance Limited,Others,0.22,True,2082/2083
Chaitra,1022,JHAPA,Jhapa Energy Limited,Others,6.69,True,2082/2083
Chaitra,764,MMF1,Mega Mutual Fund - 1,Mutual Fund,1.16,True,2082/2083
Chaitra,878,SIGS3,Siddhartha Investment Growth Scheme-3,Mutual Fund,0.93,True,2082/2083
Chaitra,949,NICGF2,NIC Asia Growth Fund-2,Mutual Fund,-0.92,True,2082/2083
Chaitra,954,NIBLSTF,NIBL Stable Fund,Mutual Fund,-0.21,True,2082/2083
Chaitra,982,MNMF1,Muktinath Mutual Fund 1,Mutual Fund,0.0,True,2082/2083
Chaitra,11,EBL,Everest Bank Limited,Commercial Banks,0.03,True,2082/2083
Chaitra,13,GBIME,Global IME Bank Limited,Commercial Banks,0.68,True,2082/2083
Chaitra,27,NABIL,Nabil Bank Limited,Commercial Banks,0.4,True,2082/2083
Chaitra,44,PCBL,Prime Commercial Bank Limited,Commercial Banks,0.63,True,2082/2083
Chaitra,46,SANIMA,Sanima Bank Limited,Commercial Banks,0.91,True,2082/2083
Chaitra,50,SCB,Standard Chartered Bank Limited,Commercial Banks,0.49,True,2082/2083
Chaitra,62,GBBL,Garima Bikas Bank Limited,Development Banks,0.48,True,2082/2083
Chaitra,70,KSBBL,Kamana Sewa Bikas Bank Limited,Development Banks,-0.39,True,2082/2083
Chaitra,1095,SABBL,Salapa Bikas Bank Limited,Development Banks,2.17,True,2082/2083
Chaitra,265,CBBL,Chhimek Laghubitta Bittiya Sanstha Limited,Microfinance,0.22,True,2082/2083
Chaitra,285,ILBS,Infinity Laghubitta Bittiya Sanstha Limited,Microfinance,0.11,True,2082/2083
Chaitra,1050,SWASTIK,Swastik Laghubita Bittiya Sanstha Limited,Microfinance,1.6,True,2082/2083
Chaitra,826,HEI,Himalayan Everest Insurance Limited,Non Life Insurance,0.77,True,2082/2083
Chaitra,873,SALICO,Sagarmatha Lumbini Insurance Company Limited,Non Life Insurance,0.68,True,2082/2083
Chaitra,876,SPIL,Siddhartha Premier Insurance Company Limited,Non Life Insurance,1.26,True,2082/2083
Chaitra,249,NLICL,National Life Insurance Co. Ltd.,Life Insurance,0.2,True,2082/2083
Chaitra,846,SJLIC,Suryajyoti Life Insurance Company Limited,Life Insurance,-0.46,True,2082/2083
Chaitra,152,API,Api Power Company Ltd.,Hydro Power,0.79,True,2082/2083
Chaitra,169,NGPL,Ngadi Group Power Ltd.,Hydro Power,1.01,True,2082/2083
Chaitra,176,SHPC,Sanima Mai Hydropower Ltd.,Hydro Power,0.13,True,2082/2083
Chaitra,178,SPDL,Synergy Power Development Ltd.,Hydro Power,-0.15,True,2082/2083
Chaitra,180,UMHL,United Modi Hydropower Ltd.,Hydro Power,-0.35,True,2082/2083
Chaitra,611,MEN,Mountain Energy Nepal Limited,Hydro Power,-0.33,True,2082/2083
Chaitra,617,UMRH,United IDI Mardi and RB Hydropower Ltd,Hydro Power,0.57,True,2082/2083
Chaitra,760,SAHAS,Sahas Urja Ltd.,Hydro Power,0.76,True,2082/2083
Chaitra,788,RFPL,River Falls Power Limited,Hydro Power,1.13,True,2082/2083
Chaitra,853,TAMOR,Sanima Middle Tamor Hydropower,Hydro Power,1.34,True,2082/2083
Chaitra,856,MAKAR,Makar Jitumaya Suri Hydropower Limited,Hydro Power,1.94,True,2082/2083
Chaitra,938,SIPD,Shikhar Power Development Limited,Hydro Power,2.0,True,2082/2083
Chaitra,993,HIMSTAR,Him Star Urja Company Limited,Hydro Power,4.32,True,2082/2083
Chaitra,994,DHEL,Daramkhola Hydro Energy Limited,Hydro Power,6.05,True,2082/2083
Chaitra,995,BJHL,Bhujung Hydropower Limited,Hydro Power,3.03,True,2082/2083
Chaitra,996,SANVI,Sanvi Energy Limited,Hydro Power,4.69,True,2082/2083
Chaitra,1000,MABEL,Mabilung Energy Limited,Hydro Power,9.35,True,2082/2083
Chaitra,1001,SOHL,Solu Hydropower Limited,Hydro Power,0.44,True,2082/2083
Chaitra,1003,BHCL,Bikash Hydropower Company Limited,Hydro Power,6.39,True,2082/2083
Chaitra,1004,RLEL,Ridge Line Energy Limited,Hydro Power,2.79,True,2082/2083
Chaitra,1009,BUNGAL,Bungal Hydro Limited,Hydro Power,9.12,True,2082/2083
Chaitra,1016,SKHL,Super Khudi Hydropower Limited,Hydro Power,6.74,True,2082/2083
Chaitra,1023,SKHEL,Suryakunda Hydro Electric Limited,Hydro Power,1.91,True,2082/2083
Chaitra,149,SHL,Soaltee Hotel Limited,Hotels and Tourism,0.22,True,2082/2083
Chaitra,986,HFIN,Hotel Forest Inn Limited,Hotels and Tourism,4.17,True,2082/2083
Chaitra,989,BANDIPUR,Bandipur Cable Car and Tourism Limited,Hotels and Tourism,1.85,True,2082/2083
Chaitra,238,HDL,Himalayan Distillery Limited,Manufacturing and Processing,0.59,True,2082/2083
Chaitra,242,UNL,Unilever Nepal Limited,Manufacturing and Processing,0.92,True,2082/2083
Chaitra,1035,SYPNL,SY Panel Nepal Limited,Manufacturing and Processing,1.54,True,2082/2083
Chaitra,1040,PCIL,Palpa Cement Industries Limited,Manufacturing and Processing,1.85,True,2082/2083
Chaitra,1047,SAGAR,Sagar Distillery Limited,Manufacturing and Processing,2.51,True,2082/2083
Chaitra,1089,SAIL,Shreenagar Agritech Industries Limited,Manufacturing and Processing,2.29,True,2082/2083
Chaitra,231,CIT,Citizen Investment Trust,Investment,0.03,True,2082/2083
Chaitra,572,NRN,NRN Infrastructure and Development Limited,Investment,1.75,True,2082/2083
Chaitra,891,TTL,Trade Tower Ltd.,Others,4.52,True,2082/2083
Chaitra,945,HRL,Himalayan Re-Insurance Limited,Others,0.22,True,2082/2083
Chaitra,1022,JHAPA,Jhapa Energy Limited,Others,6.69,True,2082/2083
Chaitra,764,MMF1,Mega Mutual Fund - 1,Mutual Fund,1.16,True,2082/2083
Chaitra,878,SIGS3,Siddhartha Investment Growth Scheme-3,Mutual Fund,0.93,True,2082/2083
Chaitra,949,NICGF2,NIC Asia Growth Fund-2,Mutual Fund,-0.92,True,2082/2083
Chaitra,954,NIBLSTF,NIBL Stable Fund,Mutual Fund,-0.21,True,2082/2083
Chaitra,982,MNMF1,Muktinath Mutual Fund 1,Mutual Fund,0.0,True,2082/2083
Chaitra,11,EBL,Everest Bank Limited,Commercial Banks,0.03,True,2082/2083
Chaitra,13,GBIME,Global IME Bank Limited,Commercial Banks,0.68,True,2082/2083
Chaitra,27,NABIL,Nabil Bank Limited,Commercial Banks,0.4,True,2082/2083
Chaitra,44,PCBL,Prime Commercial Bank Limited,Commercial Banks,0.63,True,2082/2083
Chaitra,46,SANIMA,Sanima Bank Limited,Commercial Banks,0.91,True,2082/2083
Chaitra,50,SCB,Standard Chartered Bank Limited,Commercial Banks,0.49,True,2082/2083
Chaitra,62,GBBL,Garima Bikas Bank Limited,Development Banks,0.48,True,2082/2083
Chaitra,70,KSBBL,Kamana Sewa Bikas Bank Limited,Development Banks,-0.39,True,2082/2083
Chaitra,1095,SABBL,Salapa Bikas Bank Limited,Development Banks,2.17,True,2082/2083
Chaitra,265,CBBL,Chhimek Laghubitta Bittiya Sanstha Limited,Microfinance,0.22,True,2082/2083
Chaitra,285,ILBS,Infinity Laghubitta Bittiya Sanstha Limited,Microfinance,0.11,True,2082/2083
Chaitra,1050,SWASTIK,Swastik Laghubita Bittiya Sanstha Limited,Microfinance,1.6,True,2082/2083
Chaitra,826,HEI,Himalayan Everest Insurance Limited,Non Life Insurance,0.77,True,2082/2083
Chaitra,873,SALICO,Sagarmatha Lumbini Insurance Company Limited,Non Life Insurance,0.68,True,2082/2083
Chaitra,876,SPIL,Siddhartha Premier Insurance Company Limited,Non Life Insurance,1.26,True,2082/2083
Chaitra,249,NLICL,National Life Insurance Co. Ltd.,Life Insurance,0.2,True,2082/2083
Chaitra,846,SJLIC,Suryajyoti Life Insurance Company Limited,Life Insurance,-0.46,True,2082/2083
Chaitra,152,API,Api Power Company Ltd.,Hydro Power,0.79,True,2082/2083
Chaitra,169,NGPL,Ngadi Group Power Ltd.,Hydro Power,1.01,True,2082/2083
Chaitra,176,SHPC,Sanima Mai Hydropower Ltd.,Hydro Power,0.13,True,2082/2083
Chaitra,178,SPDL,Synergy Power Development Ltd.,Hydro Power,-0.15,True,2082/2083
Chaitra,180,UMHL,United Modi Hydropower Ltd.,Hydro Power,-0.35,True,2082/2083
Chaitra,611,MEN,Mountain Energy Nepal Limited,Hydro Power,-0.33,True,2082/2083
Chaitra,617,UMRH,United IDI Mardi and RB Hydropower Ltd,Hydro Power,0.57,True,2082/2083
Chaitra,760,SAHAS,Sahas Urja Ltd.,Hydro Power,0.76,True,2082/2083
Chaitra,788,RFPL,River Falls Power Limited,Hydro Power,1.13,True,2082/2083
Chaitra,853,TAMOR,Sanima Middle Tamor Hydropower,Hydro Power,1.34,True,2082/2083
Chaitra,856,MAKAR,Makar Jitumaya Suri Hydropower Limited,Hydro Power,1.94,True,2082/2083
Chaitra,938,SIPD,Shikhar Power Development Limited,Hydro Power,2.0,True,2082/2083
Chaitra,993,HIMSTAR,Him Star Urja Company Limited,Hydro Power,4.32,True,2082/2083
Chaitra,994,DHEL,Daramkhola Hydro Energy Limited,Hydro Power,6.05,True,2082/2083
Chaitra,995,BJHL,Bhujung Hydropower Limited,Hydro Power,3.03,True,2082/2083
Chaitra,996,SANVI,Sanvi Energy Limited,Hydro Power,4.69,True,2082/2083
Chaitra,1000,MABEL,Mabilung Energy Limited,Hydro Power,9.35,True,2082/2083
Chaitra,1001,SOHL,Solu Hydropower Limited,Hydro Power,0.44,True,2082/2083
Chaitra,1003,BHCL,Bikash Hydropower Company Limited,Hydro Power,6.39,True,2082/2083
Chaitra,1004,RLEL,Ridge Line Energy Limited,Hydro Power,2.79,True,2082/2083
Chaitra,1009,BUNGAL,Bungal Hydro Limited,Hydro Power,9.12,True,2082/2083
Chaitra,1016,SKHL,Super Khudi Hydropower Limited,Hydro Power,6.74,True,2082/2083
Chaitra,1023,SKHEL,Suryakunda Hydro Electric Limited,Hydro Power,1.91,True,2082/2083
Chaitra,149,SHL,Soaltee Hotel Limited,Hotels and Tourism,0.22,True,2082/2083
Chaitra,986,HFIN,Hotel Forest Inn Limited,Hotels and Tourism,4.17,True,2082/2083
Chaitra,989,BANDIPUR,Bandipur Cable Car and Tourism Limited,Hotels and Tourism,1.85,True,2082/2083
Chaitra,238,HDL,Himalayan Distillery Limited,Manufacturing and Processing,0.59,True,2082/2083
Chaitra,242,UNL,Unilever Nepal Limited,Manufacturing and Processing,0.92,True,2082/2083
Chaitra,1035,SYPNL,SY Panel Nepal Limited,Manufacturing and Processing,1.54,True,2082/2083
Chaitra,1040,PCIL,Palpa Cement Industries Limited,Manufacturing and Processing,1.85,True,2082/2083
Chaitra,1047,SAGAR,Sagar Distillery Limited,Manufacturing and Processing,2.51,True,2082/2083
Chaitra,1089,SAIL,Shreenagar Agritech Industries Limited,Manufacturing and Processing,2.29,True,2082/2083
Chaitra,231,CIT,Citizen Investment Trust,Investment,0.03,True,2082/2083
Chaitra,572,NRN,NRN Infrastructure and Development Limited,Investment,1.75,True,2082/2083
Chaitra,891,TTL,Trade Tower Ltd.,Others,4.52,True,2082/2083
Chaitra,945,HRL,Himalayan Re-Insurance Limited,Others,0.22,True,2082/2083
Chaitra,1022,JHAPA,Jhapa Energy Limited,Others,6.69,True,2082/2083
Chaitra,764,MMF1,Mega Mutual Fund - 1,Mutual Fund,1.16,True,2082/2083
Chaitra,878,SIGS3,Siddhartha Investment Growth Scheme-3,Mutual Fund,0.93,True,2082/2083
Chaitra,949,NICGF2,NIC Asia Growth Fund-2,Mutual Fund,-0.92,True,2082/2083
Chaitra,954,NIBLSTF,NIBL Stable Fund,Mutual Fund,-0.21,True,2082/2083
Chaitra,982,MNMF1,Muktinath Mutual Fund 1,Mutual Fund,0.0,True,2082/2083
Bhadra,11,EBL,Everest Bank Limited,Commercial Banks,0.03,True,2080/2081
Bhadra,13,GBIME,Global IME Bank Limited,Commercial Banks,0.68,True,2080/2081
Bhadra,23,MBL,Machhapuchhre Bank Limited,Commercial Banks,0.76,True,2080/2081
Bhadra,37,SBI,Nepal SBI Bank Limited,Commercial Banks,1.63,True,2080/2081
Bhadra,40,NMB,NMB Bank Limited,Commercial Banks,1.06,True,2080/2081
Bhadra,46,SANIMA,Sanima Bank Limited,Commercial Banks,0.91,True,2080/2081
Bhadra,50,SCB,Standard Chartered Bank Limited,Commercial Banks,0.49,True,2080/2081
Bhadra,922,LSL,Laxmi Sunrise Bank Limited,Commercial Banks,1.3,True,2080/2081
Bhadra,62,GBBL,Garima Bikas Bank Limited,Development Banks,0.48,True,2080/2081
Bhadra,84,MNBBL,Muktinath Bikas Bank Ltd.,Development Banks,0.21,True,2080/2081
Bhadra,100,SHINE,Shine Resunga Development Bank Ltd.,Development Banks,-0.22,True,2080/2081
Bhadra,122,ICFC,ICFC Finance Limited,Finance,-0.06,True,2080/2081
Bhadra,210,NIL,Neco Insurance Co. Ltd.,Non Life Insurance,0.99,True,2080/2081
Bhadra,211,NICL,Nepal Insurance Co. Ltd.,Non Life Insurance,1.02,True,2080/2081
Bhadra,225,SICL,Shikhar Insurance Co. Ltd.,Non Life Insurance,0.18,True,2080/2081
Bhadra,229,UIC,United Insurance Co. (Nepal) Ltd.,Non Life Insurance,-0.75,False,2080/2081
Bhadra,873,SALICO,Sagarmatha Lumbini Insurance Company Limited,Non Life Insurance,0.68,True,2080/2081
Bhadra,876,SPIL,Siddhartha Premier Insurance Company Limited,Non Life Insurance,1.26,True,2080/2081
Bhadra,919,UAIL,United Ajod Insurance Limited,Non Life Insurance,0.25,True,2080/2081
Bhadra,243,ALICL,Asian Life Insurance Co. Limited,Life Insurance,-0.53,True,2080/2081
Bhadra,247,LICN,Life Insurance Corporation (Nepal) Limited,Life Insurance,-0.72,True,2080/2081
Bhadra,249,NLICL,National Life Insurance Co. Ltd.,Life Insurance,0.2,True,2080/2081
Bhadra,251,NLIC,Nepal Life Insurance Co. Ltd.,Life Insurance,0.1,True,2080/2081
Bhadra,152,API,Api Power Company Ltd.,Hydro Power,0.79,True,2080/2081
Bhadra,578,SSHL,Shiva Shree Hydropower Limited,Hydro Power,2.54,True,2080/2081
Bhadra,611,MEN,Mountain Energy Nepal Limited,Hydro Power,-0.33,True,2080/2081
Bhadra,760,SAHAS,Sahas Urja Ltd.,Hydro Power,0.76,True,2080/2081
Bhadra,832,PHCL,Peoples Hydropower Company Limited,Hydro Power,0.06,True,2080/2081
Bhadra,856,MAKAR,Makar Jitumaya Suri Hydropower Limited,Hydro Power,1.94,True,2080/2081
Bhadra,236,BNT,Bottlers Nepal (Terai) Limited,Manufacturing and Processing,-1.77,True,2080/2081
Bhadra,238,HDL,Himalayan Distillery Limited,Manufacturing and Processing,0.59,True,2080/2081
Bhadra,240,SHIVM,Shivam Cement Ltd.,Manufacturing and Processing,0.96,True,2080/2081
Bhadra,242,UNL,Unilever Nepal Limited,Manufacturing and Processing,0.92,True,2080/2081
Bhadra,233,NTC,Nepal Doorsanchar Company Limited,Others,0.27,True,2080/2081
Bhadra,189,NEF,Nabil Equity Fund,Mutual Fund,0.2,True,2080/2081
Bhadra,194,NMBHF1,NMB Hybrid Fund L-1,Mutual Fund,-1.4,True,2080/2081
Bhadra,736,RMF1,RBB Mutual Fund 1,Mutual Fund,0.1,True,2080/2081
Bhadra,884,RMF2,RBB Mutual Fund 2,Mutual Fund,3.96,True,2080/2081
Asadh,2,ADBL,Agricultural Development Bank Limited,Commercial Banks,-0.16,True,2081/2082
Asadh,11,EBL,Everest Bank Limited,Commercial Banks,0.03,True,2081/2082
Asadh,13,GBIME,Global IME Bank Limited,Commercial Banks,0.68,True,2081/2082
Asadh,15,HBL,Himalayan Bank Limited,Commercial Banks,-0.88,True,2081/2082
Asadh,27,NABIL,Nabil Bank Limited,Commercial Banks,0.4,True,2081/2082
Asadh,31,NBL,Nepal Bank Limited,Commercial Banks,-0.93,True,2081/2082
Asadh,37,SBI,Nepal SBI Bank Limited,Commercial Banks,1.63,True,2081/2082
Asadh,38,NICA,NIC Asia Bank Ltd.,Commercial Banks,0.28,True,2081/2082
Asadh,40,NMB,NMB Bank Limited,Commercial Banks,1.06,True,2081/2082
Asadh,42,PRVU,Prabhu Bank Limited,Commercial Banks,0.76,True,2081/2082
Asadh,44,PCBL,Prime Commercial Bank Limited,Commercial Banks,0.63,True,2081/2082
Asadh,46,SANIMA,Sanima Bank Limited,Commercial Banks,0.91,True,2081/2082
Asadh,48,SBL,Siddhartha Bank Limited,Commercial Banks,1.24,True,2081/2082
Asadh,50,SCB,Standard Chartered Bank Limited,Commercial Banks,0.49,True,2081/2082
Asadh,808,NIMB,Nepal Investment Mega Bank Limited,Commercial Banks,1.28,True,2081/2082
Asadh,922,LSL,Laxmi Sunrise Bank Limited,Commercial Banks,1.3,True,2081/2082
Asadh,62,GBBL,Garima Bikas Bank Limited,Development Banks,0.48,True,2081/2082
Asadh,70,KSBBL,Kamana Sewa Bikas Bank Limited,Development Banks,-0.39,True,2081/2082
Asadh,80,MLBL,Mahalaxmi Bikas Bank Ltd.,Development Banks,0.25,True,2081/2082
Asadh,84,MNBBL,Muktinath Bikas Bank Ltd.,Development Banks,0.21,True,2081/2082
Asadh,98,SADBL,Shangrila Development Bank Ltd.,Development Banks,0.34,True,2081/2082
Asadh,412,NABBC,Narayani Development Bank Limited,Development Banks,-1.03,True,2081/2082
Asadh,118,GMFIL,Guheshowori Merchant Bank & Finance Co. Ltd.,Finance,0.41,True,2081/2082
Asadh,120,GUFL,Gurkhas Finance Ltd.,Finance,0.94,True,2081/2082
Asadh,124,JFL,Janaki Finance Company Ltd.,Finance,0.0,True,2081/2082
Asadh,265,CBBL,Chhimek Laghubitta Bittiya Sanstha Limited,Microfinance,0.22,True,2081/2082
Asadh,271,FMDBL,First Micro Finance Development Bank Ltd.,Microfinance,-0.59,True,2081/2082
Asadh,280,GILB,Global IME Laghubitta Bittiya Sanstha Ltd.,Microfinance,0.44,True,2081/2082
Asadh,285,ILBS,Infinity Laghubitta Bittiya Sanstha Limited,Microfinance,0.11,True,2081/2082
Asadh,293,LLBS,Laxmi Laghubitta Bittiya Sanstha Ltd.,Microfinance,-0.62,True,2081/2082
Asadh,325,RSDC,RSDC Laghubitta Bittiya Sanstha Ltd.,Microfinance,0.57,True,2081/2082
Asadh,331,SLBSL,Samudayik Laghubitta Bittiya Sanstha Limited,Microfinance,-0.51,True,2081/2082
Asadh,584,NICLBSL,NIC ASIA Laghubitta Bittiya Sanstha Limited,Microfinance,1.72,True,2081/2082
Asadh,795,SWMF,Suryodaya Womi Laghubitta Bittiya Sanstha Limited,Microfinance,0.62,True,2081/2082
Asadh,946,NMLBBL,Nerude Mirmire Laghubitta Bittiya Sanstha Limited,Microfinance,0.68,True,2081/2082
Asadh,979,MATRI,Matribhumi Laghubitta Bittiya Sanstha Limited,Microfinance,0.56,True,2081/2082
Asadh,210,NIL,Neco Insurance Co. Ltd.,Non Life Insurance,0.99,True,2081/2082
Asadh,211,NICL,Nepal Insurance Co. Ltd.,Non Life Insurance,1.02,True,2081/2082
Asadh,225,SICL,Shikhar Insurance Co. Ltd.,Non Life Insurance,0.18,True,2081/2082
Asadh,826,HEI,Himalayan Everest Insurance Limited,Non Life Insurance,0.77,True,2081/2082
Asadh,873,SALICO,Sagarmatha Lumbini Insurance Company Limited,Non Life Insurance,0.68,True,2081/2082
Asadh,876,SPIL,Siddhartha Premier Insurance Company Limited,Non Life Insurance,1.26,True,2081/2082
Asadh,1052,NMIC,Nepal Micro Insurance Company Limited,Non Life Insurance,-1.44,True,2081/2082
Asadh,249,NLICL,National Life Insurance Co. Ltd.,Life Insurance,0.2,True,2081/2082
Asadh,251,NLIC,Nepal Life Insurance Co. Ltd.,Life Insurance,0.1,True,2081/2082
Asadh,846,SJLIC,Suryajyoti Life Insurance Company Limited,Life Insurance,-0.46,True,2081/2082
Asadh,908,HLI,Himalayan Life Insurance Limited,Life Insurance,0.83,True,2081/2082
Asadh,921,SNLI,Sun Nepal Life Insurance Company Limited,Life Insurance,-0.62,True,2081/2082
Asadh,925,PMLI,Prabhu Mahalaxmi Life Insurance Limited,Life Insurance,0.86,True,2081/2082
Asadh,983,GMLI,Guardian Micro-Life Insurance Company Limited,Life Insurance,-0.32,True,2081/2082
Asadh,1051,CREST,Crest Micro Life Insurance Limited,Life Insurance,14.81,True,2081/2082
Asadh,152,API,Api Power Company Ltd.,Hydro Power,0.79,True,2081/2082
Asadh,156,BPCL,Butwal Power Company Limited,Hydro Power,-0.4,True,2081/2082
Asadh,158,CHCL,Chilime Hydropower Company Limited,Hydro Power,0.63,True,2081/2082
Asadh,169,NGPL,Ngadi Group Power Ltd.,Hydro Power,1.01,True,2081/2082
Asadh,171,PPCL,Panchthar Power Company Limited,Hydro Power,0.08,True,2081/2082
Asadh,172,RADHI,Radhi Bidyut Company Ltd,Hydro Power,1.29,True,2081/2082
Asadh,174,RHPL,Rasuwagadhi Hydropower Company Limited,Hydro Power,0.0,True,2081/2082
Asadh,176,SHPC,Sanima Mai Hydropower Ltd.,Hydro Power,0.13,True,2081/2082
Asadh,179,UNHPL,Union Hydropower Limited,Hydro Power,1.17,True,2081/2082
Asadh,180,UMHL,United Modi Hydropower Ltd.,Hydro Power,-0.35,True,2081/2082
Asadh,181,UPCL,Universal Power Company Limited,Hydro Power,1.17,True,2081/2082
Asadh,577,TVCL,Trishuli Jal Vidhyut Company Limited,Hydro Power,1.34,True,2081/2082
Asadh,581,MKJC,Mailung Khola Jal Vidhyut Company Limited,Hydro Power,-2.1,True,2081/2082
Asadh,611,MEN,Mountain Energy Nepal Limited,Hydro Power,-0.33,True,2081/2082
Asadh,617,UMRH,United IDI Mardi and RB Hydropower Ltd,Hydro Power,0.57,True,2081/2082
Asadh,628,SHEL,Singati Hydro Energy Limited,Hydro Power,1.27,True,2081/2082
Asadh,731,MBJC,Madhya Bhotekoshi Jalavidyut Company Limited,Hydro Power,0.7,True,2081/2082
Asadh,760,SAHAS,Sahas Urja Ltd.,Hydro Power,0.76,True,2081/2082
Asadh,762,NYADI,Nyadi Hydropower Limited,Hydro Power,2.11,True,2081/2082
Asadh,788,RFPL,River Falls Power Limited,Hydro Power,1.13,True,2081/2082
Asadh,794,HHL,Himalayan Hydropower Limited,Hydro Power,2.33,True,2081/2082
Asadh,853,TAMOR,Sanima Middle Tamor Hydropower,Hydro Power,1.34,True,2081/2082
Asadh,856,MAKAR,Makar Jitumaya Suri Hydropower Limited,Hydro Power,1.94,True,2081/2082
Asadh,893,VLUCL,Vision Lumbini Urja Company Limited,Hydro Power,-0.3,True,2081/2082
Asadh,149,SHL,Soaltee Hotel Limited,Hotels and Tourism,0.22,True,2081/2082
Asadh,620,CGH,Chandragiri Hills Limited,Hotels and Tourism,0.0,True,2081/2082
Asadh,877,CITY,City Hotel Limited,Hotels and Tourism,-1.04,True,2081/2082
Asadh,236,BNT,Bottlers Nepal (Terai) Limited,Manufacturing and Processing,-1.77,True,2081/2082
Asadh,237,BNL,Bottlers Nepal (Balaju) Limited,Manufacturing and Processing,3.0,True,2081/2082
Asadh,240,SHIVM,Shivam Cement Ltd.,Manufacturing and Processing,0.96,True,2081/2082
Asadh,242,UNL,Unilever Nepal Limited,Manufacturing and Processing,0.92,True,2081/2082
Asadh,889,SONA,Sonapur Minerals and Oil Ltd,Manufacturing and Processing,2.67,True,2081/2082
Asadh,1039,OMPL,Om Megashree Pharmaceuticals Limited,Manufacturing and Processing,1.72,True,2081/2082
Asadh,231,CIT,Citizen Investment Trust,Investment,0.03,True,2081/2082
Asadh,625,NIFRA,Nepal Infrastructure Bank Limited,Investment,0.49,True,2081/2082
Asadh,727,CHDC,CEDB Holdings Limited,Investment,1.55,True,2081/2082
Asadh,780,ENL,Emerging Nepal Limited,Investment,-0.11,True,2081/2082
Asadh,235,STC,Salt Trading Corporation,Tradings,-0.5,True,2081/2082
Asadh,573,NRIC,Nepal Reinsurance Company Limited,Others,-0.42,True,2081/2082
Asadh,892,NWCL,Nepal Warehousing Company Ltd,Others,2.16,True,2081/2082
Asadh,945,HRL,Himalayan Re-Insurance Limited,Others,0.22,True,2081/2082
Asadh,1060,PURE,Pure Energy Limited,Others,1.65,True,2081/2082
Asadh,728,NIBSF2,NIBL Samriddhi Fund - II,Mutual Fund,0.65,True,2081/2082
Asadh,764,MMF1,Mega Mutual Fund - 1,Mutual Fund,1.16,True,2081/2082
Asadh,833,SAGF,Sanima Growth Fund,Mutual Fund,0.0,True,2081/2082
Asadh,849,NIBLGF,NIBL Growth Fund,Mutual Fund,2.91,True,2081/2082
Asadh,850,SFEF,Sunrise Focused Equity Fund,Mutual Fund,-1.36,True,2081/2082
Asadh,878,SIGS3,Siddhartha Investment Growth Scheme-3,Mutual Fund,0.93,True,2081/2082
Asadh,949,NICGF2,NIC Asia Growth Fund-2,Mutual Fund,-0.92,True,2081/2082
Asadh,954,NIBLSTF,NIBL Stable Fund,Mutual Fund,-0.21,True,2081/2082
Asadh,982,MNMF1,Muktinath Mutual Fund 1,Mutual Fund,0.0,True,2081/2082
Asadh,1049,GSY,Garima Samriddhi Yojana,Mutual Fund,0.0,True,2081/2082
Asadh,1066,NMBHF2,NMB Hydrid Fund L-II,Mutual Fund,-1.73,True,2081/2082
Asadh,1072,RSY,Reliable Samriddhi Yojana,Mutual Fund,1.87,True,2081/2082
Chaitra,11,EBL,Everest Bank Limited,Commercial Banks,0.03,True,2082/2083
Chaitra,13,GBIME,Global IME Bank Limited,Commercial Banks,0.68,True,2082/2083
Chaitra,27,NABIL,Nabil Bank Limited,Commercial Banks,0.4,True,2082/2083
Chaitra,44,PCBL,Prime Commercial Bank Limited,Commercial Banks,0.63,True,2082/2083
Chaitra,46,SANIMA,Sanima Bank Limited,Commercial Banks,0.91,True,2082/2083
Chaitra,50,SCB,Standard Chartered Bank Limited,Commercial Banks,0.49,True,2082/2083
Chaitra,62,GBBL,Garima Bikas Bank Limited,Development Banks,0.48,True,2082/2083
Chaitra,70,KSBBL,Kamana Sewa Bikas Bank Limited,Development Banks,-0.39,True,2082/2083
Chaitra,1095,SABBL,Salapa Bikas Bank Limited,Development Banks,2.17,True,2082/2083
Chaitra,265,CBBL,Chhimek Laghubitta Bittiya Sanstha Limited,Microfinance,0.22,True,2082/2083
Chaitra,285,ILBS,Infinity Laghubitta Bittiya Sanstha Limited,Microfinance,0.11,True,2082/2083
Chaitra,1050,SWASTIK,Swastik Laghubita Bittiya Sanstha Limited,Microfinance,1.6,True,2082/2083
Chaitra,826,HEI,Himalayan Everest Insurance Limited,Non Life Insurance,0.77,True,2082/2083
Chaitra,873,SALICO,Sagarmatha Lumbini Insurance Company Limited,Non Life Insurance,0.68,True,2082/2083
Chaitra,876,SPIL,Siddhartha Premier Insurance Company Limited,Non Life Insurance,1.26,True,2082/2083
Chaitra,249,NLICL,National Life Insurance Co. Ltd.,Life Insurance,0.2,True,2082/2083
Chaitra,846,SJLIC,Suryajyoti Life Insurance Company Limited,Life Insurance,-0.46,True,2082/2083
Chaitra,152,API,Api Power Company Ltd.,Hydro Power,0.79,True,2082/2083
Chaitra,169,NGPL,Ngadi Group Power Ltd.,Hydro Power,1.01,True,2082/2083
Chaitra,176,SHPC,Sanima Mai Hydropower Ltd.,Hydro Power,0.13,True,2082/2083
Chaitra,178,SPDL,Synergy Power Development Ltd.,Hydro Power,-0.15,True,2082/2083
Chaitra,180,UMHL,United Modi Hydropower Ltd.,Hydro Power,-0.35,True,2082/2083
Chaitra,611,MEN,Mountain Energy Nepal Limited,Hydro Power,-0.33,True,2082/2083
Chaitra,617,UMRH,United IDI Mardi and RB Hydropower Ltd,Hydro Power,0.57,True,2082/2083
Chaitra,760,SAHAS,Sahas Urja Ltd.,Hydro Power,0.76,True,2082/2083
Chaitra,788,RFPL,River Falls Power Limited,Hydro Power,1.13,True,2082/2083
Chaitra,853,TAMOR,Sanima Middle Tamor Hydropower,Hydro Power,1.34,True,2082/2083
Chaitra,856,MAKAR,Makar Jitumaya Suri Hydropower Limited,Hydro Power,1.94,True,2082/2083
Chaitra,938,SIPD,Shikhar Power Development Limited,Hydro Power,2.0,True,2082/2083
Chaitra,993,HIMSTAR,Him Star Urja Company Limited,Hydro Power,4.32,True,2082/2083
Chaitra,994,DHEL,Daramkhola Hydro Energy Limited,Hydro Power,6.05,True,2082/2083
Chaitra,995,BJHL,Bhujung Hydropower Limited,Hydro Power,3.03,True,2082/2083
Chaitra,996,SANVI,Sanvi Energy Limited,Hydro Power,4.69,True,2082/2083
Chaitra,1000,MABEL,Mabilung Energy Limited,Hydro Power,9.35,True,2082/2083
Chaitra,1001,SOHL,Solu Hydropower Limited,Hydro Power,0.44,True,2082/2083
Chaitra,1003,BHCL,Bikash Hydropower Company Limited,Hydro Power,6.39,True,2082/2083
Chaitra,1004,RLEL,Ridge Line Energy Limited,Hydro Power,2.79,True,2082/2083
Chaitra,1009,BUNGAL,Bungal Hydro Limited,Hydro Power,9.12,True,2082/2083
Chaitra,1016,SKHL,Super Khudi Hydropower Limited,Hydro Power,6.74,True,2082/2083
Chaitra,1023,SKHEL,Suryakunda Hydro Electric Limited,Hydro Power,1.91,True,2082/2083
Chaitra,149,SHL,Soaltee Hotel Limited,Hotels and Tourism,0.22,True,2082/2083
Chaitra,986,HFIN,Hotel Forest Inn Limited,Hotels and Tourism,4.17,True,2082/2083
Chaitra,989,BANDIPUR,Bandipur Cable Car and Tourism Limited,Hotels and Tourism,1.85,True,2082/2083
Chaitra,238,HDL,Himalayan Distillery Limited,Manufacturing and Processing,0.59,True,2082/2083
Chaitra,242,UNL,Unilever Nepal Limited,Manufacturing and Processing,0.92,True,2082/2083
Chaitra,1035,SYPNL,SY Panel Nepal Limited,Manufacturing and Processing,1.54,True,2082/2083
Chaitra,1040,PCIL,Palpa Cement Industries Limited,Manufacturing and Processing,1.85,True,2082/2083
Chaitra,1047,SAGAR,Sagar Distillery Limited,Manufacturing and Processing,2.51,True,2082/2083
Chaitra,1089,SAIL,Shreenagar Agritech Industries Limited,Manufacturing and Processing,2.29,True,2082/2083
Chaitra,231,CIT,Citizen Investment Trust,Investment,0.03,True,2082/2083
Chaitra,572,NRN,NRN Infrastructure and Development Limited,Investment,1.75,True,2082/2083
Chaitra,891,TTL,Trade Tower Ltd.,Others,4.52,True,2082/2083
Chaitra,945,HRL,Himalayan Re-Insurance Limited,Others,0.22,True,2082/2083
Chaitra,1022,JHAPA,Jhapa Energy Limited,Others,6.69,True,2082/2083
Chaitra,764,MMF1,Mega Mutual Fund - 1,Mutual Fund,1.16,True,2082/2083
Chaitra,878,SIGS3,Siddhartha Investment Growth Scheme-3,Mutual Fund,0.93,True,2082/2083
Chaitra,949,NICGF2,NIC Asia Growth Fund-2,Mutual Fund,-0.92,True,2082/2083
Chaitra,954,NIBLSTF,NIBL Stable Fund,Mutual Fund,-0.21,True,2082/2083
Chaitra,982,MNMF1,Muktinath Mutual Fund 1,Mutual Fund,0.0,True,2082/2083
Mangsir,11,EBL,Everest Bank Limited,Commercial Banks,0.03,True,2080/2081
Mangsir,13,GBIME,Global IME Bank Limited,Commercial Banks,0.68,True,2080/2081
Mangsir,23,MBL,Machhapuchhre Bank Limited,Commercial Banks,0.76,True,2080/2081
Mangsir,37,SBI,Nepal SBI Bank Limited,Commercial Banks,1.63,True,2080/2081
Mangsir,40,NMB,NMB Bank Limited,Commercial Banks,1.06,True,2080/2081
Mangsir,46,SANIMA,Sanima Bank Limited,Commercial Banks,0.91,True,2080/2081
Mangsir,50,SCB,Standard Chartered Bank Limited,Commercial Banks,0.49,True,2080/2081
Mangsir,922,LSL,Laxmi Sunrise Bank Limited,Commercial Banks,1.3,True,2080/2081
Mangsir,62,GBBL,Garima Bikas Bank Limited,Development Banks,0.48,True,2080/2081
Mangsir,84,MNBBL,Muktinath Bikas Bank Ltd.,Development Banks,0.21,True,2080/2081
Mangsir,100,SHINE,Shine Resunga Development Bank Ltd.,Development Banks,-0.22,True,2080/2081
Mangsir,122,ICFC,ICFC Finance Limited,Finance,-0.06,True,2080/2081
Mangsir,210,NIL,Neco Insurance Co. Ltd.,Non Life Insurance,0.99,True,2080/2081
Mangsir,873,SALICO,Sagarmatha Lumbini Insurance Company Limited,Non Life Insurance,0.68,True,2080/2081
Mangsir,876,SPIL,Siddhartha Premier Insurance Company Limited,Non Life Insurance,1.26,True,2080/2081
Mangsir,919,UAIL,United Ajod Insurance Limited,Non Life Insurance,0.25,True,2080/2081
Mangsir,243,ALICL,Asian Life Insurance Co. Limited,Life Insurance,-0.53,True,2080/2081
Mangsir,247,LICN,Life Insurance Corporation (Nepal) Limited,Life Insurance,-0.72,True,2080/2081
Mangsir,249,NLICL,National Life Insurance Co. Ltd.,Life Insurance,0.2,True,2080/2081
Mangsir,251,NLIC,Nepal Life Insurance Co. Ltd.,Life Insurance,0.1,True,2080/2081
Mangsir,152,API,Api Power Company Ltd.,Hydro Power,0.79,True,2080/2081
Mangsir,153,AKPL,Arun Kabeli Power Ltd.,Hydro Power,1.52,True,2080/2081
Mangsir,578,SSHL,Shiva Shree Hydropower Limited,Hydro Power,2.54,True,2080/2081
Mangsir,760,SAHAS,Sahas Urja Ltd.,Hydro Power,0.76,True,2080/2081
Mangsir,832,PHCL,Peoples Hydropower Company Limited,Hydro Power,0.06,True,2080/2081
Mangsir,856,MAKAR,Makar Jitumaya Suri Hydropower Limited,Hydro Power,1.94,True,2080/2081
Mangsir,903,MMKJL,Mathillo Mailun Khola Jalvidhyut Limited,Hydro Power,-0.6,True,2080/2081
Mangsir,236,BNT,Bottlers Nepal (Terai) Limited,Manufacturing and Processing,-1.77,True,2080/2081
Mangsir,238,HDL,Himalayan Distillery Limited,Manufacturing and Processing,0.59,True,2080/2081
Mangsir,240,SHIVM,Shivam Cement Ltd.,Manufacturing and Processing,0.96,True,2080/2081
Mangsir,242,UNL,Unilever Nepal Limited,Manufacturing and Processing,0.92,True,2080/2081
Mangsir,233,NTC,Nepal Doorsanchar Company Limited,Others,0.27,True,2080/2081
Mangsir,888,MKCL,Muktinath Krishi Company Ltd.,Others,0.86,True,2080/2081
Mangsir,189,NEF,Nabil Equity Fund,Mutual Fund,0.2,True,2080/2081
Mangsir,194,NMBHF1,NMB Hybrid Fund L-1,Mutual Fund,-1.4,True,2080/2081
Mangsir,736,RMF1,RBB Mutual Fund 1,Mutual Fund,0.1,True,2080/2081
Mangsir,881,PRSF,Prabhu Smart Fund,Mutual Fund,0.39,True,2080/2081
Mangsir,884,RMF2,RBB Mutual Fund 2,Mutual Fund,3.96,True,2080/2081
Shrawan,2,ADBL,Agricultural Development Bank Limited,Commercial Banks,-0.16,True,2082/2083
Shrawan,11,EBL,Everest Bank Limited,Commercial Banks,0.03,True,2082/2083
Shrawan,13,GBIME,Global IME Bank Limited,Commercial Banks,0.68,True,2082/2083
Shrawan,15,HBL,Himalayan Bank Limited,Commercial Banks,-0.88,True,2082/2083
Shrawan,27,NABIL,Nabil Bank Limited,Commercial Banks,0.4,True,2082/2083
Shrawan,31,NBL,Nepal Bank Limited,Commercial Banks,-0.93,True,2082/2083
Shrawan,37,SBI,Nepal SBI Bank Limited,Commercial Banks,1.63,True,2082/2083
Shrawan,38,NICA,NIC Asia Bank Ltd.,Commercial Banks,0.28,True,2082/2083
Shrawan,40,NMB,NMB Bank Limited,Commercial Banks,1.06,True,2082/2083
Shrawan,42,PRVU,Prabhu Bank Limited,Commercial Banks,0.76,True,2082/2083
Shrawan,44,PCBL,Prime Commercial Bank Limited,Commercial Banks,0.63,True,2082/2083
Shrawan,46,SANIMA,Sanima Bank Limited,Commercial Banks,0.91,True,2082/2083
Shrawan,48,SBL,Siddhartha Bank Limited,Commercial Banks,1.24,True,2082/2083
Shrawan,50,SCB,Standard Chartered Bank Limited,Commercial Banks,0.49,True,2082/2083
Shrawan,808,NIMB,Nepal Investment Mega Bank Limited,Commercial Banks,1.28,True,2082/2083
Shrawan,922,LSL,Laxmi Sunrise Bank Limited,Commercial Banks,1.3,True,2082/2083
Shrawan,62,GBBL,Garima Bikas Bank Limited,Development Banks,0.48,True,2082/2083
Shrawan,70,KSBBL,Kamana Sewa Bikas Bank Limited,Development Banks,-0.39,True,2082/2083
Shrawan,80,MLBL,Mahalaxmi Bikas Bank Ltd.,Development Banks,0.25,True,2082/2083
Shrawan,98,SADBL,Shangrila Development Bank Ltd.,Development Banks,0.34,True,2082/2083
Shrawan,412,NABBC,Narayani Development Bank Limited,Development Banks,-1.03,True,2082/2083
Shrawan,118,GMFIL,Guheshowori Merchant Bank & Finance Co. Ltd.,Finance,0.41,True,2082/2083
Shrawan,120,GUFL,Gurkhas Finance Ltd.,Finance,0.94,True,2082/2083
Shrawan,124,JFL,Janaki Finance Company Ltd.,Finance,0.0,True,2082/2083
Shrawan,265,CBBL,Chhimek Laghubitta Bittiya Sanstha Limited,Microfinance,0.22,True,2082/2083
Shrawan,271,FMDBL,First Micro Finance Development Bank Ltd.,Microfinance,-0.59,True,2082/2083
Shrawan,280,GILB,Global IME Laghubitta Bittiya Sanstha Ltd.,Microfinance,0.44,True,2082/2083
Shrawan,285,ILBS,Infinity Laghubitta Bittiya Sanstha Limited,Microfinance,0.11,True,2082/2083
Shrawan,293,LLBS,Laxmi Laghubitta Bittiya Sanstha Ltd.,Microfinance,-0.62,True,2082/2083
Shrawan,325,RSDC,RSDC Laghubitta Bittiya Sanstha Ltd.,Microfinance,0.57,True,2082/2083
Shrawan,331,SLBSL,Samudayik Laghubitta Bittiya Sanstha Limited,Microfinance,-0.51,True,2082/2083
Shrawan,584,NICLBSL,NIC ASIA Laghubitta Bittiya Sanstha Limited,Microfinance,1.72,True,2082/2083
Shrawan,795,SWMF,Suryodaya Womi Laghubitta Bittiya Sanstha Limited,Microfinance,0.62,True,2082/2083
Shrawan,946,NMLBBL,Nerude Mirmire Laghubitta Bittiya Sanstha Limited,Microfinance,0.68,True,2082/2083
Shrawan,979,MATRI,Matribhumi Laghubitta Bittiya Sanstha Limited,Microfinance,0.56,True,2082/2083
Shrawan,210,NIL,Neco Insurance Co. Ltd.,Non Life Insurance,0.99,True,2082/2083
Shrawan,211,NICL,Nepal Insurance Co. Ltd.,Non Life Insurance,1.02,True,2082/2083
Shrawan,225,SICL,Shikhar Insurance Co. Ltd.,Non Life Insurance,0.18,True,2082/2083
Shrawan,826,HEI,Himalayan Everest Insurance Limited,Non Life Insurance,0.77,True,2082/2083
Shrawan,873,SALICO,Sagarmatha Lumbini Insurance Company Limited,Non Life Insurance,0.68,True,2082/2083
Shrawan,876,SPIL,Siddhartha Premier Insurance Company Limited,Non Life Insurance,1.26,True,2082/2083
Shrawan,1052,NMIC,Nepal Micro Insurance Company Limited,Non Life Insurance,-1.44,True,2082/2083
Shrawan,249,NLICL,National Life Insurance Co. Ltd.,Life Insurance,0.2,True,2082/2083
Shrawan,251,NLIC,Nepal Life Insurance Co. Ltd.,Life Insurance,0.1,True,2082/2083
Shrawan,846,SJLIC,Suryajyoti Life Insurance Company Limited,Life Insurance,-0.46,True,2082/2083
Shrawan,908,HLI,Himalayan Life Insurance Limited,Life Insurance,0.83,True,2082/2083
Shrawan,921,SNLI,Sun Nepal Life Insurance Company Limited,Life Insurance,-0.62,True,2082/2083
Shrawan,925,PMLI,Prabhu Mahalaxmi Life Insurance Limited,Life Insurance,0.86,True,2082/2083
Shrawan,983,GMLI,Guardian Micro-Life Insurance Company Limited,Life Insurance,-0.32,True,2082/2083
Shrawan,1051,CREST,Crest Micro Life Insurance Limited,Life Insurance,14.81,True,2082/2083
Shrawan,152,API,Api Power Company Ltd.,Hydro Power,0.79,True,2082/2083
Shrawan,158,CHCL,Chilime Hydropower Company Limited,Hydro Power,0.63,True,2082/2083
Shrawan,169,NGPL,Ngadi Group Power Ltd.,Hydro Power,1.01,True,2082/2083
Shrawan,171,PPCL,Panchthar Power Company Limited,Hydro Power,0.08,True,2082/2083
Shrawan,172,RADHI,Radhi Bidyut Company Ltd,Hydro Power,1.29,True,2082/2083
Shrawan,174,RHPL,Rasuwagadhi Hydropower Company Limited,Hydro Power,0.0,True,2082/2083
Shrawan,176,SHPC,Sanima Mai Hydropower Ltd.,Hydro Power,0.13,True,2082/2083
Shrawan,179,UNHPL,Union Hydropower Limited,Hydro Power,1.17,True,2082/2083
Shrawan,180,UMHL,United Modi Hydropower Ltd.,Hydro Power,-0.35,True,2082/2083
Shrawan,181,UPCL,Universal Power Company Limited,Hydro Power,1.17,True,2082/2083
Shrawan,577,TVCL,Trishuli Jal Vidhyut Company Limited,Hydro Power,1.34,True,2082/2083
Shrawan,581,MKJC,Mailung Khola Jal Vidhyut Company Limited,Hydro Power,-2.1,True,2082/2083
Shrawan,611,MEN,Mountain Energy Nepal Limited,Hydro Power,-0.33,True,2082/2083
Shrawan,617,UMRH,United IDI Mardi and RB Hydropower Ltd,Hydro Power,0.57,True,2082/2083
Shrawan,628,SHEL,Singati Hydro Energy Limited,Hydro Power,1.27,True,2082/2083
Shrawan,731,MBJC,Madhya Bhotekoshi Jalavidyut Company Limited,Hydro Power,0.7,True,2082/2083
Shrawan,760,SAHAS,Sahas Urja Ltd.,Hydro Power,0.76,True,2082/2083
Shrawan,762,NYADI,Nyadi Hydropower Limited,Hydro Power,2.11,True,2082/2083
Shrawan,788,RFPL,River Falls Power Limited,Hydro Power,1.13,True,2082/2083
Shrawan,794,HHL,Himalayan Hydropower Limited,Hydro Power,2.33,True,2082/2083
Shrawan,853,TAMOR,Sanima Middle Tamor Hydropower,Hydro Power,1.34,True,2082/2083
Shrawan,856,MAKAR,Makar Jitumaya Suri Hydropower Limited,Hydro Power,1.94,True,2082/2083
Shrawan,893,VLUCL,Vision Lumbini Urja Company Limited,Hydro Power,-0.3,True,2082/2083
Shrawan,996,SANVI,Sanvi Energy Limited,Hydro Power,4.69,True,2082/2083
Shrawan,149,SHL,Soaltee Hotel Limited,Hotels and Tourism,0.22,True,2082/2083
Shrawan,620,CGH,Chandragiri Hills Limited,Hotels and Tourism,0.0,True,2082/2083
Shrawan,877,CITY,City Hotel Limited,Hotels and Tourism,-1.04,True,2082/2083
Shrawan,236,BNT,Bottlers Nepal (Terai) Limited,Manufacturing and Processing,-1.77,True,2082/2083
Shrawan,237,BNL,Bottlers Nepal (Balaju) Limited,Manufacturing and Processing,3.0,True,2082/2083
Shrawan,240,SHIVM,Shivam Cement Ltd.,Manufacturing and Processing,0.96,True,2082/2083
Shrawan,242,UNL,Unilever Nepal Limited,Manufacturing and Processing,0.92,True,2082/2083
Shrawan,889,SONA,Sonapur Minerals and Oil Ltd,Manufacturing and Processing,2.67,True,2082/2083
Shrawan,1039,OMPL,Om Megashree Pharmaceuticals Limited,Manufacturing and Processing,1.72,True,2082/2083
Shrawan,231,CIT,Citizen Investment Trust,Investment,0.03,True,2082/2083
Shrawan,625,NIFRA,Nepal Infrastructure Bank Limited,Investment,0.49,True,2082/2083
Shrawan,727,CHDC,CEDB Holdings Limited,Investment,1.55,True,2082/2083
Shrawan,780,ENL,Emerging Nepal Limited,Investment,-0.11,True,2082/2083
Shrawan,235,STC,Salt Trading Corporation,Tradings,-0.5,True,2082/2083
Shrawan,573,NRIC,Nepal Reinsurance Company Limited,Others,-0.42,True,2082/2083
Shrawan,891,TTL,Trade Tower Ltd.,Others,4.52,True,2082/2083
Shrawan,892,NWCL,Nepal Warehousing Company Ltd,Others,2.16,True,2082/2083
Shrawan,945,HRL,Himalayan Re-Insurance Limited,Others,0.22,True,2082/2083
Shrawan,1060,PURE,Pure Energy Limited,Others,1.65,True,2082/2083
Shrawan,728,NIBSF2,NIBL Samriddhi Fund - II,Mutual Fund,0.65,True,2082/2083
Shrawan,764,MMF1,Mega Mutual Fund - 1,Mutual Fund,1.16,True,2082/2083
Shrawan,833,SAGF,Sanima Growth Fund,Mutual Fund,0.0,True,2082/2083
Shrawan,849,NIBLGF,NIBL Growth Fund,Mutual Fund,2.91,True,2082/2083
Shrawan,850,SFEF,Sunrise Focused Equity Fund,Mutual Fund,-1.36,True,2082/2083
Shrawan,878,SIGS3,Siddhartha Investment Growth Scheme-3,Mutual Fund,0.93,True,2082/2083
Shrawan,949,NICGF2,NIC Asia Growth Fund-2,Mutual Fund,-0.92,True,2082/2083
Shrawan,954,NIBLSTF,NIBL Stable Fund,Mutual Fund,-0.21,True,2082/2083
Shrawan,982,MNMF1,Muktinath Mutual Fund 1,Mutual Fund,0.0,True,2082/2083
Shrawan,1049,GSY,Garima Samriddhi Yojana,Mutual Fund,0.0,True,2082/2083
Shrawan,1066,NMBHF2,NMB Hydrid Fund L-II,Mutual Fund,-1.73,True,2082/2083
Shrawan,1072,RSY,Reliable Samriddhi Yojana,Mutual Fund,1.87,True,2082/2083
Kartik,11,EBL,Everest Bank Limited,Commercial Banks,0.03,True,2080/2081
Kartik,13,GBIME,Global IME Bank Limited,Commercial Banks,0.68,True,2080/2081
Kartik,23,MBL,Machhapuchhre Bank Limited,Commercial Banks,0.76,True,2080/2081
Kartik,37,SBI,Nepal SBI Bank Limited,Commercial Banks,1.63,True,2080/2081
Kartik,40,NMB,NMB Bank Limited,Commercial Banks,1.06,True,2080/2081
Kartik,46,SANIMA,Sanima Bank Limited,Commercial Banks,0.91,True,2080/2081
Kartik,50,SCB,Standard Chartered Bank Limited,Commercial Banks,0.49,True,2080/2081
Kartik,922,LSL,Laxmi Sunrise Bank Limited,Commercial Banks,1.3,True,2080/2081
Kartik,62,GBBL,Garima Bikas Bank Limited,Development Banks,0.48,True,2080/2081
Kartik,84,MNBBL,Muktinath Bikas Bank Ltd.,Development Banks,0.21,True,2080/2081
Kartik,100,SHINE,Shine Resunga Development Bank Ltd.,Development Banks,-0.22,True,2080/2081
Kartik,122,ICFC,ICFC Finance Limited,Finance,-0.06,True,2080/2081
Kartik,210,NIL,Neco Insurance Co. Ltd.,Non Life Insurance,0.99,True,2080/2081
Kartik,211,NICL,Nepal Insurance Co. Ltd.,Non Life Insurance,1.02,True,2080/2081
Kartik,225,SICL,Shikhar Insurance Co. Ltd.,Non Life Insurance,0.18,True,2080/2081
Kartik,229,UIC,United Insurance Co. (Nepal) Ltd.,Non Life Insurance,-0.75,False,2080/2081
Kartik,873,SALICO,Sagarmatha Lumbini Insurance Company Limited,Non Life Insurance,0.68,True,2080/2081
Kartik,876,SPIL,Siddhartha Premier Insurance Company Limited,Non Life Insurance,1.26,True,2080/2081
Kartik,919,UAIL,United Ajod Insurance Limited,Non Life Insurance,0.25,True,2080/2081
Kartik,243,ALICL,Asian Life Insurance Co. Limited,Life Insurance,-0.53,True,2080/2081
Kartik,247,LICN,Life Insurance Corporation (Nepal) Limited,Life Insurance,-0.72,True,2080/2081
Kartik,249,NLICL,National Life Insurance Co. Ltd.,Life Insurance,0.2,True,2080/2081
Kartik,251,NLIC,Nepal Life Insurance Co. Ltd.,Life Insurance,0.1,True,2080/2081
Kartik,152,API,Api Power Company Ltd.,Hydro Power,0.79,True,2080/2081
Kartik,578,SSHL,Shiva Shree Hydropower Limited,Hydro Power,2.54,True,2080/2081
Kartik,611,MEN,Mountain Energy Nepal Limited,Hydro Power,-0.33,True,2080/2081
Kartik,760,SAHAS,Sahas Urja Ltd.,Hydro Power,0.76,True,2080/2081
Kartik,832,PHCL,Peoples Hydropower Company Limited,Hydro Power,0.06,True,2080/2081
Kartik,856,MAKAR,Makar Jitumaya Suri Hydropower Limited,Hydro Power,1.94,True,2080/2081
Kartik,236,BNT,Bottlers Nepal (Terai) Limited,Manufacturing and Processing,-1.77,True,2080/2081
Kartik,238,HDL,Himalayan Distillery Limited,Manufacturing and Processing,0.59,True,2080/2081
Kartik,240,SHIVM,Shivam Cement Ltd.,Manufacturing and Processing,0.96,True,2080/2081
Kartik,242,UNL,Unilever Nepal Limited,Manufacturing and Processing,0.92,True,2080/2081
Kartik,233,NTC,Nepal Doorsanchar Company Limited,Others,0.27,True,2080/2081
Kartik,189,NEF,Nabil Equity Fund,Mutual Fund,0.2,True,2080/2081
Kartik,194,NMBHF1,NMB Hybrid Fund L-1,Mutual Fund,-1.4,True,2080/2081
Kartik,736,RMF1,RBB Mutual Fund 1,Mutual Fund,0.1,True,2080/2081
Kartik,881,PRSF,Prabhu Smart Fund,Mutual Fund,0.39,True,2080/2081
Kartik,884,RMF2,RBB Mutual Fund 2,Mutual Fund,3.96,True,2080/2081
Poush,11,EBL,Everest Bank Limited,Commercial Banks,0.03,True,2082/2083
Poush,13,GBIME,Global IME Bank Limited,Commercial Banks,0.68,True,2082/2083
Poush,27,NABIL,Nabil Bank Limited,Commercial Banks,0.4,True,2082/2083
Poush,46,SANIMA,Sanima Bank Limited,Commercial Banks,0.91,True,2082/2083
Poush,50,SCB,Standard Chartered Bank Limited,Commercial Banks,0.49,True,2082/2083
Poush,62,GBBL,Garima Bikas Bank Limited,Development Banks,0.48,True,2082/2083
Poush,70,KSBBL,Kamana Sewa Bikas Bank Limited,Development Banks,-0.39,True,2082/2083
Poush,265,CBBL,Chhimek Laghubitta Bittiya Sanstha Limited,Microfinance,0.22,True,2082/2083
Poush,285,ILBS,Infinity Laghubitta Bittiya Sanstha Limited,Microfinance,0.11,True,2082/2083
Poush,331,SLBSL,Samudayik Laghubitta Bittiya Sanstha Limited,Microfinance,-0.51,True,2082/2083
Poush,1050,SWASTIK,Swastik Laghubita Bittiya Sanstha Limited,Microfinance,1.6,True,2082/2083
Poush,826,HEI,Himalayan Everest Insurance Limited,Non Life Insurance,0.77,True,2082/2083
Poush,873,SALICO,Sagarmatha Lumbini Insurance Company Limited,Non Life Insurance,0.68,True,2082/2083
Poush,876,SPIL,Siddhartha Premier Insurance Company Limited,Non Life Insurance,1.26,True,2082/2083
Poush,1052,NMIC,Nepal Micro Insurance Company Limited,Non Life Insurance,-1.44,True,2082/2083
Poush,249,NLICL,National Life Insurance Co. Ltd.,Life Insurance,0.2,True,2082/2083
Poush,846,SJLIC,Suryajyoti Life Insurance Company Limited,Life Insurance,-0.46,True,2082/2083
Poush,1051,CREST,Crest Micro Life Insurance Limited,Life Insurance,14.81,True,2082/2083
Poush,152,API,Api Power Company Ltd.,Hydro Power,0.79,True,2082/2083
Poush,156,BPCL,Butwal Power Company Limited,Hydro Power,-0.4,True,2082/2083
Poush,169,NGPL,Ngadi Group Power Ltd.,Hydro Power,1.01,True,2082/2083
Poush,176,SHPC,Sanima Mai Hydropower Ltd.,Hydro Power,0.13,True,2082/2083
Poush,178,SPDL,Synergy Power Development Ltd.,Hydro Power,-0.15,True,2082/2083
Poush,180,UMHL,United Modi Hydropower Ltd.,Hydro Power,-0.35,True,2082/2083
Poush,611,MEN,Mountain Energy Nepal Limited,Hydro Power,-0.33,True,2082/2083
Poush,617,UMRH,United IDI Mardi and RB Hydropower Ltd,Hydro Power,0.57,True,2082/2083
Poush,760,SAHAS,Sahas Urja Ltd.,Hydro Power,0.76,True,2082/2083
Poush,788,RFPL,River Falls Power Limited,Hydro Power,1.13,True,2082/2083
Poush,853,TAMOR,Sanima Middle Tamor Hydropower,Hydro Power,1.34,True,2082/2083
Poush,856,MAKAR,Makar Jitumaya Suri Hydropower Limited,Hydro Power,1.94,True,2082/2083
Poush,993,HIMSTAR,Him Star Urja Company Limited,Hydro Power,4.32,True,2082/2083
Poush,994,DHEL,Daramkhola Hydro Energy Limited,Hydro Power,6.05,True,2082/2083
Poush,996,SANVI,Sanvi Energy Limited,Hydro Power,4.69,True,2082/2083
Poush,1000,MABEL,Mabilung Energy Limited,Hydro Power,9.35,True,2082/2083
Poush,1003,BHCL,Bikash Hydropower Company Limited,Hydro Power,6.39,True,2082/2083
Poush,1009,BUNGAL,Bungal Hydro Limited,Hydro Power,9.12,True,2082/2083
Poush,149,SHL,Soaltee Hotel Limited,Hotels and Tourism,0.22,True,2082/2083
Poush,989,BANDIPUR,Bandipur Cable Car and Tourism Limited,Hotels and Tourism,1.85,True,2082/2083
Poush,238,HDL,Himalayan Distillery Limited,Manufacturing and Processing,0.59,True,2082/2083
Poush,240,SHIVM,Shivam Cement Ltd.,Manufacturing and Processing,0.96,True,2082/2083
Poush,242,UNL,Unilever Nepal Limited,Manufacturing and Processing,0.92,True,2082/2083
Poush,1035,SYPNL,SY Panel Nepal Limited,Manufacturing and Processing,1.54,True,2082/2083
Poush,1039,OMPL,Om Megashree Pharmaceuticals Limited,Manufacturing and Processing,1.72,True,2082/2083
Poush,1047,SAGAR,Sagar Distillery Limited,Manufacturing and Processing,2.51,True,2082/2083
Poush,1089,SAIL,Shreenagar Agritech Industries Limited,Manufacturing and Processing,2.29,True,2082/2083
Poush,572,NRN,NRN Infrastructure and Development Limited,Investment,1.75,True,2082/2083
Poush,235,STC,Salt Trading Corporation,Tradings,-0.5,True,2082/2083
Poush,573,NRIC,Nepal Reinsurance Company Limited,Others,-0.42,True,2082/2083
Poush,891,TTL,Trade Tower Ltd.,Others,4.52,True,2082/2083
Poush,945,HRL,Himalayan Re-Insurance Limited,Others,0.22,True,2082/2083
Poush,1022,JHAPA,Jhapa Energy Limited,Others,6.69,True,2082/2083
Poush,1060,PURE,Pure Energy Limited,Others,1.65,True,2082/2083
Poush,764,MMF1,Mega Mutual Fund - 1,Mutual Fund,1.16,True,2082/2083
Poush,878,SIGS3,Siddhartha Investment Growth Scheme-3,Mutual Fund,0.93,True,2082/2083
Poush,949,NICGF2,NIC Asia Growth Fund-2,Mutual Fund,-0.92,True,2082/2083
Poush,954,NIBLSTF,NIBL Stable Fund,Mutual Fund,-0.21,True,2082/2083
Poush,982,MNMF1,Muktinath Mutual Fund 1,Mutual Fund,0.0,True,2082/2083
Chaitra,11,EBL,Everest Bank Limited,Commercial Banks,0.03,True,2082/2083
Chaitra,13,GBIME,Global IME Bank Limited,Commercial Banks,0.68,True,2082/2083
Chaitra,27,NABIL,Nabil Bank Limited,Commercial Banks,0.4,True,2082/2083
Chaitra,44,PCBL,Prime Commercial Bank Limited,Commercial Banks,0.63,True,2082/2083
Chaitra,46,SANIMA,Sanima Bank Limited,Commercial Banks,0.91,True,2082/2083
Chaitra,50,SCB,Standard Chartered Bank Limited,Commercial Banks,0.49,True,2082/2083
Chaitra,62,GBBL,Garima Bikas Bank Limited,Development Banks,0.48,True,2082/2083
Chaitra,70,KSBBL,Kamana Sewa Bikas Bank Limited,Development Banks,-0.39,True,2082/2083
Chaitra,1095,SABBL,Salapa Bikas Bank Limited,Development Banks,2.17,True,2082/2083
Chaitra,265,CBBL,Chhimek Laghubitta Bittiya Sanstha Limited,Microfinance,0.22,True,2082/2083
Chaitra,285,ILBS,Infinity Laghubitta Bittiya Sanstha Limited,Microfinance,0.11,True,2082/2083
Chaitra,1050,SWASTIK,Swastik Laghubita Bittiya Sanstha Limited,Microfinance,1.6,True,2082/2083
Chaitra,826,HEI,Himalayan Everest Insurance Limited,Non Life Insurance,0.77,True,2082/2083
Chaitra,873,SALICO,Sagarmatha Lumbini Insurance Company Limited,Non Life Insurance,0.68,True,2082/2083
Chaitra,876,SPIL,Siddhartha Premier Insurance Company Limited,Non Life Insurance,1.26,True,2082/2083
Chaitra,249,NLICL,National Life Insurance Co. Ltd.,Life Insurance,0.2,True,2082/2083
Chaitra,846,SJLIC,Suryajyoti Life Insurance Company Limited,Life Insurance,-0.46,True,2082/2083
Chaitra,152,API,Api Power Company Ltd.,Hydro Power,0.79,True,2082/2083
Chaitra,169,NGPL,Ngadi Group Power Ltd.,Hydro Power,1.01,True,2082/2083
Chaitra,176,SHPC,Sanima Mai Hydropower Ltd.,Hydro Power,0.13,True,2082/2083
Chaitra,178,SPDL,Synergy Power Development Ltd.,Hydro Power,-0.15,True,2082/2083
Chaitra,180,UMHL,United Modi Hydropower Ltd.,Hydro Power,-0.35,True,2082/2083
Chaitra,611,MEN,Mountain Energy Nepal Limited,Hydro Power,-0.33,True,2082/2083
Chaitra,617,UMRH,United IDI Mardi and RB Hydropower Ltd,Hydro Power,0.57,True,2082/2083
Chaitra,760,SAHAS,Sahas Urja Ltd.,Hydro Power,0.76,True,2082/2083
Chaitra,788,RFPL,River Falls Power Limited,Hydro Power,1.13,True,2082/2083
Chaitra,853,TAMOR,Sanima Middle Tamor Hydropower,Hydro Power,1.34,True,2082/2083
Chaitra,856,MAKAR,Makar Jitumaya Suri Hydropower Limited,Hydro Power,1.94,True,2082/2083
Chaitra,938,SIPD,Shikhar Power Development Limited,Hydro Power,2.0,True,2082/2083
Chaitra,993,HIMSTAR,Him Star Urja Company Limited,Hydro Power,4.32,True,2082/2083
Chaitra,994,DHEL,Daramkhola Hydro Energy Limited,Hydro Power,6.05,True,2082/2083
Chaitra,995,BJHL,Bhujung Hydropower Limited,Hydro Power,3.03,True,2082/2083
Chaitra,996,SANVI,Sanvi Energy Limited,Hydro Power,4.69,True,2082/2083
Chaitra,1000,MABEL,Mabilung Energy Limited,Hydro Power,9.35,True,2082/2083
Chaitra,1001,SOHL,Solu Hydropower Limited,Hydro Power,0.44,True,2082/2083
Chaitra,1003,BHCL,Bikash Hydropower Company Limited,Hydro Power,6.39,True,2082/2083
Chaitra,1004,RLEL,Ridge Line Energy Limited,Hydro Power,2.79,True,2082/2083
Chaitra,1009,BUNGAL,Bungal Hydro Limited,Hydro Power,9.12,True,2082/2083
Chaitra,1016,SKHL,Super Khudi Hydropower Limited,Hydro Power,6.74,True,2082/2083
Chaitra,1023,SKHEL,Suryakunda Hydro Electric Limited,Hydro Power,1.91,True,2082/2083
Chaitra,149,SHL,Soaltee Hotel Limited,Hotels and Tourism,0.22,True,2082/2083
Chaitra,986,HFIN,Hotel Forest Inn Limited,Hotels and Tourism,4.17,True,2082/2083
Chaitra,989,BANDIPUR,Bandipur Cable Car and Tourism Limited,Hotels and Tourism,1.85,True,2082/2083
Chaitra,238,HDL,Himalayan Distillery Limited,Manufacturing and Processing,0.59,True,2082/2083
Chaitra,242,UNL,Unilever Nepal Limited,Manufacturing and Processing,0.92,True,2082/2083
Chaitra,1035,SYPNL,SY Panel Nepal Limited,Manufacturing and Processing,1.54,True,2082/2083
Chaitra,1040,PCIL,Palpa Cement Industries Limited,Manufacturing and Processing,1.85,True,2082/2083
Chaitra,1047,SAGAR,Sagar Distillery Limited,Manufacturing and Processing,2.51,True,2082/2083
Chaitra,1089,SAIL,Shreenagar Agritech Industries Limited,Manufacturing and Processing,2.29,True,2082/2083
Chaitra,231,CIT,Citizen Investment Trust,Investment,0.03,True,2082/2083
Chaitra,572,NRN,NRN Infrastructure and Development Limited,Investment,1.75,True,2082/2083
Chaitra,891,TTL,Trade Tower Ltd.,Others,4.52,True,2082/2083
Chaitra,945,HRL,Himalayan Re-Insurance Limited,Others,0.22,True,2082/2083
Chaitra,1022,JHAPA,Jhapa Energy Limited,Others,6.69,True,2082/2083
Chaitra,764,MMF1,Mega Mutual Fund - 1,Mutual Fund,1.16,True,2082/2083
Chaitra,878,SIGS3,Siddhartha Investment Growth Scheme-3,Mutual Fund,0.93,True,2082/2083
Chaitra,949,NICGF2,NIC Asia Growth Fund-2,Mutual Fund,-0.92,True,2082/2083
Chaitra,954,NIBLSTF,NIBL Stable Fund,Mutual Fund,-0.21,True,2082/2083
Chaitra,982,MNMF1,Muktinath Mutual Fund 1,Mutual Fund,0.0,True,2082/2083
Bhadra,11,EBL,Everest Bank Limited,Commercial Banks,0.03,True,2081/2082
Bhadra,13,GBIME,Global IME Bank Limited,Commercial Banks,0.68,True,2081/2082
Bhadra,37,SBI,Nepal SBI Bank Limited,Commercial Banks,1.63,True,2081/2082
Bhadra,40,NMB,NMB Bank Limited,Commercial Banks,1.06,True,2081/2082
Bhadra,46,SANIMA,Sanima Bank Limited,Commercial Banks,0.91,True,2081/2082
Bhadra,50,SCB,Standard Chartered Bank Limited,Commercial Banks,0.49,True,2081/2082
Bhadra,922,LSL,Laxmi Sunrise Bank Limited,Commercial Banks,1.3,True,2081/2082
Bhadra,62,GBBL,Garima Bikas Bank Limited,Development Banks,0.48,True,2081/2082
Bhadra,84,MNBBL,Muktinath Bikas Bank Ltd.,Development Banks,0.21,True,2081/2082
Bhadra,100,SHINE,Shine Resunga Development Bank Ltd.,Development Banks,-0.22,True,2081/2082
Bhadra,112,CFCL,Central Finance Limited,Finance,0.64,True,2081/2082
Bhadra,128,MFIL,Manjushree Finance Ltd.,Finance,-0.37,True,2081/2082
Bhadra,132,NFS,Nepal Finance Ltd.,Finance,0.37,True,2081/2082
Bhadra,265,CBBL,Chhimek Laghubitta Bittiya Sanstha Limited,Microfinance,0.22,True,2081/2082
Bhadra,271,FMDBL,First Micro Finance Development Bank Ltd.,Microfinance,-0.59,True,2081/2082
Bhadra,284,GLBSL,Gurans Laghubitta Bittiya Sanstha Limited,Microfinance,1.01,True,2081/2082
Bhadra,210,NIL,Neco Insurance Co. Ltd.,Non Life Insurance,0.99,True,2081/2082
Bhadra,211,NICL,Nepal Insurance Co. Ltd.,Non Life Insurance,1.02,True,2081/2082
Bhadra,826,HEI,Himalayan Everest Insurance Limited,Non Life Insurance,0.77,True,2081/2082
Bhadra,873,SALICO,Sagarmatha Lumbini Insurance Company Limited,Non Life Insurance,0.68,True,2081/2082
Bhadra,876,SPIL,Siddhartha Premier Insurance Company Limited,Non Life Insurance,1.26,True,2081/2082
Bhadra,919,UAIL,United Ajod Insurance Limited,Non Life Insurance,0.25,True,2081/2082
Bhadra,243,ALICL,Asian Life Insurance Co. Limited,Life Insurance,-0.53,True,2081/2082
Bhadra,247,LICN,Life Insurance Corporation (Nepal) Limited,Life Insurance,-0.72,True,2081/2082
Bhadra,249,NLICL,National Life Insurance Co. Ltd.,Life Insurance,0.2,True,2081/2082
Bhadra,251,NLIC,Nepal Life Insurance Co. Ltd.,Life Insurance,0.1,True,2081/2082
Bhadra,846,SJLIC,Suryajyoti Life Insurance Company Limited,Life Insurance,-0.46,True,2081/2082
Bhadra,152,API,Api Power Company Ltd.,Hydro Power,0.79,True,2081/2082
Bhadra,153,AKPL,Arun Kabeli Power Ltd.,Hydro Power,1.52,True,2081/2082
Bhadra,156,BPCL,Butwal Power Company Limited,Hydro Power,-0.4,True,2081/2082
Bhadra,160,GHL,Ghalemdi Hydro Limited,Hydro Power,2.11,True,2081/2082
Bhadra,161,HURJA,Himalaya Urja Bikas Company Limited,Hydro Power,2.18,True,2081/2082
Bhadra,171,PPCL,Panchthar Power Company Limited,Hydro Power,0.08,True,2081/2082
Bhadra,176,SHPC,Sanima Mai Hydropower Ltd.,Hydro Power,0.13,True,2081/2082
Bhadra,611,MEN,Mountain Energy Nepal Limited,Hydro Power,-0.33,True,2081/2082
Bhadra,760,SAHAS,Sahas Urja Ltd.,Hydro Power,0.76,True,2081/2082
Bhadra,832,PHCL,Peoples Hydropower Company Limited,Hydro Power,0.06,True,2081/2082
Bhadra,856,MAKAR,Makar Jitumaya Suri Hydropower Limited,Hydro Power,1.94,True,2081/2082
Bhadra,893,VLUCL,Vision Lumbini Urja Company Limited,Hydro Power,-0.3,True,2081/2082
Bhadra,902,CKHL,Chirkhwa Hydro Power Ltd,Hydro Power,0.66,True,2081/2082
Bhadra,903,MMKJL,Mathillo Mailun Khola Jalvidhyut Limited,Hydro Power,-0.6,True,2081/2082
Bhadra,149,SHL,Soaltee Hotel Limited,Hotels and Tourism,0.22,True,2081/2082
Bhadra,150,TRH,Taragaon Regency Hotel Limited,Hotels and Tourism,0.35,True,2081/2082
Bhadra,236,BNT,Bottlers Nepal (Terai) Limited,Manufacturing and Processing,-1.77,True,2081/2082
Bhadra,240,SHIVM,Shivam Cement Ltd.,Manufacturing and Processing,0.96,True,2081/2082
Bhadra,242,UNL,Unilever Nepal Limited,Manufacturing and Processing,0.92,True,2081/2082
Bhadra,674,SARBTM,Sarbottam Cement Limited,Manufacturing and Processing,0.23,True,2081/2082
Bhadra,572,NRN,NRN Infrastructure and Development Limited,Investment,1.75,True,2081/2082
Bhadra,888,MKCL,Muktinath Krishi Company Ltd.,Others,0.86,True,2081/2082
Bhadra,892,NWCL,Nepal Warehousing Company Ltd,Others,2.16,True,2081/2082
Bhadra,945,HRL,Himalayan Re-Insurance Limited,Others,0.22,True,2081/2082
Bhadra,884,RMF2,RBB Mutual Fund 2,Mutual Fund,3.96,True,2081/2082
Bhadra,949,NICGF2,NIC Asia Growth Fund-2,Mutual Fund,-0.92,True,2081/2082
Bhadra,954,NIBLSTF,NIBL Stable Fund,Mutual Fund,-0.21,True,2081/2082
Chaitra,11,EBL,Everest Bank Limited,Commercial Banks,0.03,True,2082/2083
Chaitra,13,GBIME,Global IME Bank Limited,Commercial Banks,0.68,True,2082/2083
Chaitra,27,NABIL,Nabil Bank Limited,Commercial Banks,0.4,True,2082/2083
Chaitra,44,PCBL,Prime Commercial Bank Limited,Commercial Banks,0.63,True,2082/2083
Chaitra,46,SANIMA,Sanima Bank Limited,Commercial Banks,0.91,True,2082/2083
Chaitra,50,SCB,Standard Chartered Bank Limited,Commercial Banks,0.49,True,2082/2083
Chaitra,62,GBBL,Garima Bikas Bank Limited,Development Banks,0.48,True,2082/2083
Chaitra,70,KSBBL,Kamana Sewa Bikas Bank Limited,Development Banks,-0.39,True,2082/2083
Chaitra,1095,SABBL,Salapa Bikas Bank Limited,Development Banks,2.17,True,2082/2083
Chaitra,265,CBBL,Chhimek Laghubitta Bittiya Sanstha Limited,Microfinance,0.22,True,2082/2083
Chaitra,285,ILBS,Infinity Laghubitta Bittiya Sanstha Limited,Microfinance,0.11,True,2082/2083
Chaitra,1050,SWASTIK,Swastik Laghubita Bittiya Sanstha Limited,Microfinance,1.6,True,2082/2083
Chaitra,826,HEI,Himalayan Everest Insurance Limited,Non Life Insurance,0.77,True,2082/2083
Chaitra,873,SALICO,Sagarmatha Lumbini Insurance Company Limited,Non Life Insurance,0.68,True,2082/2083
Chaitra,876,SPIL,Siddhartha Premier Insurance Company Limited,Non Life Insurance,1.26,True,2082/2083
Chaitra,249,NLICL,National Life Insurance Co. Ltd.,Life Insurance,0.2,True,2082/2083
Chaitra,846,SJLIC,Suryajyoti Life Insurance Company Limited,Life Insurance,-0.46,True,2082/2083
Chaitra,152,API,Api Power Company Ltd.,Hydro Power,0.79,True,2082/2083
Chaitra,169,NGPL,Ngadi Group Power Ltd.,Hydro Power,1.01,True,2082/2083
Chaitra,176,SHPC,Sanima Mai Hydropower Ltd.,Hydro Power,0.13,True,2082/2083
Chaitra,178,SPDL,Synergy Power Development Ltd.,Hydro Power,-0.15,True,2082/2083
Chaitra,180,UMHL,United Modi Hydropower Ltd.,Hydro Power,-0.35,True,2082/2083
Chaitra,611,MEN,Mountain Energy Nepal Limited,Hydro Power,-0.33,True,2082/2083
Chaitra,617,UMRH,United IDI Mardi and RB Hydropower Ltd,Hydro Power,0.57,True,2082/2083
Chaitra,760,SAHAS,Sahas Urja Ltd.,Hydro Power,0.76,True,2082/2083
Chaitra,788,RFPL,River Falls Power Limited,Hydro Power,1.13,True,2082/2083
Chaitra,853,TAMOR,Sanima Middle Tamor Hydropower,Hydro Power,1.34,True,2082/2083
Chaitra,856,MAKAR,Makar Jitumaya Suri Hydropower Limited,Hydro Power,1.94,True,2082/2083
Chaitra,938,SIPD,Shikhar Power Development Limited,Hydro Power,2.0,True,2082/2083
Chaitra,993,HIMSTAR,Him Star Urja Company Limited,Hydro Power,4.32,True,2082/2083
Chaitra,994,DHEL,Daramkhola Hydro Energy Limited,Hydro Power,6.05,True,2082/2083
Chaitra,995,BJHL,Bhujung Hydropower Limited,Hydro Power,3.03,True,2082/2083
Chaitra,996,SANVI,Sanvi Energy Limited,Hydro Power,4.69,True,2082/2083
Chaitra,1000,MABEL,Mabilung Energy Limited,Hydro Power,9.35,True,2082/2083
Chaitra,1001,SOHL,Solu Hydropower Limited,Hydro Power,0.44,True,2082/2083
Chaitra,1003,BHCL,Bikash Hydropower Company Limited,Hydro Power,6.39,True,2082/2083
Chaitra,1004,RLEL,Ridge Line Energy Limited,Hydro Power,2.79,True,2082/2083
Chaitra,1009,BUNGAL,Bungal Hydro Limited,Hydro Power,9.12,True,2082/2083
Chaitra,1016,SKHL,Super Khudi Hydropower Limited,Hydro Power,6.74,True,2082/2083
Chaitra,1023,SKHEL,Suryakunda Hydro Electric Limited,Hydro Power,1.91,True,2082/2083
Chaitra,149,SHL,Soaltee Hotel Limited,Hotels and Tourism,0.22,True,2082/2083
Chaitra,986,HFIN,Hotel Forest Inn Limited,Hotels and Tourism,4.17,True,2082/2083
Chaitra,989,BANDIPUR,Bandipur Cable Car and Tourism Limited,Hotels and Tourism,1.85,True,2082/2083
Chaitra,238,HDL,Himalayan Distillery Limited,Manufacturing and Processing,0.59,True,2082/2083
Chaitra,242,UNL,Unilever Nepal Limited,Manufacturing and Processing,0.92,True,2082/2083
Chaitra,1035,SYPNL,SY Panel Nepal Limited,Manufacturing and Processing,1.54,True,2082/2083
Chaitra,1040,PCIL,Palpa Cement Industries Limited,Manufacturing and Processing,1.85,True,2082/2083
Chaitra,1047,SAGAR,Sagar Distillery Limited,Manufacturing and Processing,2.51,True,2082/2083
Chaitra,1089,SAIL,Shreenagar Agritech Industries Limited,Manufacturing and Processing,2.29,True,2082/2083
Chaitra,231,CIT,Citizen Investment Trust,Investment,0.03,True,2082/2083
Chaitra,572,NRN,NRN Infrastructure and Development Limited,Investment,1.75,True,2082/2083
Chaitra,891,TTL,Trade Tower Ltd.,Others,4.52,True,2082/2083
Chaitra,945,HRL,Himalayan Re-Insurance Limited,Others,0.22,True,2082/2083
Chaitra,1022,JHAPA,Jhapa Energy Limited,Others,6.69,True,2082/2083
Chaitra,764,MMF1,Mega Mutual Fund - 1,Mutual Fund,1.16,True,2082/2083
Chaitra,878,SIGS3,Siddhartha Investment Growth Scheme-3,Mutual Fund,0.93,True,2082/2083
Chaitra,949,NICGF2,NIC Asia Growth Fund-2,Mutual Fund,-0.92,True,2082/2083
Chaitra,954,NIBLSTF,NIBL Stable Fund,Mutual Fund,-0.21,True,2082/2083
Chaitra,982,MNMF1,Muktinath Mutual Fund 1,Mutual Fund,0.0,True,2082/2083
Chaitra,11,EBL,Everest Bank Limited,Commercial Banks,0.03,True,2082/2083
Chaitra,13,GBIME,Global IME Bank Limited,Commercial Banks,0.68,True,2082/2083
Chaitra,27,NABIL,Nabil Bank Limited,Commercial Banks,0.4,True,2082/2083
Chaitra,44,PCBL,Prime Commercial Bank Limited,Commercial Banks,0.63,True,2082/2083
Chaitra,46,SANIMA,Sanima Bank Limited,Commercial Banks,0.91,True,2082/2083
Chaitra,50,SCB,Standard Chartered Bank Limited,Commercial Banks,0.49,True,2082/2083
Chaitra,62,GBBL,Garima Bikas Bank Limited,Development Banks,0.48,True,2082/2083
Chaitra,70,KSBBL,Kamana Sewa Bikas Bank Limited,Development Banks,-0.39,True,2082/2083
Chaitra,1095,SABBL,Salapa Bikas Bank Limited,Development Banks,2.17,True,2082/2083
Chaitra,265,CBBL,Chhimek Laghubitta Bittiya Sanstha Limited,Microfinance,0.22,True,2082/2083
Chaitra,285,ILBS,Infinity Laghubitta Bittiya Sanstha Limited,Microfinance,0.11,True,2082/2083
Chaitra,1050,SWASTIK,Swastik Laghubita Bittiya Sanstha Limited,Microfinance,1.6,True,2082/2083
Chaitra,826,HEI,Himalayan Everest Insurance Limited,Non Life Insurance,0.77,True,2082/2083
Chaitra,873,SALICO,Sagarmatha Lumbini Insurance Company Limited,Non Life Insurance,0.68,True,2082/2083
Chaitra,876,SPIL,Siddhartha Premier Insurance Company Limited,Non Life Insurance,1.26,True,2082/2083
Chaitra,249,NLICL,National Life Insurance Co. Ltd.,Life Insurance,0.2,True,2082/2083
Chaitra,846,SJLIC,Suryajyoti Life Insurance Company Limited,Life Insurance,-0.46,True,2082/2083
Chaitra,152,API,Api Power Company Ltd.,Hydro Power,0.79,True,2082/2083
Chaitra,169,NGPL,Ngadi Group Power Ltd.,Hydro Power,1.01,True,2082/2083
Chaitra,176,SHPC,Sanima Mai Hydropower Ltd.,Hydro Power,0.13,True,2082/2083
Chaitra,178,SPDL,Synergy Power Development Ltd.,Hydro Power,-0.15,True,2082/2083
Chaitra,180,UMHL,United Modi Hydropower Ltd.,Hydro Power,-0.35,True,2082/2083
Chaitra,611,MEN,Mountain Energy Nepal Limited,Hydro Power,-0.33,True,2082/2083
Chaitra,617,UMRH,United IDI Mardi and RB Hydropower Ltd,Hydro Power,0.57,True,2082/2083
Chaitra,760,SAHAS,Sahas Urja Ltd.,Hydro Power,0.76,True,2082/2083
Chaitra,788,RFPL,River Falls Power Limited,Hydro Power,1.13,True,2082/2083
Chaitra,853,TAMOR,Sanima Middle Tamor Hydropower,Hydro Power,1.34,True,2082/2083
Chaitra,856,MAKAR,Makar Jitumaya Suri Hydropower Limited,Hydro Power,1.94,True,2082/2083
Chaitra,938,SIPD,Shikhar Power Development Limited,Hydro Power,2.0,True,2082/2083
Chaitra,993,HIMSTAR,Him Star Urja Company Limited,Hydro Power,4.32,True,2082/2083
Chaitra,994,DHEL,Daramkhola Hydro Energy Limited,Hydro Power,6.05,True,2082/2083
Chaitra,995,BJHL,Bhujung Hydropower Limited,Hydro Power,3.03,True,2082/2083
Chaitra,996,SANVI,Sanvi Energy Limited,Hydro Power,4.69,True,2082/2083
Chaitra,1000,MABEL,Mabilung Energy Limited,Hydro Power,9.35,True,2082/2083
Chaitra,1001,SOHL,Solu Hydropower Limited,Hydro Power,0.44,True,2082/2083
Chaitra,1003,BHCL,Bikash Hydropower Company Limited,Hydro Power,6.39,True,2082/2083
Chaitra,1004,RLEL,Ridge Line Energy Limited,Hydro Power,2.79,True,2082/2083
Chaitra,1009,BUNGAL,Bungal Hydro Limited,Hydro Power,9.12,True,2082/2083
Chaitra,1016,SKHL,Super Khudi Hydropower Limited,Hydro Power,6.74,True,2082/2083
Chaitra,1023,SKHEL,Suryakunda Hydro Electric Limited,Hydro Power,1.91,True,2082/2083
Chaitra,149,SHL,Soaltee Hotel Limited,Hotels and Tourism,0.22,True,2082/2083
Chaitra,986,HFIN,Hotel Forest Inn Limited,Hotels and Tourism,4.17,True,2082/2083
Chaitra,989,BANDIPUR,Bandipur Cable Car and Tourism Limited,Hotels and Tourism,1.85,True,2082/2083
Chaitra,238,HDL,Himalayan Distillery Limited,Manufacturing and Processing,0.59,True,2082/2083
Chaitra,242,UNL,Unilever Nepal Limited,Manufacturing and Processing,0.92,True,2082/2083
Chaitra,1035,SYPNL,SY Panel Nepal Limited,Manufacturing and Processing,1.54,True,2082/2083
Chaitra,1040,PCIL,Palpa Cement Industries Limited,Manufacturing and Processing,1.85,True,2082/2083
Chaitra,1047,SAGAR,Sagar Distillery Limited,Manufacturing and Processing,2.51,True,2082/2083
Chaitra,1089,SAIL,Shreenagar Agritech Industries Limited,Manufacturing and Processing,2.29,True,2082/2083
Chaitra,231,CIT,Citizen Investment Trust,Investment,0.03,True,2082/2083
Chaitra,572,NRN,NRN Infrastructure and Development Limited,Investment,1.75,True,2082/2083
Chaitra,891,TTL,Trade Tower Ltd.,Others,4.52,True,2082/2083
Chaitra,945,HRL,Himalayan Re-Insurance Limited,Others,0.22,True,2082/2083
Chaitra,1022,JHAPA,Jhapa Energy Limited,Others,6.69,True,2082/2083
Chaitra,764,MMF1,Mega Mutual Fund - 1,Mutual Fund,1.16,True,2082/2083
Chaitra,878,SIGS3,Siddhartha Investment Growth Scheme-3,Mutual Fund,0.93,True,2082/2083
Chaitra,949,NICGF2,NIC Asia Growth Fund-2,Mutual Fund,-0.92,True,2082/2083
Chaitra,954,NIBLSTF,NIBL Stable Fund,Mutual Fund,-0.21,True,2082/2083
Chaitra,982,MNMF1,Muktinath Mutual Fund 1,Mutual Fund,0.0,True,2082/2083
Chaitra,11,EBL,Everest Bank Limited,Commercial Banks,0.03,True,2082/2083
Chaitra,13,GBIME,Global IME Bank Limited,Commercial Banks,0.68,True,2082/2083
Chaitra,27,NABIL,Nabil Bank Limited,Commercial Banks,0.4,True,2082/2083
Chaitra,44,PCBL,Prime Commercial Bank Limited,Commercial Banks,0.63,True,2082/2083
Chaitra,46,SANIMA,Sanima Bank Limited,Commercial Banks,0.91,True,2082/2083
Chaitra,50,SCB,Standard Chartered Bank Limited,Commercial Banks,0.49,True,2082/2083
Chaitra,62,GBBL,Garima Bikas Bank Limited,Development Banks,0.48,True,2082/2083
Chaitra,70,KSBBL,Kamana Sewa Bikas Bank Limited,Development Banks,-0.39,True,2082/2083
Chaitra,1095,SABBL,Salapa Bikas Bank Limited,Development Banks,2.17,True,2082/2083
Chaitra,265,CBBL,Chhimek Laghubitta Bittiya Sanstha Limited,Microfinance,0.22,True,2082/2083
Chaitra,285,ILBS,Infinity Laghubitta Bittiya Sanstha Limited,Microfinance,0.11,True,2082/2083
Chaitra,1050,SWASTIK,Swastik Laghubita Bittiya Sanstha Limited,Microfinance,1.6,True,2082/2083
Chaitra,826,HEI,Himalayan Everest Insurance Limited,Non Life Insurance,0.77,True,2082/2083
Chaitra,873,SALICO,Sagarmatha Lumbini Insurance Company Limited,Non Life Insurance,0.68,True,2082/2083
Chaitra,876,SPIL,Siddhartha Premier Insurance Company Limited,Non Life Insurance,1.26,True,2082/2083
Chaitra,249,NLICL,National Life Insurance Co. Ltd.,Life Insurance,0.2,True,2082/2083
Chaitra,846,SJLIC,Suryajyoti Life Insurance Company Limited,Life Insurance,-0.46,True,2082/2083
Chaitra,152,API,Api Power Company Ltd.,Hydro Power,0.79,True,2082/2083
Chaitra,169,NGPL,Ngadi Group Power Ltd.,Hydro Power,1.01,True,2082/2083
Chaitra,176,SHPC,Sanima Mai Hydropower Ltd.,Hydro Power,0.13,True,2082/2083
Chaitra,178,SPDL,Synergy Power Development Ltd.,Hydro Power,-0.15,True,2082/2083
Chaitra,180,UMHL,United Modi Hydropower Ltd.,Hydro Power,-0.35,True,2082/2083
Chaitra,611,MEN,Mountain Energy Nepal Limited,Hydro Power,-0.33,True,2082/2083
Chaitra,617,UMRH,United IDI Mardi and RB Hydropower Ltd,Hydro Power,0.57,True,2082/2083
Chaitra,760,SAHAS,Sahas Urja Ltd.,Hydro Power,0.76,True,2082/2083
Chaitra,788,RFPL,River Falls Power Limited,Hydro Power,1.13,True,2082/2083
Chaitra,853,TAMOR,Sanima Middle Tamor Hydropower,Hydro Power,1.34,True,2082/2083
Chaitra,856,MAKAR,Makar Jitumaya Suri Hydropower Limited,Hydro Power,1.94,True,2082/2083
Chaitra,938,SIPD,Shikhar Power Development Limited,Hydro Power,2.0,True,2082/2083
Chaitra,993,HIMSTAR,Him Star Urja Company Limited,Hydro Power,4.32,True,2082/2083
Chaitra,994,DHEL,Daramkhola Hydro Energy Limited,Hydro Power,6.05,True,2082/2083
Chaitra,995,BJHL,Bhujung Hydropower Limited,Hydro Power,3.03,True,2082/2083
Chaitra,996,SANVI,Sanvi Energy Limited,Hydro Power,4.69,True,2082/2083
Chaitra,1000,MABEL,Mabilung Energy Limited,Hydro Power,9.35,True,2082/2083
Chaitra,1001,SOHL,Solu Hydropower Limited,Hydro Power,0.44,True,2082/2083
Chaitra,1003,BHCL,Bikash Hydropower Company Limited,Hydro Power,6.39,True,2082/2083
Chaitra,1004,RLEL,Ridge Line Energy Limited,Hydro Power,2.79,True,2082/2083
Chaitra,1009,BUNGAL,Bungal Hydro Limited,Hydro Power,9.12,True,2082/2083
Chaitra,1016,SKHL,Super Khudi Hydropower Limited,Hydro Power,6.74,True,2082/2083
Chaitra,1023,SKHEL,Suryakunda Hydro Electric Limited,Hydro Power,1.91,True,2082/2083
Chaitra,149,SHL,Soaltee Hotel Limited,Hotels and Tourism,0.22,True,2082/2083
Chaitra,986,HFIN,Hotel Forest Inn Limited,Hotels and Tourism,4.17,True,2082/2083
Chaitra,989,BANDIPUR,Bandipur Cable Car and Tourism Limited,Hotels and Tourism,1.85,True,2082/2083
Chaitra,238,HDL,Himalayan Distillery Limited,Manufacturing and Processing,0.59,True,2082/2083
Chaitra,242,UNL,Unilever Nepal Limited,Manufacturing and Processing,0.92,True,2082/2083
Chaitra,1035,SYPNL,SY Panel Nepal Limited,Manufacturing and Processing,1.54,True,2082/2083
Chaitra,1040,PCIL,Palpa Cement Industries Limited,Manufacturing and Processing,1.85,True,2082/2083
Chaitra,1047,SAGAR,Sagar Distillery Limited,Manufacturing and Processing,2.51,True,2082/2083
Chaitra,1089,SAIL,Shreenagar Agritech Industries Limited,Manufacturing and Processing,2.29,True,2082/2083
Chaitra,231,CIT,Citizen Investment Trust,Investment,0.03,True,2082/2083
Chaitra,572,NRN,NRN Infrastructure and Development Limited,Investment,1.75,True,2082/2083
Chaitra,891,TTL,Trade Tower Ltd.,Others,4.52,True,2082/2083
Chaitra,945,HRL,Himalayan Re-Insurance Limited,Others,0.22,True,2082/2083
Chaitra,1022,JHAPA,Jhapa Energy Limited,Others,6.69,True,2082/2083
Chaitra,764,MMF1,Mega Mutual Fund - 1,Mutual Fund,1.16,True,2082/2083
Chaitra,878,SIGS3,Siddhartha Investment Growth Scheme-3,Mutual Fund,0.93,True,2082/2083
Chaitra,949,NICGF2,NIC Asia Growth Fund-2,Mutual Fund,-0.92,True,2082/2083
Chaitra,954,NIBLSTF,NIBL Stable Fund,Mutual Fund,-0.21,True,2082/2083
Chaitra,982,MNMF1,Muktinath Mutual Fund 1,Mutual Fund,0.0,True,2082/2083
Baisakh,13,GBIME,Global IME Bank Limited,Commercial Banks,0.68,True,2081/2082
Baisakh,27,NABIL,Nabil Bank Limited,Commercial Banks,0.4,True,2081/2082
Baisakh,37,SBI,Nepal SBI Bank Limited,Commercial Banks,1.63,True,2081/2082
Baisakh,40,NMB,NMB Bank Limited,Commercial Banks,1.06,True,2081/2082
Baisakh,46,SANIMA,Sanima Bank Limited,Commercial Banks,0.91,True,2081/2082
Baisakh,50,SCB,Standard Chartered Bank Limited,Commercial Banks,0.49,True,2081/2082
Baisakh,922,LSL,Laxmi Sunrise Bank Limited,Commercial Banks,1.3,True,2081/2082
Baisakh,62,GBBL,Garima Bikas Bank Limited,Development Banks,0.48,True,2081/2082
Baisakh,70,KSBBL,Kamana Sewa Bikas Bank Limited,Development Banks,-0.39,True,2081/2082
Baisakh,84,MNBBL,Muktinath Bikas Bank Ltd.,Development Banks,0.21,True,2081/2082
Baisakh,265,CBBL,Chhimek Laghubitta Bittiya Sanstha Limited,Microfinance,0.22,True,2081/2082
Baisakh,271,FMDBL,First Micro Finance Development Bank Ltd.,Microfinance,-0.59,True,2081/2082
Baisakh,325,RSDC,RSDC Laghubitta Bittiya Sanstha Ltd.,Microfinance,0.57,True,2081/2082
Baisakh,331,SLBSL,Samudayik Laghubitta Bittiya Sanstha Limited,Microfinance,-0.51,True,2081/2082
Baisakh,210,NIL,Neco Insurance Co. Ltd.,Non Life Insurance,0.99,True,2081/2082
Baisakh,826,HEI,Himalayan Everest Insurance Limited,Non Life Insurance,0.77,True,2081/2082
Baisakh,873,SALICO,Sagarmatha Lumbini Insurance Company Limited,Non Life Insurance,0.68,True,2081/2082
Baisakh,876,SPIL,Siddhartha Premier Insurance Company Limited,Non Life Insurance,1.26,True,2081/2082
Baisakh,1052,NMIC,Nepal Micro Insurance Company Limited,Non Life Insurance,-1.44,True,2081/2082
Baisakh,243,ALICL,Asian Life Insurance Co. Limited,Life Insurance,-0.53,True,2081/2082
Baisakh,249,NLICL,National Life Insurance Co. Ltd.,Life Insurance,0.2,True,2081/2082
Baisakh,251,NLIC,Nepal Life Insurance Co. Ltd.,Life Insurance,0.1,True,2081/2082
Baisakh,846,SJLIC,Suryajyoti Life Insurance Company Limited,Life Insurance,-0.46,True,2081/2082
Baisakh,983,GMLI,Guardian Micro-Life Insurance Company Limited,Life Insurance,-0.32,True,2081/2082
Baisakh,1051,CREST,Crest Micro Life Insurance Limited,Life Insurance,14.81,True,2081/2082
Baisakh,152,API,Api Power Company Ltd.,Hydro Power,0.79,True,2081/2082
Baisakh,156,BPCL,Butwal Power Company Limited,Hydro Power,-0.4,True,2081/2082
Baisakh,158,CHCL,Chilime Hydropower Company Limited,Hydro Power,0.63,True,2081/2082
Baisakh,176,SHPC,Sanima Mai Hydropower Ltd.,Hydro Power,0.13,True,2081/2082
Baisakh,180,UMHL,United Modi Hydropower Ltd.,Hydro Power,-0.35,True,2081/2082
Baisakh,611,MEN,Mountain Energy Nepal Limited,Hydro Power,-0.33,True,2081/2082
Baisakh,760,SAHAS,Sahas Urja Ltd.,Hydro Power,0.76,True,2081/2082
Baisakh,788,RFPL,River Falls Power Limited,Hydro Power,1.13,True,2081/2082
Baisakh,853,TAMOR,Sanima Middle Tamor Hydropower,Hydro Power,1.34,True,2081/2082
Baisakh,856,MAKAR,Makar Jitumaya Suri Hydropower Limited,Hydro Power,1.94,True,2081/2082
Baisakh,149,SHL,Soaltee Hotel Limited,Hotels and Tourism,0.22,True,2081/2082
Baisakh,238,HDL,Himalayan Distillery Limited,Manufacturing and Processing,0.59,True,2081/2082
Baisakh,240,SHIVM,Shivam Cement Ltd.,Manufacturing and Processing,0.96,True,2081/2082
Baisakh,242,UNL,Unilever Nepal Limited,Manufacturing and Processing,0.92,True,2081/2082
Baisakh,1039,OMPL,Om Megashree Pharmaceuticals Limited,Manufacturing and Processing,1.72,True,2081/2082
Baisakh,945,HRL,Himalayan Re-Insurance Limited,Others,0.22,True,2081/2082
Baisakh,764,MMF1,Mega Mutual Fund - 1,Mutual Fund,1.16,True,2081/2082
Baisakh,949,NICGF2,NIC Asia Growth Fund-2,Mutual Fund,-0.92,True,2081/2082
Baisakh,954,NIBLSTF,NIBL Stable Fund,Mutual Fund,-0.21,True,2081/2082
Baisakh,982,MNMF1,Muktinath Mutual Fund 1,Mutual Fund,0.0,True,2081/2082
Jestha,11,EBL,Everest Bank Limited,Commercial Banks,0.03,True,2079/2080
Jestha,37,SBI,Nepal SBI Bank Limited,Commercial Banks,1.63,True,2079/2080
Jestha,46,SANIMA,Sanima Bank Limited,Commercial Banks,0.91,True,2079/2080
Jestha,50,SCB,Standard Chartered Bank Limited,Commercial Banks,0.49,True,2079/2080
Jestha,62,GBBL,Garima Bikas Bank Limited,Development Banks,0.48,True,2079/2080
Jestha,84,MNBBL,Muktinath Bikas Bank Ltd.,Development Banks,0.21,True,2079/2080
Jestha,100,SHINE,Shine Resunga Development Bank Ltd.,Development Banks,-0.22,True,2079/2080
Jestha,210,NIL,Neco Insurance Co. Ltd.,Non Life Insurance,0.99,True,2079/2080
Jestha,211,NICL,Nepal Insurance Co. Ltd.,Non Life Insurance,1.02,True,2079/2080
Jestha,225,SICL,Shikhar Insurance Co. Ltd.,Non Life Insurance,0.18,True,2079/2080
Jestha,229,UIC,United Insurance Co. (Nepal) Ltd.,Non Life Insurance,-0.75,False,2079/2080
Jestha,873,SALICO,Sagarmatha Lumbini Insurance Company Limited,Non Life Insurance,0.68,True,2079/2080
Jestha,247,LICN,Life Insurance Corporation (Nepal) Limited,Life Insurance,-0.72,True,2079/2080
Jestha,249,NLICL,National Life Insurance Co. Ltd.,Life Insurance,0.2,True,2079/2080
Jestha,251,NLIC,Nepal Life Insurance Co. Ltd.,Life Insurance,0.1,True,2079/2080
Jestha,611,MEN,Mountain Energy Nepal Limited,Hydro Power,-0.33,True,2079/2080
Jestha,760,SAHAS,Sahas Urja Ltd.,Hydro Power,0.76,True,2079/2080
Jestha,832,PHCL,Peoples Hydropower Company Limited,Hydro Power,0.06,True,2079/2080
Jestha,236,BNT,Bottlers Nepal (Terai) Limited,Manufacturing and Processing,-1.77,True,2079/2080
Jestha,238,HDL,Himalayan Distillery Limited,Manufacturing and Processing,0.59,True,2079/2080
Jestha,189,NEF,Nabil Equity Fund,Mutual Fund,0.2,True,2079/2080
Jestha,194,NMBHF1,NMB Hybrid Fund L-1,Mutual Fund,-1.4,True,2079/2080
Magh,11,EBL,Everest Bank Limited,Commercial Banks,0.03,True,2080/2081
Magh,13,GBIME,Global IME Bank Limited,Commercial Banks,0.68,True,2080/2081
Magh,37,SBI,Nepal SBI Bank Limited,Commercial Banks,1.63,True,2080/2081
Magh,40,NMB,NMB Bank Limited,Commercial Banks,1.06,True,2080/2081
Magh,46,SANIMA,Sanima Bank Limited,Commercial Banks,0.91,True,2080/2081
Magh,50,SCB,Standard Chartered Bank Limited,Commercial Banks,0.49,True,2080/2081
Magh,922,LSL,Laxmi Sunrise Bank Limited,Commercial Banks,1.3,True,2080/2081
Magh,62,GBBL,Garima Bikas Bank Limited,Development Banks,0.48,True,2080/2081
Magh,84,MNBBL,Muktinath Bikas Bank Ltd.,Development Banks,0.21,True,2080/2081
Magh,100,SHINE,Shine Resunga Development Bank Ltd.,Development Banks,-0.22,True,2080/2081
Magh,210,NIL,Neco Insurance Co. Ltd.,Non Life Insurance,0.99,True,2080/2081
Magh,873,SALICO,Sagarmatha Lumbini Insurance Company Limited,Non Life Insurance,0.68,True,2080/2081
Magh,876,SPIL,Siddhartha Premier Insurance Company Limited,Non Life Insurance,1.26,True,2080/2081
Magh,919,UAIL,United Ajod Insurance Limited,Non Life Insurance,0.25,True,2080/2081
Magh,243,ALICL,Asian Life Insurance Co. Limited,Life Insurance,-0.53,True,2080/2081
Magh,247,LICN,Life Insurance Corporation (Nepal) Limited,Life Insurance,-0.72,True,2080/2081
Magh,249,NLICL,National Life Insurance Co. Ltd.,Life Insurance,0.2,True,2080/2081
Magh,251,NLIC,Nepal Life Insurance Co. Ltd.,Life Insurance,0.1,True,2080/2081
Magh,152,API,Api Power Company Ltd.,Hydro Power,0.79,True,2080/2081
Magh,153,AKPL,Arun Kabeli Power Ltd.,Hydro Power,1.52,True,2080/2081
Magh,575,LEC,Liberty Energy Company Limited,Hydro Power,2.64,True,2080/2081
Magh,578,SSHL,Shiva Shree Hydropower Limited,Hydro Power,2.54,True,2080/2081
Magh,760,SAHAS,Sahas Urja Ltd.,Hydro Power,0.76,True,2080/2081
Magh,832,PHCL,Peoples Hydropower Company Limited,Hydro Power,0.06,True,2080/2081
Magh,856,MAKAR,Makar Jitumaya Suri Hydropower Limited,Hydro Power,1.94,True,2080/2081
Magh,893,VLUCL,Vision Lumbini Urja Company Limited,Hydro Power,-0.3,True,2080/2081
Magh,902,CKHL,Chirkhwa Hydro Power Ltd,Hydro Power,0.66,True,2080/2081
Magh,903,MMKJL,Mathillo Mailun Khola Jalvidhyut Limited,Hydro Power,-0.6,True,2080/2081
Magh,236,BNT,Bottlers Nepal (Terai) Limited,Manufacturing and Processing,-1.77,True,2080/2081
Magh,240,SHIVM,Shivam Cement Ltd.,Manufacturing and Processing,0.96,True,2080/2081
Magh,242,UNL,Unilever Nepal Limited,Manufacturing and Processing,0.92,True,2080/2081
Magh,233,NTC,Nepal Doorsanchar Company Limited,Others,0.27,True,2080/2081
Magh,888,MKCL,Muktinath Krishi Company Ltd.,Others,0.86,True,2080/2081
Magh,892,NWCL,Nepal Warehousing Company Ltd,Others,2.16,True,2080/2081
Magh,945,HRL,Himalayan Re-Insurance Limited,Others,0.22,True,2080/2081
Magh,189,NEF,Nabil Equity Fund,Mutual Fund,0.2,True,2080/2081
Magh,194,NMBHF1,NMB Hybrid Fund L-1,Mutual Fund,-1.4,True,2080/2081
Magh,881,PRSF,Prabhu Smart Fund,Mutual Fund,0.39,True,2080/2081
Magh,884,RMF2,RBB Mutual Fund 2,Mutual Fund,3.96,True,2080/2081
Magh,935,H8020,Himalayan 80-20,Mutual Fund,-1.32,True,2080/2081
Magh,949,NICGF2,NIC Asia Growth Fund-2,Mutual Fund,-0.92,True,2080/2081
Asadh,11,EBL,Everest Bank Limited,Commercial Banks,0.03,True,2079/2080
Asadh,23,MBL,Machhapuchhre Bank Limited,Commercial Banks,0.76,True,2079/2080
Asadh,37,SBI,Nepal SBI Bank Limited,Commercial Banks,1.63,True,2079/2080
Asadh,40,NMB,NMB Bank Limited,Commercial Banks,1.06,True,2079/2080
Asadh,46,SANIMA,Sanima Bank Limited,Commercial Banks,0.91,True,2079/2080
Asadh,50,SCB,Standard Chartered Bank Limited,Commercial Banks,0.49,True,2079/2080
Asadh,62,GBBL,Garima Bikas Bank Limited,Development Banks,0.48,True,2079/2080
Asadh,84,MNBBL,Muktinath Bikas Bank Ltd.,Development Banks,0.21,True,2079/2080
Asadh,100,SHINE,Shine Resunga Development Bank Ltd.,Development Banks,-0.22,True,2079/2080
Asadh,122,ICFC,ICFC Finance Limited,Finance,-0.06,True,2079/2080
Asadh,210,NIL,Neco Insurance Co. Ltd.,Non Life Insurance,0.99,True,2079/2080
Asadh,211,NICL,Nepal Insurance Co. Ltd.,Non Life Insurance,1.02,True,2079/2080
Asadh,225,SICL,Shikhar Insurance Co. Ltd.,Non Life Insurance,0.18,True,2079/2080
Asadh,229,UIC,United Insurance Co. (Nepal) Ltd.,Non Life Insurance,-0.75,False,2079/2080
Asadh,873,SALICO,Sagarmatha Lumbini Insurance Company Limited,Non Life Insurance,0.68,True,2079/2080
Asadh,876,SPIL,Siddhartha Premier Insurance Company Limited,Non Life Insurance,1.26,True,2079/2080
Asadh,919,UAIL,United Ajod Insurance Limited,Non Life Insurance,0.25,True,2079/2080
Asadh,243,ALICL,Asian Life Insurance Co. Limited,Life Insurance,-0.53,True,2079/2080
Asadh,247,LICN,Life Insurance Corporation (Nepal) Limited,Life Insurance,-0.72,True,2079/2080
Asadh,249,NLICL,National Life Insurance Co. Ltd.,Life Insurance,0.2,True,2079/2080
Asadh,251,NLIC,Nepal Life Insurance Co. Ltd.,Life Insurance,0.1,True,2079/2080
Asadh,152,API,Api Power Company Ltd.,Hydro Power,0.79,True,2079/2080
Asadh,578,SSHL,Shiva Shree Hydropower Limited,Hydro Power,2.54,True,2079/2080
Asadh,611,MEN,Mountain Energy Nepal Limited,Hydro Power,-0.33,True,2079/2080
Asadh,760,SAHAS,Sahas Urja Ltd.,Hydro Power,0.76,True,2079/2080
Asadh,832,PHCL,Peoples Hydropower Company Limited,Hydro Power,0.06,True,2079/2080
Asadh,856,MAKAR,Makar Jitumaya Suri Hydropower Limited,Hydro Power,1.94,True,2079/2080
Asadh,236,BNT,Bottlers Nepal (Terai) Limited,Manufacturing and Processing,-1.77,True,2079/2080
Asadh,238,HDL,Himalayan Distillery Limited,Manufacturing and Processing,0.59,True,2079/2080
Asadh,240,SHIVM,Shivam Cement Ltd.,Manufacturing and Processing,0.96,True,2079/2080
Asadh,233,NTC,Nepal Doorsanchar Company Limited,Others,0.27,True,2079/2080
Asadh,189,NEF,Nabil Equity Fund,Mutual Fund,0.2,True,2079/2080
Asadh,194,NMBHF1,NMB Hybrid Fund L-1,Mutual Fund,-1.4,True,2079/2080
Asadh,884,RMF2,RBB Mutual Fund 2,Mutual Fund,3.96,True,2079/2080
Chaitra,11,EBL,Everest Bank Limited,Commercial Banks,0.03,True,2082/2083
Chaitra,13,GBIME,Global IME Bank Limited,Commercial Banks,0.68,True,2082/2083
Chaitra,27,NABIL,Nabil Bank Limited,Commercial Banks,0.4,True,2082/2083
Chaitra,44,PCBL,Prime Commercial Bank Limited,Commercial Banks,0.63,True,2082/2083
Chaitra,46,SANIMA,Sanima Bank Limited,Commercial Banks,0.91,True,2082/2083
Chaitra,50,SCB,Standard Chartered Bank Limited,Commercial Banks,0.49,True,2082/2083
Chaitra,62,GBBL,Garima Bikas Bank Limited,Development Banks,0.48,True,2082/2083
Chaitra,70,KSBBL,Kamana Sewa Bikas Bank Limited,Development Banks,-0.39,True,2082/2083
Chaitra,1095,SABBL,Salapa Bikas Bank Limited,Development Banks,2.17,True,2082/2083
Chaitra,265,CBBL,Chhimek Laghubitta Bittiya Sanstha Limited,Microfinance,0.22,True,2082/2083
Chaitra,285,ILBS,Infinity Laghubitta Bittiya Sanstha Limited,Microfinance,0.11,True,2082/2083
Chaitra,1050,SWASTIK,Swastik Laghubita Bittiya Sanstha Limited,Microfinance,1.6,True,2082/2083
Chaitra,826,HEI,Himalayan Everest Insurance Limited,Non Life Insurance,0.77,True,2082/2083
Chaitra,873,SALICO,Sagarmatha Lumbini Insurance Company Limited,Non Life Insurance,0.68,True,2082/2083
Chaitra,876,SPIL,Siddhartha Premier Insurance Company Limited,Non Life Insurance,1.26,True,2082/2083
Chaitra,249,NLICL,National Life Insurance Co. Ltd.,Life Insurance,0.2,True,2082/2083
Chaitra,846,SJLIC,Suryajyoti Life Insurance Company Limited,Life Insurance,-0.46,True,2082/2083
Chaitra,152,API,Api Power Company Ltd.,Hydro Power,0.79,True,2082/2083
Chaitra,169,NGPL,Ngadi Group Power Ltd.,Hydro Power,1.01,True,2082/2083
Chaitra,176,SHPC,Sanima Mai Hydropower Ltd.,Hydro Power,0.13,True,2082/2083
Chaitra,178,SPDL,Synergy Power Development Ltd.,Hydro Power,-0.15,True,2082/2083
Chaitra,180,UMHL,United Modi Hydropower Ltd.,Hydro Power,-0.35,True,2082/2083
Chaitra,611,MEN,Mountain Energy Nepal Limited,Hydro Power,-0.33,True,2082/2083
Chaitra,617,UMRH,United IDI Mardi and RB Hydropower Ltd,Hydro Power,0.57,True,2082/2083
Chaitra,760,SAHAS,Sahas Urja Ltd.,Hydro Power,0.76,True,2082/2083
Chaitra,788,RFPL,River Falls Power Limited,Hydro Power,1.13,True,2082/2083
Chaitra,853,TAMOR,Sanima Middle Tamor Hydropower,Hydro Power,1.34,True,2082/2083
Chaitra,856,MAKAR,Makar Jitumaya Suri Hydropower Limited,Hydro Power,1.94,True,2082/2083
Chaitra,938,SIPD,Shikhar Power Development Limited,Hydro Power,2.0,True,2082/2083
Chaitra,993,HIMSTAR,Him Star Urja Company Limited,Hydro Power,4.32,True,2082/2083
Chaitra,994,DHEL,Daramkhola Hydro Energy Limited,Hydro Power,6.05,True,2082/2083
Chaitra,995,BJHL,Bhujung Hydropower Limited,Hydro Power,3.03,True,2082/2083
Chaitra,996,SANVI,Sanvi Energy Limited,Hydro Power,4.69,True,2082/2083
Chaitra,1000,MABEL,Mabilung Energy Limited,Hydro Power,9.35,True,2082/2083
Chaitra,1001,SOHL,Solu Hydropower Limited,Hydro Power,0.44,True,2082/2083
Chaitra,1003,BHCL,Bikash Hydropower Company Limited,Hydro Power,6.39,True,2082/2083
Chaitra,1004,RLEL,Ridge Line Energy Limited,Hydro Power,2.79,True,2082/2083
Chaitra,1009,BUNGAL,Bungal Hydro Limited,Hydro Power,9.12,True,2082/2083
Chaitra,1016,SKHL,Super Khudi Hydropower Limited,Hydro Power,6.74,True,2082/2083
Chaitra,1023,SKHEL,Suryakunda Hydro Electric Limited,Hydro Power,1.91,True,2082/2083
Chaitra,149,SHL,Soaltee Hotel Limited,Hotels and Tourism,0.22,True,2082/2083
Chaitra,986,HFIN,Hotel Forest Inn Limited,Hotels and Tourism,4.17,True,2082/2083
Chaitra,989,BANDIPUR,Bandipur Cable Car and Tourism Limited,Hotels and Tourism,1.85,True,2082/2083
Chaitra,238,HDL,Himalayan Distillery Limited,Manufacturing and Processing,0.59,True,2082/2083
Chaitra,242,UNL,Unilever Nepal Limited,Manufacturing and Processing,0.92,True,2082/2083
Chaitra,1035,SYPNL,SY Panel Nepal Limited,Manufacturing and Processing,1.54,True,2082/2083
Chaitra,1040,PCIL,Palpa Cement Industries Limited,Manufacturing and Processing,1.85,True,2082/2083
Chaitra,1047,SAGAR,Sagar Distillery Limited,Manufacturing and Processing,2.51,True,2082/2083
Chaitra,1089,SAIL,Shreenagar Agritech Industries Limited,Manufacturing and Processing,2.29,True,2082/2083
Chaitra,231,CIT,Citizen Investment Trust,Investment,0.03,True,2082/2083
Chaitra,572,NRN,NRN Infrastructure and Development Limited,Investment,1.75,True,2082/2083
Chaitra,891,TTL,Trade Tower Ltd.,Others,4.52,True,2082/2083
Chaitra,945,HRL,Himalayan Re-Insurance Limited,Others,0.22,True,2082/2083
Chaitra,1022,JHAPA,Jhapa Energy Limited,Others,6.69,True,2082/2083
Chaitra,764,MMF1,Mega Mutual Fund - 1,Mutual Fund,1.16,True,2082/2083
Chaitra,878,SIGS3,Siddhartha Investment Growth Scheme-3,Mutual Fund,0.93,True,2082/2083
Chaitra,949,NICGF2,NIC Asia Growth Fund-2,Mutual Fund,-0.92,True,2082/2083
Chaitra,954,NIBLSTF,NIBL Stable Fund,Mutual Fund,-0.21,True,2082/2083
Chaitra,982,MNMF1,Muktinath Mutual Fund 1,Mutual Fund,0.0,True,2082/2083
Chaitra,13,GBIME,Global IME Bank Limited,Commercial Banks,0.68,True,2081/2082
Chaitra,27,NABIL,Nabil Bank Limited,Commercial Banks,0.4,True,2081/2082
Chaitra,37,SBI,Nepal SBI Bank Limited,Commercial Banks,1.63,True,2081/2082
Chaitra,40,NMB,NMB Bank Limited,Commercial Banks,1.06,True,2081/2082
Chaitra,46,SANIMA,Sanima Bank Limited,Commercial Banks,0.91,True,2081/2082
Chaitra,50,SCB,Standard Chartered Bank Limited,Commercial Banks,0.49,True,2081/2082
Chaitra,922,LSL,Laxmi Sunrise Bank Limited,Commercial Banks,1.3,True,2081/2082
Chaitra,62,GBBL,Garima Bikas Bank Limited,Development Banks,0.48,True,2081/2082
Chaitra,70,KSBBL,Kamana Sewa Bikas Bank Limited,Development Banks,-0.39,True,2081/2082
Chaitra,84,MNBBL,Muktinath Bikas Bank Ltd.,Development Banks,0.21,True,2081/2082
Chaitra,265,CBBL,Chhimek Laghubitta Bittiya Sanstha Limited,Microfinance,0.22,True,2081/2082
Chaitra,271,FMDBL,First Micro Finance Development Bank Ltd.,Microfinance,-0.59,True,2081/2082
Chaitra,325,RSDC,RSDC Laghubitta Bittiya Sanstha Ltd.,Microfinance,0.57,True,2081/2082
Chaitra,331,SLBSL,Samudayik Laghubitta Bittiya Sanstha Limited,Microfinance,-0.51,True,2081/2082
Chaitra,210,NIL,Neco Insurance Co. Ltd.,Non Life Insurance,0.99,True,2081/2082
Chaitra,826,HEI,Himalayan Everest Insurance Limited,Non Life Insurance,0.77,True,2081/2082
Chaitra,873,SALICO,Sagarmatha Lumbini Insurance Company Limited,Non Life Insurance,0.68,True,2081/2082
Chaitra,876,SPIL,Siddhartha Premier Insurance Company Limited,Non Life Insurance,1.26,True,2081/2082
Chaitra,1052,NMIC,Nepal Micro Insurance Company Limited,Non Life Insurance,-1.44,True,2081/2082
Chaitra,243,ALICL,Asian Life Insurance Co. Limited,Life Insurance,-0.53,True,2081/2082
Chaitra,249,NLICL,National Life Insurance Co. Ltd.,Life Insurance,0.2,True,2081/2082
Chaitra,846,SJLIC,Suryajyoti Life Insurance Company Limited,Life Insurance,-0.46,True,2081/2082
Chaitra,983,GMLI,Guardian Micro-Life Insurance Company Limited,Life Insurance,-0.32,True,2081/2082
Chaitra,1051,CREST,Crest Micro Life Insurance Limited,Life Insurance,14.81,True,2081/2082
Chaitra,152,API,Api Power Company Ltd.,Hydro Power,0.79,True,2081/2082
Chaitra,156,BPCL,Butwal Power Company Limited,Hydro Power,-0.4,True,2081/2082
Chaitra,158,CHCL,Chilime Hydropower Company Limited,Hydro Power,0.63,True,2081/2082
Chaitra,176,SHPC,Sanima Mai Hydropower Ltd.,Hydro Power,0.13,True,2081/2082
Chaitra,611,MEN,Mountain Energy Nepal Limited,Hydro Power,-0.33,True,2081/2082
Chaitra,760,SAHAS,Sahas Urja Ltd.,Hydro Power,0.76,True,2081/2082
Chaitra,788,RFPL,River Falls Power Limited,Hydro Power,1.13,True,2081/2082
Chaitra,853,TAMOR,Sanima Middle Tamor Hydropower,Hydro Power,1.34,True,2081/2082
Chaitra,856,MAKAR,Makar Jitumaya Suri Hydropower Limited,Hydro Power,1.94,True,2081/2082
Chaitra,149,SHL,Soaltee Hotel Limited,Hotels and Tourism,0.22,True,2081/2082
Chaitra,236,BNT,Bottlers Nepal (Terai) Limited,Manufacturing and Processing,-1.77,True,2081/2082
Chaitra,238,HDL,Himalayan Distillery Limited,Manufacturing and Processing,0.59,True,2081/2082
Chaitra,240,SHIVM,Shivam Cement Ltd.,Manufacturing and Processing,0.96,True,2081/2082
Chaitra,242,UNL,Unilever Nepal Limited,Manufacturing and Processing,0.92,True,2081/2082
Chaitra,945,HRL,Himalayan Re-Insurance Limited,Others,0.22,True,2081/2082
Chaitra,884,RMF2,RBB Mutual Fund 2,Mutual Fund,3.96,True,2081/2082
Chaitra,949,NICGF2,NIC Asia Growth Fund-2,Mutual Fund,-0.92,True,2081/2082
Chaitra,954,NIBLSTF,NIBL Stable Fund,Mutual Fund,-0.21,True,2081/2082
Chaitra,982,MNMF1,Muktinath Mutual Fund 1,Mutual Fund,0.0,True,2081/2082
Chaitra,11,EBL,Everest Bank Limited,Commercial Banks,0.03,True,2082/2083
Chaitra,13,GBIME,Global IME Bank Limited,Commercial Banks,0.68,True,2082/2083
Chaitra,27,NABIL,Nabil Bank Limited,Commercial Banks,0.4,True,2082/2083
Chaitra,44,PCBL,Prime Commercial Bank Limited,Commercial Banks,0.63,True,2082/2083
Chaitra,46,SANIMA,Sanima Bank Limited,Commercial Banks,0.91,True,2082/2083
Chaitra,50,SCB,Standard Chartered Bank Limited,Commercial Banks,0.49,True,2082/2083
Chaitra,62,GBBL,Garima Bikas Bank Limited,Development Banks,0.48,True,2082/2083
Chaitra,70,KSBBL,Kamana Sewa Bikas Bank Limited,Development Banks,-0.39,True,2082/2083
Chaitra,1095,SABBL,Salapa Bikas Bank Limited,Development Banks,2.17,True,2082/2083
Chaitra,265,CBBL,Chhimek Laghubitta Bittiya Sanstha Limited,Microfinance,0.22,True,2082/2083
Chaitra,285,ILBS,Infinity Laghubitta Bittiya Sanstha Limited,Microfinance,0.11,True,2082/2083
Chaitra,1050,SWASTIK,Swastik Laghubita Bittiya Sanstha Limited,Microfinance,1.6,True,2082/2083
Chaitra,826,HEI,Himalayan Everest Insurance Limited,Non Life Insurance,0.77,True,2082/2083
Chaitra,873,SALICO,Sagarmatha Lumbini Insurance Company Limited,Non Life Insurance,0.68,True,2082/2083
Chaitra,876,SPIL,Siddhartha Premier Insurance Company Limited,Non Life Insurance,1.26,True,2082/2083
Chaitra,249,NLICL,National Life Insurance Co. Ltd.,Life Insurance,0.2,True,2082/2083
Chaitra,846,SJLIC,Suryajyoti Life Insurance Company Limited,Life Insurance,-0.46,True,2082/2083
Chaitra,152,API,Api Power Company Ltd.,Hydro Power,0.79,True,2082/2083
Chaitra,169,NGPL,Ngadi Group Power Ltd.,Hydro Power,1.01,True,2082/2083
Chaitra,176,SHPC,Sanima Mai Hydropower Ltd.,Hydro Power,0.13,True,2082/2083
Chaitra,178,SPDL,Synergy Power Development Ltd.,Hydro Power,-0.15,True,2082/2083
Chaitra,180,UMHL,United Modi Hydropower Ltd.,Hydro Power,-0.35,True,2082/2083
Chaitra,611,MEN,Mountain Energy Nepal Limited,Hydro Power,-0.33,True,2082/2083
Chaitra,617,UMRH,United IDI Mardi and RB Hydropower Ltd,Hydro Power,0.57,True,2082/2083
Chaitra,760,SAHAS,Sahas Urja Ltd.,Hydro Power,0.76,True,2082/2083
Chaitra,788,RFPL,River Falls Power Limited,Hydro Power,1.13,True,2082/2083
Chaitra,853,TAMOR,Sanima Middle Tamor Hydropower,Hydro Power,1.34,True,2082/2083
Chaitra,856,MAKAR,Makar Jitumaya Suri Hydropower Limited,Hydro Power,1.94,True,2082/2083
Chaitra,938,SIPD,Shikhar Power Development Limited,Hydro Power,2.0,True,2082/2083
Chaitra,993,HIMSTAR,Him Star Urja Company Limited,Hydro Power,4.32,True,2082/2083
Chaitra,994,DHEL,Daramkhola Hydro Energy Limited,Hydro Power,6.05,True,2082/2083
Chaitra,995,BJHL,Bhujung Hydropower Limited,Hydro Power,3.03,True,2082/2083
Chaitra,996,SANVI,Sanvi Energy Limited,Hydro Power,4.69,True,2082/2083
Chaitra,1000,MABEL,Mabilung Energy Limited,Hydro Power,9.35,True,2082/2083
Chaitra,1001,SOHL,Solu Hydropower Limited,Hydro Power,0.44,True,2082/2083
Chaitra,1003,BHCL,Bikash Hydropower Company Limited,Hydro Power,6.39,True,2082/2083
Chaitra,1004,RLEL,Ridge Line Energy Limited,Hydro Power,2.79,True,2082/2083
Chaitra,1009,BUNGAL,Bungal Hydro Limited,Hydro Power,9.12,True,2082/2083
Chaitra,1016,SKHL,Super Khudi Hydropower Limited,Hydro Power,6.74,True,2082/2083
Chaitra,1023,SKHEL,Suryakunda Hydro Electric Limited,Hydro Power,1.91,True,2082/2083
Chaitra,149,SHL,Soaltee Hotel Limited,Hotels and Tourism,0.22,True,2082/2083
Chaitra,986,HFIN,Hotel Forest Inn Limited,Hotels and Tourism,4.17,True,2082/2083
Chaitra,989,BANDIPUR,Bandipur Cable Car and Tourism Limited,Hotels and Tourism,1.85,True,2082/2083
Chaitra,238,HDL,Himalayan Distillery Limited,Manufacturing and Processing,0.59,True,2082/2083
Chaitra,242,UNL,Unilever Nepal Limited,Manufacturing and Processing,0.92,True,2082/2083
Chaitra,1035,SYPNL,SY Panel Nepal Limited,Manufacturing and Processing,1.54,True,2082/2083
Chaitra,1040,PCIL,Palpa Cement Industries Limited,Manufacturing and Processing,1.85,True,2082/2083
Chaitra,1047,SAGAR,Sagar Distillery Limited,Manufacturing and Processing,2.51,True,2082/2083
Chaitra,1089,SAIL,Shreenagar Agritech Industries Limited,Manufacturing and Processing,2.29,True,2082/2083
Chaitra,231,CIT,Citizen Investment Trust,Investment,0.03,True,2082/2083
Chaitra,572,NRN,NRN Infrastructure and Development Limited,Investment,1.75,True,2082/2083
Chaitra,891,TTL,Trade Tower Ltd.,Others,4.52,True,2082/2083
Chaitra,945,HRL,Himalayan Re-Insurance Limited,Others,0.22,True,2082/2083
Chaitra,1022,JHAPA,Jhapa Energy Limited,Others,6.69,True,2082/2083
Chaitra,764,MMF1,Mega Mutual Fund - 1,Mutual Fund,1.16,True,2082/2083
Chaitra,878,SIGS3,Siddhartha Investment Growth Scheme-3,Mutual Fund,0.93,True,2082/2083
Chaitra,949,NICGF2,NIC Asia Growth Fund-2,Mutual Fund,-0.92,True,2082/2083
Chaitra,954,NIBLSTF,NIBL Stable Fund,Mutual Fund,-0.21,True,2082/2083
Chaitra,982,MNMF1,Muktinath Mutual Fund 1,Mutual Fund,0.0,True,2082/2083
Poush,13,GBIME,Global IME Bank Limited,Commercial Banks,0.68,True,2081/2082
Poush,27,NABIL,Nabil Bank Limited,Commercial Banks,0.4,True,2081/2082
Poush,40,NMB,NMB Bank Limited,Commercial Banks,1.06,True,2081/2082
Poush,46,SANIMA,Sanima Bank Limited,Commercial Banks,0.91,True,2081/2082
Poush,50,SCB,Standard Chartered Bank Limited,Commercial Banks,0.49,True,2081/2082
Poush,922,LSL,Laxmi Sunrise Bank Limited,Commercial Banks,1.3,True,2081/2082
Poush,62,GBBL,Garima Bikas Bank Limited,Development Banks,0.48,True,2081/2082
Poush,70,KSBBL,Kamana Sewa Bikas Bank Limited,Development Banks,-0.39,True,2081/2082
Poush,84,MNBBL,Muktinath Bikas Bank Ltd.,Development Banks,0.21,True,2081/2082
Poush,112,CFCL,Central Finance Limited,Finance,0.64,True,2081/2082
Poush,265,CBBL,Chhimek Laghubitta Bittiya Sanstha Limited,Microfinance,0.22,True,2081/2082
Poush,271,FMDBL,First Micro Finance Development Bank Ltd.,Microfinance,-0.59,True,2081/2082
Poush,284,GLBSL,Gurans Laghubitta Bittiya Sanstha Limited,Microfinance,1.01,True,2081/2082
Poush,210,NIL,Neco Insurance Co. Ltd.,Non Life Insurance,0.99,True,2081/2082
Poush,211,NICL,Nepal Insurance Co. Ltd.,Non Life Insurance,1.02,True,2081/2082
Poush,826,HEI,Himalayan Everest Insurance Limited,Non Life Insurance,0.77,True,2081/2082
Poush,873,SALICO,Sagarmatha Lumbini Insurance Company Limited,Non Life Insurance,0.68,True,2081/2082
Poush,876,SPIL,Siddhartha Premier Insurance Company Limited,Non Life Insurance,1.26,True,2081/2082
Poush,243,ALICL,Asian Life Insurance Co. Limited,Life Insurance,-0.53,True,2081/2082
Poush,249,NLICL,National Life Insurance Co. Ltd.,Life Insurance,0.2,True,2081/2082
Poush,846,SJLIC,Suryajyoti Life Insurance Company Limited,Life Insurance,-0.46,True,2081/2082
Poush,152,API,Api Power Company Ltd.,Hydro Power,0.79,True,2081/2082
Poush,156,BPCL,Butwal Power Company Limited,Hydro Power,-0.4,True,2081/2082
Poush,158,CHCL,Chilime Hydropower Company Limited,Hydro Power,0.63,True,2081/2082
Poush,176,SHPC,Sanima Mai Hydropower Ltd.,Hydro Power,0.13,True,2081/2082
Poush,611,MEN,Mountain Energy Nepal Limited,Hydro Power,-0.33,True,2081/2082
Poush,760,SAHAS,Sahas Urja Ltd.,Hydro Power,0.76,True,2081/2082
Poush,856,MAKAR,Makar Jitumaya Suri Hydropower Limited,Hydro Power,1.94,True,2081/2082
Poush,149,SHL,Soaltee Hotel Limited,Hotels and Tourism,0.22,True,2081/2082
Poush,236,BNT,Bottlers Nepal (Terai) Limited,Manufacturing and Processing,-1.77,True,2081/2082
Poush,238,HDL,Himalayan Distillery Limited,Manufacturing and Processing,0.59,True,2081/2082
Poush,240,SHIVM,Shivam Cement Ltd.,Manufacturing and Processing,0.96,True,2081/2082
Poush,242,UNL,Unilever Nepal Limited,Manufacturing and Processing,0.92,True,2081/2082
Poush,674,SARBTM,Sarbottam Cement Limited,Manufacturing and Processing,0.23,True,2081/2082
Poush,572,NRN,NRN Infrastructure and Development Limited,Investment,1.75,True,2081/2082
Poush,945,HRL,Himalayan Re-Insurance Limited,Others,0.22,True,2081/2082
Poush,884,RMF2,RBB Mutual Fund 2,Mutual Fund,3.96,True,2081/2082
Poush,949,NICGF2,NIC Asia Growth Fund-2,Mutual Fund,-0.92,True,2081/2082
Poush,954,NIBLSTF,NIBL Stable Fund,Mutual Fund,-0.21,True,2081/2082
Poush,982,MNMF1,Muktinath Mutual Fund 1,Mutual Fund,0.0,True,2081/2082
Chaitra,11,EBL,Everest Bank Limited,Commercial Banks,0.03,True,2082/2083
Chaitra,13,GBIME,Global IME Bank Limited,Commercial Banks,0.68,True,2082/2083
Chaitra,27,NABIL,Nabil Bank Limited,Commercial Banks,0.4,True,2082/2083
Chaitra,44,PCBL,Prime Commercial Bank Limited,Commercial Banks,0.63,True,2082/2083
Chaitra,46,SANIMA,Sanima Bank Limited,Commercial Banks,0.91,True,2082/2083
Chaitra,50,SCB,Standard Chartered Bank Limited,Commercial Banks,0.49,True,2082/2083
Chaitra,62,GBBL,Garima Bikas Bank Limited,Development Banks,0.48,True,2082/2083
Chaitra,70,KSBBL,Kamana Sewa Bikas Bank Limited,Development Banks,-0.39,True,2082/2083
Chaitra,1095,SABBL,Salapa Bikas Bank Limited,Development Banks,2.17,True,2082/2083
Chaitra,265,CBBL,Chhimek Laghubitta Bittiya Sanstha Limited,Microfinance,0.22,True,2082/2083
Chaitra,285,ILBS,Infinity Laghubitta Bittiya Sanstha Limited,Microfinance,0.11,True,2082/2083
Chaitra,1050,SWASTIK,Swastik Laghubita Bittiya Sanstha Limited,Microfinance,1.6,True,2082/2083
Chaitra,826,HEI,Himalayan Everest Insurance Limited,Non Life Insurance,0.77,True,2082/2083
Chaitra,873,SALICO,Sagarmatha Lumbini Insurance Company Limited,Non Life Insurance,0.68,True,2082/2083
Chaitra,876,SPIL,Siddhartha Premier Insurance Company Limited,Non Life Insurance,1.26,True,2082/2083
Chaitra,249,NLICL,National Life Insurance Co. Ltd.,Life Insurance,0.2,True,2082/2083
Chaitra,846,SJLIC,Suryajyoti Life Insurance Company Limited,Life Insurance,-0.46,True,2082/2083
Chaitra,152,API,Api Power Company Ltd.,Hydro Power,0.79,True,2082/2083
Chaitra,169,NGPL,Ngadi Group Power Ltd.,Hydro Power,1.01,True,2082/2083
Chaitra,176,SHPC,Sanima Mai Hydropower Ltd.,Hydro Power,0.13,True,2082/2083
Chaitra,178,SPDL,Synergy Power Development Ltd.,Hydro Power,-0.15,True,2082/2083
Chaitra,180,UMHL,United Modi Hydropower Ltd.,Hydro Power,-0.35,True,2082/2083
Chaitra,611,MEN,Mountain Energy Nepal Limited,Hydro Power,-0.33,True,2082/2083
Chaitra,617,UMRH,United IDI Mardi and RB Hydropower Ltd,Hydro Power,0.57,True,2082/2083
Chaitra,760,SAHAS,Sahas Urja Ltd.,Hydro Power,0.76,True,2082/2083
Chaitra,788,RFPL,River Falls Power Limited,Hydro Power,1.13,True,2082/2083
Chaitra,853,TAMOR,Sanima Middle Tamor Hydropower,Hydro Power,1.34,True,2082/2083
Chaitra,856,MAKAR,Makar Jitumaya Suri Hydropower Limited,Hydro Power,1.94,True,2082/2083
Chaitra,938,SIPD,Shikhar Power Development Limited,Hydro Power,2.0,True,2082/2083
Chaitra,993,HIMSTAR,Him Star Urja Company Limited,Hydro Power,4.32,True,2082/2083
Chaitra,994,DHEL,Daramkhola Hydro Energy Limited,Hydro Power,6.05,True,2082/2083
Chaitra,995,BJHL,Bhujung Hydropower Limited,Hydro Power,3.03,True,2082/2083
Chaitra,996,SANVI,Sanvi Energy Limited,Hydro Power,4.69,True,2082/2083
Chaitra,1000,MABEL,Mabilung Energy Limited,Hydro Power,9.35,True,2082/2083
Chaitra,1001,SOHL,Solu Hydropower Limited,Hydro Power,0.44,True,2082/2083
Chaitra,1003,BHCL,Bikash Hydropower Company Limited,Hydro Power,6.39,True,2082/2083
Chaitra,1004,RLEL,Ridge Line Energy Limited,Hydro Power,2.79,True,2082/2083
Chaitra,1009,BUNGAL,Bungal Hydro Limited,Hydro Power,9.12,True,2082/2083
Chaitra,1016,SKHL,Super Khudi Hydropower Limited,Hydro Power,6.74,True,2082/2083
Chaitra,1023,SKHEL,Suryakunda Hydro Electric Limited,Hydro Power,1.91,True,2082/2083
Chaitra,149,SHL,Soaltee Hotel Limited,Hotels and Tourism,0.22,True,2082/2083
Chaitra,986,HFIN,Hotel Forest Inn Limited,Hotels and Tourism,4.17,True,2082/2083
Chaitra,989,BANDIPUR,Bandipur Cable Car and Tourism Limited,Hotels and Tourism,1.85,True,2082/2083
Chaitra,238,HDL,Himalayan Distillery Limited,Manufacturing and Processing,0.59,True,2082/2083
Chaitra,242,UNL,Unilever Nepal Limited,Manufacturing and Processing,0.92,True,2082/2083
Chaitra,1035,SYPNL,SY Panel Nepal Limited,Manufacturing and Processing,1.54,True,2082/2083
Chaitra,1040,PCIL,Palpa Cement Industries Limited,Manufacturing and Processing,1.85,True,2082/2083
Chaitra,1047,SAGAR,Sagar Distillery Limited,Manufacturing and Processing,2.51,True,2082/2083
Chaitra,1089,SAIL,Shreenagar Agritech Industries Limited,Manufacturing and Processing,2.29,True,2082/2083
Chaitra,231,CIT,Citizen Investment Trust,Investment,0.03,True,2082/2083
Chaitra,572,NRN,NRN Infrastructure and Development Limited,Investment,1.75,True,2082/2083
Chaitra,891,TTL,Trade Tower Ltd.,Others,4.52,True,2082/2083
Chaitra,945,HRL,Himalayan Re-Insurance Limited,Others,0.22,True,2082/2083
Chaitra,1022,JHAPA,Jhapa Energy Limited,Others,6.69,True,2082/2083
Chaitra,764,MMF1,Mega Mutual Fund - 1,Mutual Fund,1.16,True,2082/2083
Chaitra,878,SIGS3,Siddhartha Investment Growth Scheme-3,Mutual Fund,0.93,True,2082/2083
Chaitra,949,NICGF2,NIC Asia Growth Fund-2,Mutual Fund,-0.92,True,2082/2083
Chaitra,954,NIBLSTF,NIBL Stable Fund,Mutual Fund,-0.21,True,2082/2083
Chaitra,982,MNMF1,Muktinath Mutual Fund 1,Mutual Fund,0.0,True,2082/2083
Chaitra,11,EBL,Everest Bank Limited,Commercial Banks,0.03,True,2082/2083
Chaitra,13,GBIME,Global IME Bank Limited,Commercial Banks,0.68,True,2082/2083
Chaitra,27,NABIL,Nabil Bank Limited,Commercial Banks,0.4,True,2082/2083
Chaitra,44,PCBL,Prime Commercial Bank Limited,Commercial Banks,0.63,True,2082/2083
Chaitra,46,SANIMA,Sanima Bank Limited,Commercial Banks,0.91,True,2082/2083
Chaitra,50,SCB,Standard Chartered Bank Limited,Commercial Banks,0.49,True,2082/2083
Chaitra,62,GBBL,Garima Bikas Bank Limited,Development Banks,0.48,True,2082/2083
Chaitra,70,KSBBL,Kamana Sewa Bikas Bank Limited,Development Banks,-0.39,True,2082/2083
Chaitra,1095,SABBL,Salapa Bikas Bank Limited,Development Banks,2.17,True,2082/2083
Chaitra,265,CBBL,Chhimek Laghubitta Bittiya Sanstha Limited,Microfinance,0.22,True,2082/2083
Chaitra,285,ILBS,Infinity Laghubitta Bittiya Sanstha Limited,Microfinance,0.11,True,2082/2083
Chaitra,1050,SWASTIK,Swastik Laghubita Bittiya Sanstha Limited,Microfinance,1.6,True,2082/2083
Chaitra,826,HEI,Himalayan Everest Insurance Limited,Non Life Insurance,0.77,True,2082/2083
Chaitra,873,SALICO,Sagarmatha Lumbini Insurance Company Limited,Non Life Insurance,0.68,True,2082/2083
Chaitra,876,SPIL,Siddhartha Premier Insurance Company Limited,Non Life Insurance,1.26,True,2082/2083
Chaitra,249,NLICL,National Life Insurance Co. Ltd.,Life Insurance,0.2,True,2082/2083
Chaitra,846,SJLIC,Suryajyoti Life Insurance Company Limited,Life Insurance,-0.46,True,2082/2083
Chaitra,152,API,Api Power Company Ltd.,Hydro Power,0.79,True,2082/2083
Chaitra,169,NGPL,Ngadi Group Power Ltd.,Hydro Power,1.01,True,2082/2083
Chaitra,176,SHPC,Sanima Mai Hydropower Ltd.,Hydro Power,0.13,True,2082/2083
Chaitra,178,SPDL,Synergy Power Development Ltd.,Hydro Power,-0.15,True,2082/2083
Chaitra,180,UMHL,United Modi Hydropower Ltd.,Hydro Power,-0.35,True,2082/2083
Chaitra,611,MEN,Mountain Energy Nepal Limited,Hydro Power,-0.33,True,2082/2083
Chaitra,617,UMRH,United IDI Mardi and RB Hydropower Ltd,Hydro Power,0.57,True,2082/2083
Chaitra,760,SAHAS,Sahas Urja Ltd.,Hydro Power,0.76,True,2082/2083
Chaitra,788,RFPL,River Falls Power Limited,Hydro Power,1.13,True,2082/2083
Chaitra,853,TAMOR,Sanima Middle Tamor Hydropower,Hydro Power,1.34,True,2082/2083
Chaitra,856,MAKAR,Makar Jitumaya Suri Hydropower Limited,Hydro Power,1.94,True,2082/2083
Chaitra,938,SIPD,Shikhar Power Development Limited,Hydro Power,2.0,True,2082/2083
Chaitra,993,HIMSTAR,Him Star Urja Company Limited,Hydro Power,4.32,True,2082/2083
Chaitra,994,DHEL,Daramkhola Hydro Energy Limited,Hydro Power,6.05,True,2082/2083
Chaitra,995,BJHL,Bhujung Hydropower Limited,Hydro Power,3.03,True,2082/2083
Chaitra,996,SANVI,Sanvi Energy Limited,Hydro Power,4.69,True,2082/2083
Chaitra,1000,MABEL,Mabilung Energy Limited,Hydro Power,9.35,True,2082/2083
Chaitra,1001,SOHL,Solu Hydropower Limited,Hydro Power,0.44,True,2082/2083
Chaitra,1003,BHCL,Bikash Hydropower Company Limited,Hydro Power,6.39,True,2082/2083
Chaitra,1004,RLEL,Ridge Line Energy Limited,Hydro Power,2.79,True,2082/2083
Chaitra,1009,BUNGAL,Bungal Hydro Limited,Hydro Power,9.12,True,2082/2083
Chaitra,1016,SKHL,Super Khudi Hydropower Limited,Hydro Power,6.74,True,2082/2083
Chaitra,1023,SKHEL,Suryakunda Hydro Electric Limited,Hydro Power,1.91,True,2082/2083
Chaitra,149,SHL,Soaltee Hotel Limited,Hotels and Tourism,0.22,True,2082/2083
Chaitra,986,HFIN,Hotel Forest Inn Limited,Hotels and Tourism,4.17,True,2082/2083
Chaitra,989,BANDIPUR,Bandipur Cable Car and Tourism Limited,Hotels and Tourism,1.85,True,2082/2083
Chaitra,238,HDL,Himalayan Distillery Limited,Manufacturing and Processing,0.59,True,2082/2083
Chaitra,242,UNL,Unilever Nepal Limited,Manufacturing and Processing,0.92,True,2082/2083
Chaitra,1035,SYPNL,SY Panel Nepal Limited,Manufacturing and Processing,1.54,True,2082/2083
Chaitra,1040,PCIL,Palpa Cement Industries Limited,Manufacturing and Processing,1.85,True,2082/2083
Chaitra,1047,SAGAR,Sagar Distillery Limited,Manufacturing and Processing,2.51,True,2082/2083
Chaitra,1089,SAIL,Shreenagar Agritech Industries Limited,Manufacturing and Processing,2.29,True,2082/2083
Chaitra,231,CIT,Citizen Investment Trust,Investment,0.03,True,2082/2083
Chaitra,572,NRN,NRN Infrastructure and Development Limited,Investment,1.75,True,2082/2083
Chaitra,891,TTL,Trade Tower Ltd.,Others,4.52,True,2082/2083
Chaitra,945,HRL,Himalayan Re-Insurance Limited,Others,0.22,True,2082/2083
Chaitra,1022,JHAPA,Jhapa Energy Limited,Others,6.69,True,2082/2083
Chaitra,764,MMF1,Mega Mutual Fund - 1,Mutual Fund,1.16,True,2082/2083
Chaitra,878,SIGS3,Siddhartha Investment Growth Scheme-3,Mutual Fund,0.93,True,2082/2083
Chaitra,949,NICGF2,NIC Asia Growth Fund-2,Mutual Fund,-0.92,True,2082/2083
Chaitra,954,NIBLSTF,NIBL Stable Fund,Mutual Fund,-0.21,True,2082/2083
Chaitra,982,MNMF1,Muktinath Mutual Fund 1,Mutual Fund,0.0,True,2082/2083
Chaitra,11,EBL,Everest Bank Limited,Commercial Banks,0.03,True,2082/2083
Chaitra,13,GBIME,Global IME Bank Limited,Commercial Banks,0.68,True,2082/2083
Chaitra,27,NABIL,Nabil Bank Limited,Commercial Banks,0.4,True,2082/2083
Chaitra,44,PCBL,Prime Commercial Bank Limited,Commercial Banks,0.63,True,2082/2083
Chaitra,46,SANIMA,Sanima Bank Limited,Commercial Banks,0.91,True,2082/2083
Chaitra,50,SCB,Standard Chartered Bank Limited,Commercial Banks,0.49,True,2082/2083
Chaitra,62,GBBL,Garima Bikas Bank Limited,Development Banks,0.48,True,2082/2083
Chaitra,70,KSBBL,Kamana Sewa Bikas Bank Limited,Development Banks,-0.39,True,2082/2083
Chaitra,1095,SABBL,Salapa Bikas Bank Limited,Development Banks,2.17,True,2082/2083
Chaitra,265,CBBL,Chhimek Laghubitta Bittiya Sanstha Limited,Microfinance,0.22,True,2082/2083
Chaitra,285,ILBS,Infinity Laghubitta Bittiya Sanstha Limited,Microfinance,0.11,True,2082/2083
Chaitra,1050,SWASTIK,Swastik Laghubita Bittiya Sanstha Limited,Microfinance,1.6,True,2082/2083
Chaitra,826,HEI,Himalayan Everest Insurance Limited,Non Life Insurance,0.77,True,2082/2083
Chaitra,873,SALICO,Sagarmatha Lumbini Insurance Company Limited,Non Life Insurance,0.68,True,2082/2083
Chaitra,876,SPIL,Siddhartha Premier Insurance Company Limited,Non Life Insurance,1.26,True,2082/2083
Chaitra,249,NLICL,National Life Insurance Co. Ltd.,Life Insurance,0.2,True,2082/2083
Chaitra,846,SJLIC,Suryajyoti Life Insurance Company Limited,Life Insurance,-0.46,True,2082/2083
Chaitra,152,API,Api Power Company Ltd.,Hydro Power,0.79,True,2082/2083
Chaitra,169,NGPL,Ngadi Group Power Ltd.,Hydro Power,1.01,True,2082/2083
Chaitra,176,SHPC,Sanima Mai Hydropower Ltd.,Hydro Power,0.13,True,2082/2083
Chaitra,178,SPDL,Synergy Power Development Ltd.,Hydro Power,-0.15,True,2082/2083
Chaitra,180,UMHL,United Modi Hydropower Ltd.,Hydro Power,-0.35,True,2082/2083
Chaitra,611,MEN,Mountain Energy Nepal Limited,Hydro Power,-0.33,True,2082/2083
Chaitra,617,UMRH,United IDI Mardi and RB Hydropower Ltd,Hydro Power,0.57,True,2082/2083
Chaitra,760,SAHAS,Sahas Urja Ltd.,Hydro Power,0.76,True,2082/2083
Chaitra,788,RFPL,River Falls Power Limited,Hydro Power,1.13,True,2082/2083
Chaitra,853,TAMOR,Sanima Middle Tamor Hydropower,Hydro Power,1.34,True,2082/2083
Chaitra,856,MAKAR,Makar Jitumaya Suri Hydropower Limited,Hydro Power,1.94,True,2082/2083
Chaitra,938,SIPD,Shikhar Power Development Limited,Hydro Power,2.0,True,2082/2083
Chaitra,993,HIMSTAR,Him Star Urja Company Limited,Hydro Power,4.32,True,2082/2083
Chaitra,994,DHEL,Daramkhola Hydro Energy Limited,Hydro Power,6.05,True,2082/2083
Chaitra,995,BJHL,Bhujung Hydropower Limited,Hydro Power,3.03,True,2082/2083
Chaitra,996,SANVI,Sanvi Energy Limited,Hydro Power,4.69,True,2082/2083
Chaitra,1000,MABEL,Mabilung Energy Limited,Hydro Power,9.35,True,2082/2083
Chaitra,1001,SOHL,Solu Hydropower Limited,Hydro Power,0.44,True,2082/2083
Chaitra,1003,BHCL,Bikash Hydropower Company Limited,Hydro Power,6.39,True,2082/2083
Chaitra,1004,RLEL,Ridge Line Energy Limited,Hydro Power,2.79,True,2082/2083
Chaitra,1009,BUNGAL,Bungal Hydro Limited,Hydro Power,9.12,True,2082/2083
Chaitra,1016,SKHL,Super Khudi Hydropower Limited,Hydro Power,6.74,True,2082/2083
Chaitra,1023,SKHEL,Suryakunda Hydro Electric Limited,Hydro Power,1.91,True,2082/2083
Chaitra,149,SHL,Soaltee Hotel Limited,Hotels and Tourism,0.22,True,2082/2083
Chaitra,986,HFIN,Hotel Forest Inn Limited,Hotels and Tourism,4.17,True,2082/2083
Chaitra,989,BANDIPUR,Bandipur Cable Car and Tourism Limited,Hotels and Tourism,1.85,True,2082/2083
Chaitra,238,HDL,Himalayan Distillery Limited,Manufacturing and Processing,0.59,True,2082/2083
Chaitra,242,UNL,Unilever Nepal Limited,Manufacturing and Processing,0.92,True,2082/2083
Chaitra,1035,SYPNL,SY Panel Nepal Limited,Manufacturing and Processing,1.54,True,2082/2083
Chaitra,1040,PCIL,Palpa Cement Industries Limited,Manufacturing and Processing,1.85,True,2082/2083
Chaitra,1047,SAGAR,Sagar Distillery Limited,Manufacturing and Processing,2.51,True,2082/2083
Chaitra,1089,SAIL,Shreenagar Agritech Industries Limited,Manufacturing and Processing,2.29,True,2082/2083
Chaitra,231,CIT,Citizen Investment Trust,Investment,0.03,True,2082/2083
Chaitra,572,NRN,NRN Infrastructure and Development Limited,Investment,1.75,True,2082/2083
Chaitra,891,TTL,Trade Tower Ltd.,Others,4.52,True,2082/2083
Chaitra,945,HRL,Himalayan Re-Insurance Limited,Others,0.22,True,2082/2083
Chaitra,1022,JHAPA,Jhapa Energy Limited,Others,6.69,True,2082/2083
Chaitra,764,MMF1,Mega Mutual Fund - 1,Mutual Fund,1.16,True,2082/2083
Chaitra,878,SIGS3,Siddhartha Investment Growth Scheme-3,Mutual Fund,0.93,True,2082/2083
Chaitra,949,NICGF2,NIC Asia Growth Fund-2,Mutual Fund,-0.92,True,2082/2083
Chaitra,954,NIBLSTF,NIBL Stable Fund,Mutual Fund,-0.21,True,2082/2083
Chaitra,982,MNMF1,Muktinath Mutual Fund 1,Mutual Fund,0.0,True,2082/2083
Poush,11,EBL,Everest Bank Limited,Commercial Banks,0.03,True,2080/2081
Poush,13,GBIME,Global IME Bank Limited,Commercial Banks,0.68,True,2080/2081
Poush,37,SBI,Nepal SBI Bank Limited,Commercial Banks,1.63,True,2080/2081
Poush,40,NMB,NMB Bank Limited,Commercial Banks,1.06,True,2080/2081
Poush,46,SANIMA,Sanima Bank Limited,Commercial Banks,0.91,True,2080/2081
Poush,50,SCB,Standard Chartered Bank Limited,Commercial Banks,0.49,True,2080/2081
Poush,922,LSL,Laxmi Sunrise Bank Limited,Commercial Banks,1.3,True,2080/2081
Poush,62,GBBL,Garima Bikas Bank Limited,Development Banks,0.48,True,2080/2081
Poush,84,MNBBL,Muktinath Bikas Bank Ltd.,Development Banks,0.21,True,2080/2081
Poush,100,SHINE,Shine Resunga Development Bank Ltd.,Development Banks,-0.22,True,2080/2081
Poush,210,NIL,Neco Insurance Co. Ltd.,Non Life Insurance,0.99,True,2080/2081
Poush,873,SALICO,Sagarmatha Lumbini Insurance Company Limited,Non Life Insurance,0.68,True,2080/2081
Poush,876,SPIL,Siddhartha Premier Insurance Company Limited,Non Life Insurance,1.26,True,2080/2081
Poush,919,UAIL,United Ajod Insurance Limited,Non Life Insurance,0.25,True,2080/2081
Poush,243,ALICL,Asian Life Insurance Co. Limited,Life Insurance,-0.53,True,2080/2081
Poush,247,LICN,Life Insurance Corporation (Nepal) Limited,Life Insurance,-0.72,True,2080/2081
Poush,249,NLICL,National Life Insurance Co. Ltd.,Life Insurance,0.2,True,2080/2081
Poush,251,NLIC,Nepal Life Insurance Co. Ltd.,Life Insurance,0.1,True,2080/2081
Poush,152,API,Api Power Company Ltd.,Hydro Power,0.79,True,2080/2081
Poush,153,AKPL,Arun Kabeli Power Ltd.,Hydro Power,1.52,True,2080/2081
Poush,578,SSHL,Shiva Shree Hydropower Limited,Hydro Power,2.54,True,2080/2081
Poush,760,SAHAS,Sahas Urja Ltd.,Hydro Power,0.76,True,2080/2081
Poush,832,PHCL,Peoples Hydropower Company Limited,Hydro Power,0.06,True,2080/2081
Poush,856,MAKAR,Makar Jitumaya Suri Hydropower Limited,Hydro Power,1.94,True,2080/2081
Poush,893,VLUCL,Vision Lumbini Urja Company Limited,Hydro Power,-0.3,True,2080/2081
Poush,902,CKHL,Chirkhwa Hydro Power Ltd,Hydro Power,0.66,True,2080/2081
Poush,903,MMKJL,Mathillo Mailun Khola Jalvidhyut Limited,Hydro Power,-0.6,True,2080/2081
Poush,236,BNT,Bottlers Nepal (Terai) Limited,Manufacturing and Processing,-1.77,True,2080/2081
Poush,240,SHIVM,Shivam Cement Ltd.,Manufacturing and Processing,0.96,True,2080/2081
Poush,242,UNL,Unilever Nepal Limited,Manufacturing and Processing,0.92,True,2080/2081
Poush,233,NTC,Nepal Doorsanchar Company Limited,Others,0.27,True,2080/2081
Poush,888,MKCL,Muktinath Krishi Company Ltd.,Others,0.86,True,2080/2081
Poush,892,NWCL,Nepal Warehousing Company Ltd,Others,2.16,True,2080/2081
Poush,945,HRL,Himalayan Re-Insurance Limited,Others,0.22,True,2080/2081
Poush,189,NEF,Nabil Equity Fund,Mutual Fund,0.2,True,2080/2081
Poush,194,NMBHF1,NMB Hybrid Fund L-1,Mutual Fund,-1.4,True,2080/2081
Poush,736,RMF1,RBB Mutual Fund 1,Mutual Fund,0.1,True,2080/2081
Poush,881,PRSF,Prabhu Smart Fund,Mutual Fund,0.39,True,2080/2081
Poush,884,RMF2,RBB Mutual Fund 2,Mutual Fund,3.96,True,2080/2081
Poush,935,H8020,Himalayan 80-20,Mutual Fund,-1.32,True,2080/2081
Poush,949,NICGF2,NIC Asia Growth Fund-2,Mutual Fund,-0.92,True,2080/2081
Chaitra,11,EBL,Everest Bank Limited,Commercial Banks,0.03,True,2082/2083
Chaitra,13,GBIME,Global IME Bank Limited,Commercial Banks,0.68,True,2082/2083
Chaitra,27,NABIL,Nabil Bank Limited,Commercial Banks,0.4,True,2082/2083
Chaitra,44,PCBL,Prime Commercial Bank Limited,Commercial Banks,0.63,True,2082/2083
Chaitra,46,SANIMA,Sanima Bank Limited,Commercial Banks,0.91,True,2082/2083
Chaitra,50,SCB,Standard Chartered Bank Limited,Commercial Banks,0.49,True,2082/2083
Chaitra,62,GBBL,Garima Bikas Bank Limited,Development Banks,0.48,True,2082/2083
Chaitra,70,KSBBL,Kamana Sewa Bikas Bank Limited,Development Banks,-0.39,True,2082/2083
Chaitra,1095,SABBL,Salapa Bikas Bank Limited,Development Banks,2.17,True,2082/2083
Chaitra,265,CBBL,Chhimek Laghubitta Bittiya Sanstha Limited,Microfinance,0.22,True,2082/2083
Chaitra,285,ILBS,Infinity Laghubitta Bittiya Sanstha Limited,Microfinance,0.11,True,2082/2083
Chaitra,1050,SWASTIK,Swastik Laghubita Bittiya Sanstha Limited,Microfinance,1.6,True,2082/2083
Chaitra,826,HEI,Himalayan Everest Insurance Limited,Non Life Insurance,0.77,True,2082/2083
Chaitra,873,SALICO,Sagarmatha Lumbini Insurance Company Limited,Non Life Insurance,0.68,True,2082/2083
Chaitra,876,SPIL,Siddhartha Premier Insurance Company Limited,Non Life Insurance,1.26,True,2082/2083
Chaitra,249,NLICL,National Life Insurance Co. Ltd.,Life Insurance,0.2,True,2082/2083
Chaitra,846,SJLIC,Suryajyoti Life Insurance Company Limited,Life Insurance,-0.46,True,2082/2083
Chaitra,152,API,Api Power Company Ltd.,Hydro Power,0.79,True,2082/2083
Chaitra,169,NGPL,Ngadi Group Power Ltd.,Hydro Power,1.01,True,2082/2083
Chaitra,176,SHPC,Sanima Mai Hydropower Ltd.,Hydro Power,0.13,True,2082/2083
Chaitra,178,SPDL,Synergy Power Development Ltd.,Hydro Power,-0.15,True,2082/2083
Chaitra,180,UMHL,United Modi Hydropower Ltd.,Hydro Power,-0.35,True,2082/2083
Chaitra,611,MEN,Mountain Energy Nepal Limited,Hydro Power,-0.33,True,2082/2083
Chaitra,617,UMRH,United IDI Mardi and RB Hydropower Ltd,Hydro Power,0.57,True,2082/2083
Chaitra,760,SAHAS,Sahas Urja Ltd.,Hydro Power,0.76,True,2082/2083
Chaitra,788,RFPL,River Falls Power Limited,Hydro Power,1.13,True,2082/2083
Chaitra,853,TAMOR,Sanima Middle Tamor Hydropower,Hydro Power,1.34,True,2082/2083
Chaitra,856,MAKAR,Makar Jitumaya Suri Hydropower Limited,Hydro Power,1.94,True,2082/2083
Chaitra,938,SIPD,Shikhar Power Development Limited,Hydro Power,2.0,True,2082/2083
Chaitra,993,HIMSTAR,Him Star Urja Company Limited,Hydro Power,4.32,True,2082/2083
Chaitra,994,DHEL,Daramkhola Hydro Energy Limited,Hydro Power,6.05,True,2082/2083
Chaitra,995,BJHL,Bhujung Hydropower Limited,Hydro Power,3.03,True,2082/2083
Chaitra,996,SANVI,Sanvi Energy Limited,Hydro Power,4.69,True,2082/2083
Chaitra,1000,MABEL,Mabilung Energy Limited,Hydro Power,9.35,True,2082/2083
Chaitra,1001,SOHL,Solu Hydropower Limited,Hydro Power,0.44,True,2082/2083
Chaitra,1003,BHCL,Bikash Hydropower Company Limited,Hydro Power,6.39,True,2082/2083
Chaitra,1004,RLEL,Ridge Line Energy Limited,Hydro Power,2.79,True,2082/2083
Chaitra,1009,BUNGAL,Bungal Hydro Limited,Hydro Power,9.12,True,2082/2083
Chaitra,1016,SKHL,Super Khudi Hydropower Limited,Hydro Power,6.74,True,2082/2083
Chaitra,1023,SKHEL,Suryakunda Hydro Electric Limited,Hydro Power,1.91,True,2082/2083
Chaitra,149,SHL,Soaltee Hotel Limited,Hotels and Tourism,0.22,True,2082/2083
Chaitra,986,HFIN,Hotel Forest Inn Limited,Hotels and Tourism,4.17,True,2082/2083
Chaitra,989,BANDIPUR,Bandipur Cable Car and Tourism Limited,Hotels and Tourism,1.85,True,2082/2083
Chaitra,238,HDL,Himalayan Distillery Limited,Manufacturing and Processing,0.59,True,2082/2083
Chaitra,242,UNL,Unilever Nepal Limited,Manufacturing and Processing,0.92,True,2082/2083
Chaitra,1035,SYPNL,SY Panel Nepal Limited,Manufacturing and Processing,1.54,True,2082/2083
Chaitra,1040,PCIL,Palpa Cement Industries Limited,Manufacturing and Processing,1.85,True,2082/2083
Chaitra,1047,SAGAR,Sagar Distillery Limited,Manufacturing and Processing,2.51,True,2082/2083
Chaitra,1089,SAIL,Shreenagar Agritech Industries Limited,Manufacturing and Processing,2.29,True,2082/2083
Chaitra,231,CIT,Citizen Investment Trust,Investment,0.03,True,2082/2083
Chaitra,572,NRN,NRN Infrastructure and Development Limited,Investment,1.75,True,2082/2083
Chaitra,891,TTL,Trade Tower Ltd.,Others,4.52,True,2082/2083
Chaitra,945,HRL,Himalayan Re-Insurance Limited,Others,0.22,True,2082/2083
Chaitra,1022,JHAPA,Jhapa Energy Limited,Others,6.69,True,2082/2083
Chaitra,764,MMF1,Mega Mutual Fund - 1,Mutual Fund,1.16,True,2082/2083
Chaitra,878,SIGS3,Siddhartha Investment Growth Scheme-3,Mutual Fund,0.93,True,2082/2083
Chaitra,949,NICGF2,NIC Asia Growth Fund-2,Mutual Fund,-0.92,True,2082/2083
Chaitra,954,NIBLSTF,NIBL Stable Fund,Mutual Fund,-0.21,True,2082/2083
Chaitra,982,MNMF1,Muktinath Mutual Fund 1,Mutual Fund,0.0,True,2082/2083
Chaitra,11,EBL,Everest Bank Limited,Commercial Banks,0.03,True,2082/2083
Chaitra,13,GBIME,Global IME Bank Limited,Commercial Banks,0.68,True,2082/2083
Chaitra,27,NABIL,Nabil Bank Limited,Commercial Banks,0.4,True,2082/2083
Chaitra,44,PCBL,Prime Commercial Bank Limited,Commercial Banks,0.63,True,2082/2083
Chaitra,46,SANIMA,Sanima Bank Limited,Commercial Banks,0.91,True,2082/2083
Chaitra,50,SCB,Standard Chartered Bank Limited,Commercial Banks,0.49,True,2082/2083
Chaitra,62,GBBL,Garima Bikas Bank Limited,Development Banks,0.48,True,2082/2083
Chaitra,70,KSBBL,Kamana Sewa Bikas Bank Limited,Development Banks,-0.39,True,2082/2083
Chaitra,1095,SABBL,Salapa Bikas Bank Limited,Development Banks,2.17,True,2082/2083
Chaitra,265,CBBL,Chhimek Laghubitta Bittiya Sanstha Limited,Microfinance,0.22,True,2082/2083
Chaitra,285,ILBS,Infinity Laghubitta Bittiya Sanstha Limited,Microfinance,0.11,True,2082/2083
Chaitra,1050,SWASTIK,Swastik Laghubita Bittiya Sanstha Limited,Microfinance,1.6,True,2082/2083
Chaitra,826,HEI,Himalayan Everest Insurance Limited,Non Life Insurance,0.77,True,2082/2083
Chaitra,873,SALICO,Sagarmatha Lumbini Insurance Company Limited,Non Life Insurance,0.68,True,2082/2083
Chaitra,876,SPIL,Siddhartha Premier Insurance Company Limited,Non Life Insurance,1.26,True,2082/2083
Chaitra,249,NLICL,National Life Insurance Co. Ltd.,Life Insurance,0.2,True,2082/2083
Chaitra,846,SJLIC,Suryajyoti Life Insurance Company Limited,Life Insurance,-0.46,True,2082/2083
Chaitra,152,API,Api Power Company Ltd.,Hydro Power,0.79,True,2082/2083
Chaitra,169,NGPL,Ngadi Group Power Ltd.,Hydro Power,1.01,True,2082/2083
Chaitra,176,SHPC,Sanima Mai Hydropower Ltd.,Hydro Power,0.13,True,2082/2083
Chaitra,178,SPDL,Synergy Power Development Ltd.,Hydro Power,-0.15,True,2082/2083
Chaitra,180,UMHL,United Modi Hydropower Ltd.,Hydro Power,-0.35,True,2082/2083
Chaitra,611,MEN,Mountain Energy Nepal Limited,Hydro Power,-0.33,True,2082/2083
Chaitra,617,UMRH,United IDI Mardi and RB Hydropower Ltd,Hydro Power,0.57,True,2082/2083
Chaitra,760,SAHAS,Sahas Urja Ltd.,Hydro Power,0.76,True,2082/2083
Chaitra,788,RFPL,River Falls Power Limited,Hydro Power,1.13,True,2082/2083
Chaitra,853,TAMOR,Sanima Middle Tamor Hydropower,Hydro Power,1.34,True,2082/2083
Chaitra,856,MAKAR,Makar Jitumaya Suri Hydropower Limited,Hydro Power,1.94,True,2082/2083
Chaitra,938,SIPD,Shikhar Power Development Limited,Hydro Power,2.0,True,2082/2083
Chaitra,993,HIMSTAR,Him Star Urja Company Limited,Hydro Power,4.32,True,2082/2083
Chaitra,994,DHEL,Daramkhola Hydro Energy Limited,Hydro Power,6.05,True,2082/2083
Chaitra,995,BJHL,Bhujung Hydropower Limited,Hydro Power,3.03,True,2082/2083
Chaitra,996,SANVI,Sanvi Energy Limited,Hydro Power,4.69,True,2082/2083
Chaitra,1000,MABEL,Mabilung Energy Limited,Hydro Power,9.35,True,2082/2083
Chaitra,1001,SOHL,Solu Hydropower Limited,Hydro Power,0.44,True,2082/2083
Chaitra,1003,BHCL,Bikash Hydropower Company Limited,Hydro Power,6.39,True,2082/2083
Chaitra,1004,RLEL,Ridge Line Energy Limited,Hydro Power,2.79,True,2082/2083
Chaitra,1009,BUNGAL,Bungal Hydro Limited,Hydro Power,9.12,True,2082/2083
Chaitra,1016,SKHL,Super Khudi Hydropower Limited,Hydro Power,6.74,True,2082/2083
Chaitra,1023,SKHEL,Suryakunda Hydro Electric Limited,Hydro Power,1.91,True,2082/2083
Chaitra,149,SHL,Soaltee Hotel Limited,Hotels and Tourism,0.22,True,2082/2083
Chaitra,986,HFIN,Hotel Forest Inn Limited,Hotels and Tourism,4.17,True,2082/2083
Chaitra,989,BANDIPUR,Bandipur Cable Car and Tourism Limited,Hotels and Tourism,1.85,True,2082/2083
Chaitra,238,HDL,Himalayan Distillery Limited,Manufacturing and Processing,0.59,True,2082/2083
Chaitra,242,UNL,Unilever Nepal Limited,Manufacturing and Processing,0.92,True,2082/2083
Chaitra,1035,SYPNL,SY Panel Nepal Limited,Manufacturing and Processing,1.54,True,2082/2083
Chaitra,1040,PCIL,Palpa Cement Industries Limited,Manufacturing and Processing,1.85,True,2082/2083
Chaitra,1047,SAGAR,Sagar Distillery Limited,Manufacturing and Processing,2.51,True,2082/2083
Chaitra,1089,SAIL,Shreenagar Agritech Industries Limited,Manufacturing and Processing,2.29,True,2082/2083
Chaitra,231,CIT,Citizen Investment Trust,Investment,0.03,True,2082/2083
Chaitra,572,NRN,NRN Infrastructure and Development Limited,Investment,1.75,True,2082/2083
Chaitra,891,TTL,Trade Tower Ltd.,Others,4.52,True,2082/2083
Chaitra,945,HRL,Himalayan Re-Insurance Limited,Others,0.22,True,2082/2083
Chaitra,1022,JHAPA,Jhapa Energy Limited,Others,6.69,True,2082/2083
Chaitra,764,MMF1,Mega Mutual Fund - 1,Mutual Fund,1.16,True,2082/2083
Chaitra,878,SIGS3,Siddhartha Investment Growth Scheme-3,Mutual Fund,0.93,True,2082/2083
Chaitra,949,NICGF2,NIC Asia Growth Fund-2,Mutual Fund,-0.92,True,2082/2083
Chaitra,954,NIBLSTF,NIBL Stable Fund,Mutual Fund,-0.21,True,2082/2083
Chaitra,982,MNMF1,Muktinath Mutual Fund 1,Mutual Fund,0.0,True,2082/2083
Chaitra,11,EBL,Everest Bank Limited,Commercial Banks,0.03,True,2082/2083
Chaitra,13,GBIME,Global IME Bank Limited,Commercial Banks,0.68,True,2082/2083
Chaitra,27,NABIL,Nabil Bank Limited,Commercial Banks,0.4,True,2082/2083
Chaitra,44,PCBL,Prime Commercial Bank Limited,Commercial Banks,0.63,True,2082/2083
Chaitra,46,SANIMA,Sanima Bank Limited,Commercial Banks,0.91,True,2082/2083
Chaitra,50,SCB,Standard Chartered Bank Limited,Commercial Banks,0.49,True,2082/2083
Chaitra,62,GBBL,Garima Bikas Bank Limited,Development Banks,0.48,True,2082/2083
Chaitra,70,KSBBL,Kamana Sewa Bikas Bank Limited,Development Banks,-0.39,True,2082/2083
Chaitra,1095,SABBL,Salapa Bikas Bank Limited,Development Banks,2.17,True,2082/2083
Chaitra,265,CBBL,Chhimek Laghubitta Bittiya Sanstha Limited,Microfinance,0.22,True,2082/2083
Chaitra,285,ILBS,Infinity Laghubitta Bittiya Sanstha Limited,Microfinance,0.11,True,2082/2083
Chaitra,1050,SWASTIK,Swastik Laghubita Bittiya Sanstha Limited,Microfinance,1.6,True,2082/2083
Chaitra,826,HEI,Himalayan Everest Insurance Limited,Non Life Insurance,0.77,True,2082/2083
Chaitra,873,SALICO,Sagarmatha Lumbini Insurance Company Limited,Non Life Insurance,0.68,True,2082/2083
Chaitra,876,SPIL,Siddhartha Premier Insurance Company Limited,Non Life Insurance,1.26,True,2082/2083
Chaitra,249,NLICL,National Life Insurance Co. Ltd.,Life Insurance,0.2,True,2082/2083
Chaitra,846,SJLIC,Suryajyoti Life Insurance Company Limited,Life Insurance,-0.46,True,2082/2083
Chaitra,152,API,Api Power Company Ltd.,Hydro Power,0.79,True,2082/2083
Chaitra,169,NGPL,Ngadi Group Power Ltd.,Hydro Power,1.01,True,2082/2083
Chaitra,176,SHPC,Sanima Mai Hydropower Ltd.,Hydro Power,0.13,True,2082/2083
Chaitra,178,SPDL,Synergy Power Development Ltd.,Hydro Power,-0.15,True,2082/2083
Chaitra,180,UMHL,United Modi Hydropower Ltd.,Hydro Power,-0.35,True,2082/2083
Chaitra,611,MEN,Mountain Energy Nepal Limited,Hydro Power,-0.33,True,2082/2083
Chaitra,617,UMRH,United IDI Mardi and RB Hydropower Ltd,Hydro Power,0.57,True,2082/2083
Chaitra,760,SAHAS,Sahas Urja Ltd.,Hydro Power,0.76,True,2082/2083
Chaitra,788,RFPL,River Falls Power Limited,Hydro Power,1.13,True,2082/2083
Chaitra,853,TAMOR,Sanima Middle Tamor Hydropower,Hydro Power,1.34,True,2082/2083
Chaitra,856,MAKAR,Makar Jitumaya Suri Hydropower Limited,Hydro Power,1.94,True,2082/2083
Chaitra,938,SIPD,Shikhar Power Development Limited,Hydro Power,2.0,True,2082/2083
Chaitra,993,HIMSTAR,Him Star Urja Company Limited,Hydro Power,4.32,True,2082/2083
Chaitra,994,DHEL,Daramkhola Hydro Energy Limited,Hydro Power,6.05,True,2082/2083
Chaitra,995,BJHL,Bhujung Hydropower Limited,Hydro Power,3.03,True,2082/2083
Chaitra,996,SANVI,Sanvi Energy Limited,Hydro Power,4.69,True,2082/2083
Chaitra,1000,MABEL,Mabilung Energy Limited,Hydro Power,9.35,True,2082/2083
Chaitra,1001,SOHL,Solu Hydropower Limited,Hydro Power,0.44,True,2082/2083
Chaitra,1003,BHCL,Bikash Hydropower Company Limited,Hydro Power,6.39,True,2082/2083
Chaitra,1004,RLEL,Ridge Line Energy Limited,Hydro Power,2.79,True,2082/2083
Chaitra,1009,BUNGAL,Bungal Hydro Limited,Hydro Power,9.12,True,2082/2083
Chaitra,1016,SKHL,Super Khudi Hydropower Limited,Hydro Power,6.74,True,2082/2083
Chaitra,1023,SKHEL,Suryakunda Hydro Electric Limited,Hydro Power,1.91,True,2082/2083
Chaitra,149,SHL,Soaltee Hotel Limited,Hotels and Tourism,0.22,True,2082/2083
Chaitra,986,HFIN,Hotel Forest Inn Limited,Hotels and Tourism,4.17,True,2082/2083
Chaitra,989,BANDIPUR,Bandipur Cable Car and Tourism Limited,Hotels and Tourism,1.85,True,2082/2083
Chaitra,238,HDL,Himalayan Distillery Limited,Manufacturing and Processing,0.59,True,2082/2083
Chaitra,242,UNL,Unilever Nepal Limited,Manufacturing and Processing,0.92,True,2082/2083
Chaitra,1035,SYPNL,SY Panel Nepal Limited,Manufacturing and Processing,1.54,True,2082/2083
Chaitra,1040,PCIL,Palpa Cement Industries Limited,Manufacturing and Processing,1.85,True,2082/2083
Chaitra,1047,SAGAR,Sagar Distillery Limited,Manufacturing and Processing,2.51,True,2082/2083
Chaitra,1089,SAIL,Shreenagar Agritech Industries Limited,Manufacturing and Processing,2.29,True,2082/2083
Chaitra,231,CIT,Citizen Investment Trust,Investment,0.03,True,2082/2083
Chaitra,572,NRN,NRN Infrastructure and Development Limited,Investment,1.75,True,2082/2083
Chaitra,891,TTL,Trade Tower Ltd.,Others,4.52,True,2082/2083
Chaitra,945,HRL,Himalayan Re-Insurance Limited,Others,0.22,True,2082/2083
Chaitra,1022,JHAPA,Jhapa Energy Limited,Others,6.69,True,2082/2083
Chaitra,764,MMF1,Mega Mutual Fund - 1,Mutual Fund,1.16,True,2082/2083
Chaitra,878,SIGS3,Siddhartha Investment Growth Scheme-3,Mutual Fund,0.93,True,2082/2083
Chaitra,949,NICGF2,NIC Asia Growth Fund-2,Mutual Fund,-0.92,True,2082/2083
Chaitra,954,NIBLSTF,NIBL Stable Fund,Mutual Fund,-0.21,True,2082/2083
Chaitra,982,MNMF1,Muktinath Mutual Fund 1,Mutual Fund,0.0,True,2082/2083
Mangsir,2,ADBL,Agricultural Development Bank Limited,Commercial Banks,-0.16,True,2082/2083
Mangsir,11,EBL,Everest Bank Limited,Commercial Banks,0.03,True,2082/2083
Mangsir,13,GBIME,Global IME Bank Limited,Commercial Banks,0.68,True,2082/2083
Mangsir,15,HBL,Himalayan Bank Limited,Commercial Banks,-0.88,True,2082/2083
Mangsir,27,NABIL,Nabil Bank Limited,Commercial Banks,0.4,True,2082/2083
Mangsir,31,NBL,Nepal Bank Limited,Commercial Banks,-0.93,True,2082/2083
Mangsir,37,SBI,Nepal SBI Bank Limited,Commercial Banks,1.63,True,2082/2083
Mangsir,38,NICA,NIC Asia Bank Ltd.,Commercial Banks,0.28,True,2082/2083
Mangsir,40,NMB,NMB Bank Limited,Commercial Banks,1.06,True,2082/2083
Mangsir,42,PRVU,Prabhu Bank Limited,Commercial Banks,0.76,True,2082/2083
Mangsir,44,PCBL,Prime Commercial Bank Limited,Commercial Banks,0.63,True,2082/2083
Mangsir,46,SANIMA,Sanima Bank Limited,Commercial Banks,0.91,True,2082/2083
Mangsir,48,SBL,Siddhartha Bank Limited,Commercial Banks,1.24,True,2082/2083
Mangsir,50,SCB,Standard Chartered Bank Limited,Commercial Banks,0.49,True,2082/2083
Mangsir,808,NIMB,Nepal Investment Mega Bank Limited,Commercial Banks,1.28,True,2082/2083
Mangsir,922,LSL,Laxmi Sunrise Bank Limited,Commercial Banks,1.3,True,2082/2083
Mangsir,62,GBBL,Garima Bikas Bank Limited,Development Banks,0.48,True,2082/2083
Mangsir,70,KSBBL,Kamana Sewa Bikas Bank Limited,Development Banks,-0.39,True,2082/2083
Mangsir,80,MLBL,Mahalaxmi Bikas Bank Ltd.,Development Banks,0.25,True,2082/2083
Mangsir,98,SADBL,Shangrila Development Bank Ltd.,Development Banks,0.34,True,2082/2083
Mangsir,412,NABBC,Narayani Development Bank Limited,Development Banks,-1.03,True,2082/2083
Mangsir,118,GMFIL,Guheshowori Merchant Bank & Finance Co. Ltd.,Finance,0.41,True,2082/2083
Mangsir,120,GUFL,Gurkhas Finance Ltd.,Finance,0.94,True,2082/2083
Mangsir,124,JFL,Janaki Finance Company Ltd.,Finance,0.0,True,2082/2083
Mangsir,265,CBBL,Chhimek Laghubitta Bittiya Sanstha Limited,Microfinance,0.22,True,2082/2083
Mangsir,271,FMDBL,First Micro Finance Development Bank Ltd.,Microfinance,-0.59,True,2082/2083
Mangsir,280,GILB,Global IME Laghubitta Bittiya Sanstha Ltd.,Microfinance,0.44,True,2082/2083
Mangsir,285,ILBS,Infinity Laghubitta Bittiya Sanstha Limited,Microfinance,0.11,True,2082/2083
Mangsir,293,LLBS,Laxmi Laghubitta Bittiya Sanstha Ltd.,Microfinance,-0.62,True,2082/2083
Mangsir,331,SLBSL,Samudayik Laghubitta Bittiya Sanstha Limited,Microfinance,-0.51,True,2082/2083
Mangsir,584,NICLBSL,NIC ASIA Laghubitta Bittiya Sanstha Limited,Microfinance,1.72,True,2082/2083
Mangsir,795,SWMF,Suryodaya Womi Laghubitta Bittiya Sanstha Limited,Microfinance,0.62,True,2082/2083
Mangsir,946,NMLBBL,Nerude Mirmire Laghubitta Bittiya Sanstha Limited,Microfinance,0.68,True,2082/2083
Mangsir,979,MATRI,Matribhumi Laghubitta Bittiya Sanstha Limited,Microfinance,0.56,True,2082/2083
Mangsir,1050,SWASTIK,Swastik Laghubita Bittiya Sanstha Limited,Microfinance,1.6,True,2082/2083
Mangsir,210,NIL,Neco Insurance Co. Ltd.,Non Life Insurance,0.99,True,2082/2083
Mangsir,211,NICL,Nepal Insurance Co. Ltd.,Non Life Insurance,1.02,True,2082/2083
Mangsir,225,SICL,Shikhar Insurance Co. Ltd.,Non Life Insurance,0.18,True,2082/2083
Mangsir,826,HEI,Himalayan Everest Insurance Limited,Non Life Insurance,0.77,True,2082/2083
Mangsir,873,SALICO,Sagarmatha Lumbini Insurance Company Limited,Non Life Insurance,0.68,True,2082/2083
Mangsir,876,SPIL,Siddhartha Premier Insurance Company Limited,Non Life Insurance,1.26,True,2082/2083
Mangsir,1052,NMIC,Nepal Micro Insurance Company Limited,Non Life Insurance,-1.44,True,2082/2083
Mangsir,249,NLICL,National Life Insurance Co. Ltd.,Life Insurance,0.2,True,2082/2083
Mangsir,251,NLIC,Nepal Life Insurance Co. Ltd.,Life Insurance,0.1,True,2082/2083
Mangsir,846,SJLIC,Suryajyoti Life Insurance Company Limited,Life Insurance,-0.46,True,2082/2083
Mangsir,908,HLI,Himalayan Life Insurance Limited,Life Insurance,0.83,True,2082/2083
Mangsir,921,SNLI,Sun Nepal Life Insurance Company Limited,Life Insurance,-0.62,True,2082/2083
Mangsir,925,PMLI,Prabhu Mahalaxmi Life Insurance Limited,Life Insurance,0.86,True,2082/2083
Mangsir,983,GMLI,Guardian Micro-Life Insurance Company Limited,Life Insurance,-0.32,True,2082/2083
Mangsir,1051,CREST,Crest Micro Life Insurance Limited,Life Insurance,14.81,True,2082/2083
Mangsir,152,API,Api Power Company Ltd.,Hydro Power,0.79,True,2082/2083
Mangsir,156,BPCL,Butwal Power Company Limited,Hydro Power,-0.4,True,2082/2083
Mangsir,158,CHCL,Chilime Hydropower Company Limited,Hydro Power,0.63,True,2082/2083
Mangsir,169,NGPL,Ngadi Group Power Ltd.,Hydro Power,1.01,True,2082/2083
Mangsir,171,PPCL,Panchthar Power Company Limited,Hydro Power,0.08,True,2082/2083
Mangsir,172,RADHI,Radhi Bidyut Company Ltd,Hydro Power,1.29,True,2082/2083
Mangsir,174,RHPL,Rasuwagadhi Hydropower Company Limited,Hydro Power,0.0,True,2082/2083
Mangsir,176,SHPC,Sanima Mai Hydropower Ltd.,Hydro Power,0.13,True,2082/2083
Mangsir,179,UNHPL,Union Hydropower Limited,Hydro Power,1.17,True,2082/2083
Mangsir,181,UPCL,Universal Power Company Limited,Hydro Power,1.17,True,2082/2083
Mangsir,577,TVCL,Trishuli Jal Vidhyut Company Limited,Hydro Power,1.34,True,2082/2083
Mangsir,581,MKJC,Mailung Khola Jal Vidhyut Company Limited,Hydro Power,-2.1,True,2082/2083
Mangsir,611,MEN,Mountain Energy Nepal Limited,Hydro Power,-0.33,True,2082/2083
Mangsir,617,UMRH,United IDI Mardi and RB Hydropower Ltd,Hydro Power,0.57,True,2082/2083
Mangsir,628,SHEL,Singati Hydro Energy Limited,Hydro Power,1.27,True,2082/2083
Mangsir,731,MBJC,Madhya Bhotekoshi Jalavidyut Company Limited,Hydro Power,0.7,True,2082/2083
Mangsir,760,SAHAS,Sahas Urja Ltd.,Hydro Power,0.76,True,2082/2083
Mangsir,762,NYADI,Nyadi Hydropower Limited,Hydro Power,2.11,True,2082/2083
Mangsir,788,RFPL,River Falls Power Limited,Hydro Power,1.13,True,2082/2083
Mangsir,794,HHL,Himalayan Hydropower Limited,Hydro Power,2.33,True,2082/2083
Mangsir,853,TAMOR,Sanima Middle Tamor Hydropower,Hydro Power,1.34,True,2082/2083
Mangsir,856,MAKAR,Makar Jitumaya Suri Hydropower Limited,Hydro Power,1.94,True,2082/2083
Mangsir,893,VLUCL,Vision Lumbini Urja Company Limited,Hydro Power,-0.3,True,2082/2083
Mangsir,993,HIMSTAR,Him Star Urja Company Limited,Hydro Power,4.32,True,2082/2083
Mangsir,994,DHEL,Daramkhola Hydro Energy Limited,Hydro Power,6.05,True,2082/2083
Mangsir,996,SANVI,Sanvi Energy Limited,Hydro Power,4.69,True,2082/2083
Mangsir,1000,MABEL,Mabilung Energy Limited,Hydro Power,9.35,True,2082/2083
Mangsir,1003,BHCL,Bikash Hydropower Company Limited,Hydro Power,6.39,True,2082/2083
Mangsir,1009,BUNGAL,Bungal Hydro Limited,Hydro Power,9.12,True,2082/2083
Mangsir,149,SHL,Soaltee Hotel Limited,Hotels and Tourism,0.22,True,2082/2083
Mangsir,620,CGH,Chandragiri Hills Limited,Hotels and Tourism,0.0,True,2082/2083
Mangsir,877,CITY,City Hotel Limited,Hotels and Tourism,-1.04,True,2082/2083
Mangsir,989,BANDIPUR,Bandipur Cable Car and Tourism Limited,Hotels and Tourism,1.85,True,2082/2083
Mangsir,236,BNT,Bottlers Nepal (Terai) Limited,Manufacturing and Processing,-1.77,True,2082/2083
Mangsir,237,BNL,Bottlers Nepal (Balaju) Limited,Manufacturing and Processing,3.0,True,2082/2083
Mangsir,238,HDL,Himalayan Distillery Limited,Manufacturing and Processing,0.59,True,2082/2083
Mangsir,240,SHIVM,Shivam Cement Ltd.,Manufacturing and Processing,0.96,True,2082/2083
Mangsir,242,UNL,Unilever Nepal Limited,Manufacturing and Processing,0.92,True,2082/2083
Mangsir,889,SONA,Sonapur Minerals and Oil Ltd,Manufacturing and Processing,2.67,True,2082/2083
Mangsir,1035,SYPNL,SY Panel Nepal Limited,Manufacturing and Processing,1.54,True,2082/2083
Mangsir,1039,OMPL,Om Megashree Pharmaceuticals Limited,Manufacturing and Processing,1.72,True,2082/2083
Mangsir,1047,SAGAR,Sagar Distillery Limited,Manufacturing and Processing,2.51,True,2082/2083
Mangsir,1089,SAIL,Shreenagar Agritech Industries Limited,Manufacturing and Processing,2.29,True,2082/2083
Mangsir,231,CIT,Citizen Investment Trust,Investment,0.03,True,2082/2083
Mangsir,572,NRN,NRN Infrastructure and Development Limited,Investment,1.75,True,2082/2083
Mangsir,625,NIFRA,Nepal Infrastructure Bank Limited,Investment,0.49,True,2082/2083
Mangsir,727,CHDC,CEDB Holdings Limited,Investment,1.55,True,2082/2083
Mangsir,780,ENL,Emerging Nepal Limited,Investment,-0.11,True,2082/2083
Mangsir,235,STC,Salt Trading Corporation,Tradings,-0.5,True,2082/2083
Mangsir,573,NRIC,Nepal Reinsurance Company Limited,Others,-0.42,True,2082/2083
Mangsir,891,TTL,Trade Tower Ltd.,Others,4.52,True,2082/2083
Mangsir,892,NWCL,Nepal Warehousing Company Ltd,Others,2.16,True,2082/2083
Mangsir,945,HRL,Himalayan Re-Insurance Limited,Others,0.22,True,2082/2083
Mangsir,1022,JHAPA,Jhapa Energy Limited,Others,6.69,True,2082/2083
Mangsir,1060,PURE,Pure Energy Limited,Others,1.65,True,2082/2083
Mangsir,728,NIBSF2,NIBL Samriddhi Fund - II,Mutual Fund,0.65,True,2082/2083
Mangsir,764,MMF1,Mega Mutual Fund - 1,Mutual Fund,1.16,True,2082/2083
Mangsir,833,SAGF,Sanima Growth Fund,Mutual Fund,0.0,True,2082/2083
Mangsir,849,NIBLGF,NIBL Growth Fund,Mutual Fund,2.91,True,2082/2083
Mangsir,850,SFEF,Sunrise Focused Equity Fund,Mutual Fund,-1.36,True,2082/2083
Mangsir,878,SIGS3,Siddhartha Investment Growth Scheme-3,Mutual Fund,0.93,True,2082/2083
Mangsir,949,NICGF2,NIC Asia Growth Fund-2,Mutual Fund,-0.92,True,2082/2083
Mangsir,954,NIBLSTF,NIBL Stable Fund,Mutual Fund,-0.21,True,2082/2083
Mangsir,1049,GSY,Garima Samriddhi Yojana,Mutual Fund,0.0,True,2082/2083
Mangsir,1066,NMBHF2,NMB Hydrid Fund L-II,Mutual Fund,-1.73,True,2082/2083
Mangsir,1072,RSY,Reliable Samriddhi Yojana,Mutual Fund,1.87,True,2082/2083
Shrawan,11,EBL,Everest Bank Limited,Commercial Banks,0.03,True,2081/2082
Shrawan,13,GBIME,Global IME Bank Limited,Commercial Banks,0.68,True,2081/2082
Shrawan,37,SBI,Nepal SBI Bank Limited,Commercial Banks,1.63,True,2081/2082
Shrawan,40,NMB,NMB Bank Limited,Commercial Banks,1.06,True,2081/2082
Shrawan,46,SANIMA,Sanima Bank Limited,Commercial Banks,0.91,True,2081/2082
Shrawan,50,SCB,Standard Chartered Bank Limited,Commercial Banks,0.49,True,2081/2082
Shrawan,922,LSL,Laxmi Sunrise Bank Limited,Commercial Banks,1.3,True,2081/2082
Shrawan,62,GBBL,Garima Bikas Bank Limited,Development Banks,0.48,True,2081/2082
Shrawan,84,MNBBL,Muktinath Bikas Bank Ltd.,Development Banks,0.21,True,2081/2082
Shrawan,100,SHINE,Shine Resunga Development Bank Ltd.,Development Banks,-0.22,True,2081/2082
Shrawan,128,MFIL,Manjushree Finance Ltd.,Finance,-0.37,True,2081/2082
Shrawan,132,NFS,Nepal Finance Ltd.,Finance,0.37,True,2081/2082
Shrawan,265,CBBL,Chhimek Laghubitta Bittiya Sanstha Limited,Microfinance,0.22,True,2081/2082
Shrawan,271,FMDBL,First Micro Finance Development Bank Ltd.,Microfinance,-0.59,True,2081/2082
Shrawan,284,GLBSL,Gurans Laghubitta Bittiya Sanstha Limited,Microfinance,1.01,True,2081/2082
Shrawan,210,NIL,Neco Insurance Co. Ltd.,Non Life Insurance,0.99,True,2081/2082
Shrawan,211,NICL,Nepal Insurance Co. Ltd.,Non Life Insurance,1.02,True,2081/2082
Shrawan,826,HEI,Himalayan Everest Insurance Limited,Non Life Insurance,0.77,True,2081/2082
Shrawan,873,SALICO,Sagarmatha Lumbini Insurance Company Limited,Non Life Insurance,0.68,True,2081/2082
Shrawan,876,SPIL,Siddhartha Premier Insurance Company Limited,Non Life Insurance,1.26,True,2081/2082
Shrawan,919,UAIL,United Ajod Insurance Limited,Non Life Insurance,0.25,True,2081/2082
Shrawan,243,ALICL,Asian Life Insurance Co. Limited,Life Insurance,-0.53,True,2081/2082
Shrawan,247,LICN,Life Insurance Corporation (Nepal) Limited,Life Insurance,-0.72,True,2081/2082
Shrawan,249,NLICL,National Life Insurance Co. Ltd.,Life Insurance,0.2,True,2081/2082
Shrawan,251,NLIC,Nepal Life Insurance Co. Ltd.,Life Insurance,0.1,True,2081/2082
Shrawan,846,SJLIC,Suryajyoti Life Insurance Company Limited,Life Insurance,-0.46,True,2081/2082
Shrawan,152,API,Api Power Company Ltd.,Hydro Power,0.79,True,2081/2082
Shrawan,153,AKPL,Arun Kabeli Power Ltd.,Hydro Power,1.52,True,2081/2082
Shrawan,160,GHL,Ghalemdi Hydro Limited,Hydro Power,2.11,True,2081/2082
Shrawan,161,HURJA,Himalaya Urja Bikas Company Limited,Hydro Power,2.18,True,2081/2082
Shrawan,171,PPCL,Panchthar Power Company Limited,Hydro Power,0.08,True,2081/2082
Shrawan,176,SHPC,Sanima Mai Hydropower Ltd.,Hydro Power,0.13,True,2081/2082
Shrawan,578,SSHL,Shiva Shree Hydropower Limited,Hydro Power,2.54,True,2081/2082
Shrawan,611,MEN,Mountain Energy Nepal Limited,Hydro Power,-0.33,True,2081/2082
Shrawan,760,SAHAS,Sahas Urja Ltd.,Hydro Power,0.76,True,2081/2082
Shrawan,832,PHCL,Peoples Hydropower Company Limited,Hydro Power,0.06,True,2081/2082
Shrawan,856,MAKAR,Makar Jitumaya Suri Hydropower Limited,Hydro Power,1.94,True,2081/2082
Shrawan,893,VLUCL,Vision Lumbini Urja Company Limited,Hydro Power,-0.3,True,2081/2082
Shrawan,902,CKHL,Chirkhwa Hydro Power Ltd,Hydro Power,0.66,True,2081/2082
Shrawan,903,MMKJL,Mathillo Mailun Khola Jalvidhyut Limited,Hydro Power,-0.6,True,2081/2082
Shrawan,149,SHL,Soaltee Hotel Limited,Hotels and Tourism,0.22,True,2081/2082
Shrawan,150,TRH,Taragaon Regency Hotel Limited,Hotels and Tourism,0.35,True,2081/2082
Shrawan,236,BNT,Bottlers Nepal (Terai) Limited,Manufacturing and Processing,-1.77,True,2081/2082
Shrawan,240,SHIVM,Shivam Cement Ltd.,Manufacturing and Processing,0.96,True,2081/2082
Shrawan,242,UNL,Unilever Nepal Limited,Manufacturing and Processing,0.92,True,2081/2082
Shrawan,674,SARBTM,Sarbottam Cement Limited,Manufacturing and Processing,0.23,True,2081/2082
Shrawan,231,CIT,Citizen Investment Trust,Investment,0.03,True,2081/2082
Shrawan,572,NRN,NRN Infrastructure and Development Limited,Investment,1.75,True,2081/2082
Shrawan,888,MKCL,Muktinath Krishi Company Ltd.,Others,0.86,True,2081/2082
Shrawan,892,NWCL,Nepal Warehousing Company Ltd,Others,2.16,True,2081/2082
Shrawan,945,HRL,Himalayan Re-Insurance Limited,Others,0.22,True,2081/2082
Shrawan,884,RMF2,RBB Mutual Fund 2,Mutual Fund,3.96,True,2081/2082
Shrawan,949,NICGF2,NIC Asia Growth Fund-2,Mutual Fund,-0.92,True,2081/2082
Shrawan,954,NIBLSTF,NIBL Stable Fund,Mutual Fund,-0.21,True,2081/2082
